id_room_in_booking;id_booking;id_room;checkin_date;checkout_date
1;1;71;2019-03-02;2019-03-09
2;2;147;2019-05-12;2019-05-15
3;3;93;2019-05-07;2019-05-15
4;4;108;2019-03-06;2019-03-15
5;5;42;2019-03-19;2019-03-20
6;6;132;2019-03-01;2019-03-08
7;7;161;2019-03-01;2019-03-05
8;8;84;2019-04-07;2019-04-13
9;9;22;2019-04-03;2019-04-07
10;10;174;2019-05-14;2019-05-15
11;11;128;2019-04-13;2019-04-23
12;12;98;2019-05-06;2019-05-08
13;13;21;2019-03-01;2019-03-02
14;14;64;2019-04-11;2019-04-14
15;15;157;2019-04-25;2019-04-30
16;16;93;2019-03-22;2019-03-24
17;17;9;2019-03-20;2019-03-25
18;18;63;2019-03-04;2019-03-07
19;19;122;2019-05-31;2019-06-09
20;20;26;2019-03-30;2019-04-03
21;21;144;2019-03-01;2019-03-07
22;22;162;2019-03-30;2019-04-07
23;23;2;2019-04-07;2019-04-15
24;24;147;2019-03-06;2019-03-12
25;25;23;2019-05-25;2019-05-26
26;26;134;2019-05-24;2019-06-01
27;27;140;2019-05-05;2019-05-15
28;28;33;2019-03-07;2019-03-17
29;29;15;2019-04-20;2019-04-27
30;30;124;2019-04-26;2019-05-01
31;31;138;2019-05-06;2019-05-08
32;32;66;2019-04-22;2019-04-24
33;33;41;2019-03-09;2019-03-15
34;34;30;2019-04-20;2019-04-24
35;35;94;2019-05-01;2019-05-08
36;36;9;2019-04-25;2019-05-04
37;37;17;2019-04-28;2019-05-04
38;38;113;2019-03-15;2019-03-21
39;39;172;2019-03-31;2019-04-08
40;40;170;2019-03-21;2019-03-30
41;41;56;2019-03-15;2019-03-18
42;42;162;2019-03-31;2019-04-03
43;43;74;2019-03-15;2019-03-22
44;44;150;2019-05-05;2019-05-15
45;45;10;2019-04-19;2019-04-28
46;46;126;2019-03-17;2019-03-23
47;47;4;2019-04-19;2019-04-26
48;48;122;2019-03-23;2019-03-26
49;49;77;2019-03-12;2019-03-21
50;50;153;2019-03-08;2019-03-18
51;51;82;2019-03-04;2019-03-07
52;52;51;2019-03-14;2019-03-19
53;53;142;2019-04-13;2019-04-17
54;54;101;2019-03-16;2019-03-22
55;55;103;2019-03-28;2019-03-30
56;56;118;2019-04-12;2019-04-15
57;57;150;2019-03-23;2019-04-01
58;58;32;2019-04-15;2019-04-17
59;59;87;2019-04-19;2019-04-24
60;60;128;2019-04-27;2019-04-29
61;61;52;2019-03-25;2019-04-04
62;62;17;2019-03-14;2019-03-24
63;63;60;2019-03-25;2019-04-02
64;64;83;2019-03-01;2019-03-08
65;65;66;2019-03-04;2019-03-12
66;66;134;2019-03-10;2019-03-15
67;67;29;2019-03-18;2019-03-28
68;68;73;2019-03-02;2019-03-06
69;69;111;2019-03-04;2019-03-14
70;70;8;2019-04-28;2019-05-07
71;71;64;2019-05-02;2019-05-04
72;72;180;2019-05-30;2019-06-08
73;73;71;2019-03-11;2019-03-14
74;74;180;2019-03-19;2019-03-29
75;75;99;2019-03-17;2019-03-23
76;76;27;2019-05-04;2019-05-09
77;77;146;2019-03-30;2019-04-06
78;78;105;2019-05-27;2019-06-04
79;79;15;2019-05-07;2019-05-13
80;80;57;2019-05-21;2019-05-31
81;81;140;2019-03-08;2019-03-14
82;82;179;2019-03-22;2019-03-23
83;83;136;2019-05-11;2019-05-16
84;84;88;2019-04-22;2019-05-02
85;85;167;2019-04-17;2019-04-23
86;86;70;2019-05-30;2019-06-02
87;87;56;2019-04-23;2019-04-28
88;88;29;2019-05-30;2019-06-02
89;89;135;2019-04-09;2019-04-16
90;90;86;2019-05-25;2019-05-26
91;91;89;2019-05-21;2019-05-28
92;92;63;2019-05-18;2019-05-28
93;93;164;2019-04-08;2019-04-13
94;94;152;2019-03-09;2019-03-12
95;95;119;2019-05-20;2019-05-26
96;96;19;2019-03-07;2019-03-17
97;97;39;2019-04-11;2019-04-19
98;98;154;2019-03-23;2019-03-24
99;99;140;2019-04-08;2019-04-15
100;100;41;2019-04-20;2019-04-26
101;101;148;2019-04-04;2019-04-12
102;102;32;2019-04-19;2019-04-21
103;103;44;2019-03-06;2019-03-09
104;104;125;2019-04-30;2019-05-10
105;105;97;2019-05-04;2019-05-05
106;106;151;2019-04-12;2019-04-20
107;107;29;2019-05-25;2019-06-01
108;108;78;2019-04-09;2019-04-16
109;109;80;2019-05-25;2019-05-29
110;110;35;2019-05-31;2019-06-02
111;111;174;2019-05-12;2019-05-16
112;112;23;2019-03-15;2019-03-18
113;113;96;2019-03-01;2019-03-08
114;114;9;2019-03-25;2019-04-03
115;115;67;2019-04-21;2019-04-26
116;116;79;2019-04-10;2019-04-17
117;117;13;2019-04-14;2019-04-18
118;118;15;2019-05-10;2019-05-16
119;119;68;2019-05-05;2019-05-08
120;120;158;2019-04-25;2019-04-29
121;121;138;2019-03-16;2019-03-24
122;122;72;2019-03-29;2019-04-05
123;123;145;2019-04-26;2019-05-02
124;124;80;2019-03-09;2019-03-19
125;125;124;2019-03-06;2019-03-15
126;126;180;2019-03-29;2019-04-03
127;127;164;2019-03-18;2019-03-20
128;128;23;2019-05-15;2019-05-24
129;129;171;2019-05-03;2019-05-04
130;130;127;2019-04-13;2019-04-14
131;131;17;2019-04-25;2019-05-02
132;132;128;2019-04-18;2019-04-26
133;133;1;2019-04-10;2019-04-15
134;134;14;2019-04-05;2019-04-13
135;135;108;2019-03-17;2019-03-19
136;136;34;2019-03-29;2019-04-06
137;137;168;2019-05-12;2019-05-18
138;138;90;2019-05-07;2019-05-12
139;139;147;2019-04-20;2019-04-21
140;140;11;2019-03-30;2019-04-07
141;141;170;2019-05-29;2019-06-03
142;142;49;2019-05-16;2019-05-23
143;143;14;2019-05-17;2019-05-24
144;144;112;2019-03-28;2019-03-31
145;145;140;2019-03-22;2019-03-28
146;146;64;2019-04-15;2019-04-16
147;147;107;2019-05-04;2019-05-05
148;148;160;2019-04-02;2019-04-09
149;149;80;2019-03-28;2019-03-30
150;150;72;2019-03-11;2019-03-12
151;151;22;2019-03-07;2019-03-13
152;152;68;2019-03-24;2019-03-28
153;153;164;2019-03-19;2019-03-28
154;154;176;2019-05-10;2019-05-16
155;155;1;2019-05-07;2019-05-09
156;156;8;2019-05-11;2019-05-14
157;157;111;2019-05-09;2019-05-19
158;158;8;2019-04-07;2019-04-11
159;159;81;2019-04-10;2019-04-16
160;160;114;2019-03-17;2019-03-19
161;161;165;2019-05-05;2019-05-08
162;162;95;2019-05-23;2019-05-30
163;163;4;2019-03-06;2019-03-07
164;164;177;2019-04-03;2019-04-12
165;165;97;2019-03-29;2019-03-30
166;166;16;2019-04-24;2019-04-30
167;167;3;2019-05-13;2019-05-17
168;168;10;2019-04-14;2019-04-24
169;169;145;2019-04-20;2019-04-28
170;170;104;2019-04-11;2019-04-20
171;171;132;2019-03-11;2019-03-18
172;172;58;2019-04-27;2019-05-03
173;173;81;2019-03-05;2019-03-07
174;174;6;2019-03-22;2019-03-24
175;175;124;2019-04-17;2019-04-22
176;176;41;2019-03-23;2019-04-01
177;177;72;2019-05-04;2019-05-09
178;178;77;2019-04-28;2019-04-29
179;179;151;2019-04-20;2019-04-26
180;180;98;2019-04-18;2019-04-28
181;181;101;2019-05-18;2019-05-19
182;182;57;2019-03-06;2019-03-08
183;183;52;2019-05-31;2019-06-02
184;184;146;2019-05-14;2019-05-24
185;185;104;2019-04-29;2019-05-08
186;186;108;2019-03-30;2019-04-04
187;187;6;2019-05-09;2019-05-19
188;188;117;2019-04-16;2019-04-22
189;189;40;2019-03-06;2019-03-08
190;190;160;2019-04-27;2019-04-30
191;191;178;2019-05-16;2019-05-21
192;192;72;2019-04-27;2019-04-30
193;193;71;2019-04-24;2019-04-25
194;194;121;2019-04-07;2019-04-13
195;195;50;2019-05-27;2019-06-02
196;196;173;2019-04-06;2019-04-07
197;197;120;2019-03-31;2019-04-05
198;198;175;2019-03-20;2019-03-26
199;199;33;2019-03-21;2019-03-28
200;200;25;2019-03-26;2019-04-04
201;201;18;2019-05-27;2019-05-30
202;202;51;2019-05-09;2019-05-15
203;203;19;2019-03-09;2019-03-11
204;204;180;2019-05-26;2019-06-05
205;205;31;2019-03-08;2019-03-18
206;206;17;2019-05-30;2019-06-06
207;207;120;2019-03-25;2019-03-30
208;208;177;2019-05-11;2019-05-16
209;209;85;2019-04-12;2019-04-16
210;210;22;2019-05-28;2019-05-29
211;211;8;2019-04-10;2019-04-14
212;212;153;2019-03-15;2019-03-18
213;213;21;2019-05-21;2019-05-22
214;214;98;2019-03-11;2019-03-13
215;215;21;2019-04-09;2019-04-10
216;216;78;2019-04-22;2019-04-27
217;217;140;2019-05-16;2019-05-18
218;218;70;2019-03-19;2019-03-28
219;219;66;2019-03-03;2019-03-05
220;220;25;2019-05-24;2019-06-02
221;221;31;2019-05-27;2019-05-28
222;222;43;2019-05-31;2019-06-01
223;223;128;2019-03-11;2019-03-13
224;224;177;2019-04-12;2019-04-14
225;225;68;2019-03-11;2019-03-21
226;226;125;2019-05-08;2019-05-13
227;227;79;2019-04-06;2019-04-15
228;228;137;2019-05-11;2019-05-13
229;229;104;2019-05-30;2019-06-02
230;230;29;2019-04-13;2019-04-14
231;231;168;2019-03-07;2019-03-10
232;232;30;2019-03-29;2019-04-03
233;233;169;2019-03-26;2019-04-05
234;234;51;2019-03-28;2019-04-06
235;235;120;2019-03-20;2019-03-27
236;236;119;2019-05-28;2019-06-03
237;237;174;2019-05-05;2019-05-15
238;238;103;2019-04-25;2019-05-02
239;239;8;2019-05-27;2019-05-28
240;240;137;2019-05-10;2019-05-14
241;241;145;2019-04-27;2019-05-06
242;242;144;2019-05-13;2019-05-17
243;243;180;2019-04-15;2019-04-16
244;244;162;2019-03-14;2019-03-24
245;245;69;2019-05-17;2019-05-27
246;246;115;2019-04-25;2019-04-29
247;247;122;2019-04-01;2019-04-08
248;248;9;2019-04-15;2019-04-23
249;249;35;2019-05-17;2019-05-27
250;250;135;2019-03-16;2019-03-17
251;251;94;2019-04-29;2019-05-06
252;252;145;2019-05-03;2019-05-05
253;253;114;2019-03-04;2019-03-09
254;254;54;2019-03-05;2019-03-12
255;255;140;2019-04-13;2019-04-17
256;256;141;2019-05-26;2019-06-03
257;257;127;2019-04-12;2019-04-22
258;258;10;2019-05-13;2019-05-17
259;259;68;2019-05-01;2019-05-10
260;260;31;2019-04-18;2019-04-28
261;261;75;2019-03-01;2019-03-11
262;262;22;2019-04-06;2019-04-10
263;263;99;2019-03-01;2019-03-11
264;264;135;2019-03-31;2019-04-04
265;265;84;2019-04-08;2019-04-17
266;266;67;2019-05-18;2019-05-25
267;267;36;2019-04-09;2019-04-18
268;268;163;2019-03-08;2019-03-17
269;269;61;2019-05-01;2019-05-11
270;270;161;2019-03-06;2019-03-11
271;271;57;2019-03-17;2019-03-22
272;272;12;2019-04-11;2019-04-14
273;273;26;2019-03-22;2019-03-23
274;274;20;2019-05-24;2019-05-31
275;275;153;2019-03-18;2019-03-27
276;276;4;2019-05-22;2019-05-29
277;277;154;2019-05-25;2019-05-28
278;278;154;2019-04-17;2019-04-26
279;279;119;2019-03-25;2019-03-27
280;280;152;2019-04-08;2019-04-15
281;281;132;2019-05-06;2019-05-11
282;282;20;2019-03-25;2019-04-02
283;283;20;2019-03-06;2019-03-13
284;284;34;2019-03-11;2019-03-17
285;285;12;2019-03-20;2019-03-25
286;286;149;2019-04-22;2019-04-26
287;287;55;2019-03-16;2019-03-17
288;288;44;2019-05-12;2019-05-13
289;289;52;2019-03-29;2019-04-04
290;290;62;2019-04-16;2019-04-19
291;291;161;2019-03-15;2019-03-17
292;292;105;2019-05-13;2019-05-19
293;293;161;2019-03-10;2019-03-17
294;294;24;2019-03-08;2019-03-14
295;295;48;2019-03-18;2019-03-28
296;296;93;2019-05-19;2019-05-26
297;297;29;2019-05-21;2019-05-27
298;298;63;2019-05-07;2019-05-08
299;299;126;2019-03-13;2019-03-23
300;300;32;2019-03-06;2019-03-07
301;301;140;2019-05-09;2019-05-13
302;302;173;2019-03-19;2019-03-29
303;303;134;2019-04-22;2019-04-29
304;304;115;2019-05-28;2019-06-04
305;305;108;2019-05-02;2019-05-10
306;306;64;2019-03-06;2019-03-16
307;307;8;2019-03-12;2019-03-19
308;308;167;2019-04-13;2019-04-23
309;309;43;2019-05-07;2019-05-10
310;310;135;2019-04-30;2019-05-01
311;311;165;2019-03-17;2019-03-27
312;312;133;2019-05-25;2019-05-31
313;313;65;2019-05-30;2019-06-07
314;314;151;2019-04-13;2019-04-21
315;315;159;2019-05-18;2019-05-28
316;316;95;2019-03-17;2019-03-24
317;317;114;2019-05-15;2019-05-23
318;318;17;2019-04-08;2019-04-13
319;319;37;2019-04-18;2019-04-21
320;320;54;2019-03-02;2019-03-05
321;321;39;2019-03-04;2019-03-06
322;322;38;2019-04-03;2019-04-10
323;323;150;2019-05-30;2019-06-08
324;324;98;2019-05-18;2019-05-23
325;325;5;2019-03-16;2019-03-19
326;326;174;2019-03-19;2019-03-29
327;327;70;2019-03-02;2019-03-06
328;328;149;2019-04-21;2019-04-25
329;329;8;2019-03-23;2019-03-26
330;330;53;2019-03-24;2019-03-25
331;331;135;2019-05-12;2019-05-20
332;332;88;2019-05-09;2019-05-11
333;333;145;2019-05-26;2019-06-02
334;334;77;2019-03-16;2019-03-20
335;335;120;2019-04-24;2019-04-27
336;336;67;2019-05-23;2019-05-28
337;337;7;2019-05-22;2019-05-25
338;338;37;2019-04-23;2019-04-27
339;339;144;2019-05-23;2019-06-01
340;340;126;2019-05-22;2019-05-29
341;341;32;2019-03-23;2019-04-02
342;342;123;2019-03-17;2019-03-18
343;343;113;2019-03-25;2019-04-03
344;344;120;2019-04-28;2019-05-05
345;345;162;2019-04-05;2019-04-10
346;346;19;2019-05-13;2019-05-18
347;347;158;2019-03-19;2019-03-24
348;348;174;2019-05-27;2019-05-29
349;349;177;2019-05-01;2019-05-07
350;350;36;2019-03-22;2019-03-31
351;351;149;2019-04-23;2019-05-01
352;352;3;2019-04-05;2019-04-06
353;353;2;2019-05-19;2019-05-22
354;354;5;2019-05-31;2019-06-06
355;355;67;2019-04-20;2019-04-28
356;356;122;2019-05-08;2019-05-13
357;357;9;2019-05-14;2019-05-21
358;358;73;2019-05-07;2019-05-11
359;359;51;2019-04-12;2019-04-13
360;360;58;2019-03-21;2019-03-22
361;361;2;2019-04-16;2019-04-26
362;362;24;2019-04-24;2019-04-30
363;363;114;2019-05-30;2019-06-04
364;364;131;2019-04-09;2019-04-11
365;365;152;2019-05-21;2019-05-28
366;366;167;2019-04-20;2019-04-27
367;367;2;2019-03-21;2019-03-29
368;368;100;2019-03-25;2019-03-30
369;369;172;2019-04-19;2019-04-29
370;370;77;2019-03-14;2019-03-24
371;371;20;2019-03-17;2019-03-23
372;372;181;2019-03-05;2019-03-06
373;373;32;2019-04-03;2019-04-12
374;374;173;2019-04-19;2019-04-29
375;375;134;2019-05-28;2019-06-04
376;376;37;2019-04-06;2019-04-09
377;377;63;2019-05-05;2019-05-14
378;378;42;2019-03-13;2019-03-15
379;379;118;2019-03-24;2019-03-31
380;380;65;2019-03-28;2019-03-31
381;381;50;2019-04-19;2019-04-25
382;382;42;2019-04-20;2019-04-30
383;383;113;2019-04-17;2019-04-24
384;384;108;2019-03-21;2019-03-31
385;385;2;2019-03-31;2019-04-10
386;386;121;2019-04-27;2019-05-07
387;387;122;2019-03-06;2019-03-09
388;388;2;2019-05-12;2019-05-17
389;389;127;2019-05-05;2019-05-11
390;390;141;2019-03-17;2019-03-25
391;391;37;2019-03-21;2019-03-31
392;392;165;2019-03-10;2019-03-13
393;393;24;2019-05-04;2019-05-11
394;394;117;2019-03-07;2019-03-12
395;395;102;2019-03-27;2019-04-04
396;396;135;2019-04-02;2019-04-10
397;397;46;2019-04-02;2019-04-11
398;398;172;2019-05-31;2019-06-10
399;399;47;2019-03-21;2019-03-28
400;400;51;2019-04-07;2019-04-14
401;401;38;2019-04-09;2019-04-15
402;402;28;2019-03-13;2019-03-20
403;403;14;2019-05-11;2019-05-20
404;404;104;2019-03-31;2019-04-04
405;405;117;2019-05-09;2019-05-17
406;406;87;2019-04-02;2019-04-04
407;407;127;2019-04-18;2019-04-24
408;408;99;2019-03-10;2019-03-14
409;409;20;2019-03-07;2019-03-08
410;410;168;2019-04-13;2019-04-21
411;411;3;2019-05-25;2019-06-03
412;412;160;2019-03-17;2019-03-27
413;413;88;2019-05-20;2019-05-26
414;414;95;2019-04-24;2019-05-02
415;415;139;2019-03-22;2019-03-28
416;416;160;2019-03-28;2019-04-04
417;417;29;2019-04-07;2019-04-14
418;418;29;2019-04-30;2019-05-09
419;419;150;2019-03-24;2019-03-26
420;420;110;2019-04-11;2019-04-17
421;421;137;2019-04-19;2019-04-21
422;422;9;2019-04-17;2019-04-20
423;423;56;2019-04-29;2019-05-01
424;424;8;2019-03-25;2019-03-31
425;425;83;2019-03-21;2019-03-28
426;426;47;2019-05-24;2019-06-02
427;427;102;2019-04-02;2019-04-10
428;428;82;2019-05-26;2019-05-29
429;429;77;2019-03-28;2019-04-05
430;430;15;2019-04-15;2019-04-22
431;431;112;2019-03-23;2019-03-27
432;432;52;2019-03-01;2019-03-08
433;433;178;2019-04-05;2019-04-07
434;434;176;2019-03-09;2019-03-15
435;435;90;2019-03-16;2019-03-17
436;436;136;2019-04-22;2019-05-02
437;437;144;2019-04-01;2019-04-06
438;438;51;2019-04-02;2019-04-08
439;439;72;2019-04-25;2019-05-01
440;440;145;2019-03-19;2019-03-23
441;441;62;2019-04-23;2019-04-27
442;442;100;2019-05-31;2019-06-08
443;443;43;2019-05-08;2019-05-18
444;444;158;2019-05-18;2019-05-21
445;445;112;2019-05-10;2019-05-17
446;446;153;2019-05-06;2019-05-10
447;447;120;2019-05-24;2019-05-31
448;448;39;2019-05-15;2019-05-25
449;449;63;2019-04-01;2019-04-07
450;450;102;2019-03-23;2019-03-28
451;451;166;2019-03-12;2019-03-19
452;452;49;2019-04-10;2019-04-15
453;453;173;2019-03-11;2019-03-20
454;454;128;2019-03-06;2019-03-13
455;455;30;2019-03-23;2019-03-27
456;456;72;2019-03-12;2019-03-21
457;457;120;2019-05-27;2019-05-29
458;458;117;2019-04-25;2019-05-05
459;459;54;2019-05-09;2019-05-18
460;460;95;2019-04-11;2019-04-13
461;461;135;2019-04-21;2019-04-27
462;462;171;2019-03-13;2019-03-23
463;463;18;2019-03-31;2019-04-01
464;464;16;2019-04-10;2019-04-12
465;465;65;2019-04-21;2019-04-25
466;466;87;2019-05-29;2019-06-07
467;467;20;2019-03-09;2019-03-16
468;468;154;2019-03-04;2019-03-14
469;469;69;2019-05-02;2019-05-04
470;470;167;2019-04-25;2019-04-27
471;471;113;2019-04-11;2019-04-18
472;472;174;2019-03-15;2019-03-23
473;473;180;2019-04-02;2019-04-09
474;474;172;2019-03-18;2019-03-24
475;475;128;2019-03-12;2019-03-22
476;476;16;2019-05-05;2019-05-15
477;477;73;2019-03-14;2019-03-23
478;478;88;2019-04-02;2019-04-08
479;479;124;2019-04-07;2019-04-11
480;480;151;2019-04-07;2019-04-10
481;481;7;2019-04-12;2019-04-17
482;482;49;2019-03-05;2019-03-09
483;483;157;2019-03-02;2019-03-05
484;484;146;2019-03-06;2019-03-11
485;485;31;2019-04-20;2019-04-28
486;486;97;2019-04-29;2019-05-08
487;487;154;2019-05-05;2019-05-13
488;488;80;2019-04-26;2019-04-29
489;489;50;2019-04-27;2019-05-02
490;490;45;2019-04-28;2019-04-30
491;491;56;2019-03-11;2019-03-16
492;492;134;2019-04-05;2019-04-08
493;493;41;2019-04-01;2019-04-09
494;494;149;2019-05-13;2019-05-15
495;495;41;2019-05-27;2019-05-31
496;496;133;2019-03-24;2019-03-29
497;497;109;2019-04-07;2019-04-16
498;498;47;2019-03-05;2019-03-13
499;499;173;2019-03-24;2019-03-29
500;500;100;2019-05-09;2019-05-19
501;501;139;2019-03-18;2019-03-26
502;502;54;2019-03-03;2019-03-09
503;503;164;2019-03-14;2019-03-16
504;504;121;2019-05-13;2019-05-23
505;505;2;2019-04-05;2019-04-09
506;506;48;2019-03-27;2019-03-30
507;507;134;2019-05-22;2019-05-26
508;508;64;2019-05-11;2019-05-19
509;509;59;2019-05-19;2019-05-26
510;510;106;2019-05-26;2019-05-30
511;511;143;2019-03-09;2019-03-13
512;512;23;2019-05-30;2019-05-31
513;513;174;2019-03-03;2019-03-11
514;514;124;2019-04-08;2019-04-16
515;515;25;2019-03-09;2019-03-13
516;516;109;2019-03-27;2019-04-05
517;517;7;2019-04-22;2019-04-23
518;518;128;2019-04-14;2019-04-20
519;519;156;2019-03-28;2019-04-05
520;520;172;2019-04-24;2019-04-26
521;521;122;2019-05-21;2019-05-30
522;522;82;2019-04-26;2019-05-02
523;523;4;2019-05-14;2019-05-20
524;524;47;2019-03-01;2019-03-05
525;525;4;2019-03-02;2019-03-10
526;526;1;2019-04-12;2019-04-20
527;527;157;2019-05-20;2019-05-21
528;528;114;2019-05-16;2019-05-20
529;529;160;2019-04-28;2019-05-01
530;530;59;2019-04-30;2019-05-01
531;531;131;2019-03-13;2019-03-22
532;532;79;2019-03-01;2019-03-08
533;533;121;2019-05-27;2019-06-02
534;534;108;2019-04-04;2019-04-09
535;535;173;2019-03-22;2019-03-28
536;536;102;2019-03-04;2019-03-11
537;537;29;2019-05-29;2019-06-04
538;538;61;2019-04-28;2019-05-01
539;539;62;2019-04-18;2019-04-25
540;540;84;2019-04-01;2019-04-02
541;541;62;2019-03-17;2019-03-24
542;542;102;2019-05-04;2019-05-14
543;543;11;2019-04-26;2019-05-03
544;544;131;2019-04-05;2019-04-10
545;545;151;2019-03-11;2019-03-21
546;546;148;2019-04-09;2019-04-17
547;547;137;2019-03-26;2019-04-04
548;548;100;2019-04-27;2019-05-03
549;549;114;2019-03-01;2019-03-10
550;550;99;2019-04-29;2019-05-09
551;551;128;2019-03-16;2019-03-20
552;552;91;2019-04-26;2019-05-05
553;553;148;2019-03-13;2019-03-20
554;554;64;2019-03-28;2019-03-30
555;555;79;2019-04-13;2019-04-16
556;556;38;2019-04-10;2019-04-12
557;557;55;2019-03-19;2019-03-23
558;558;164;2019-04-21;2019-04-25
559;559;94;2019-03-19;2019-03-25
560;560;94;2019-05-12;2019-05-17
561;561;54;2019-05-16;2019-05-17
562;562;40;2019-03-29;2019-03-31
563;563;56;2019-04-02;2019-04-11
564;564;72;2019-03-28;2019-04-05
565;565;8;2019-04-06;2019-04-16
566;566;172;2019-03-03;2019-03-11
567;567;84;2019-04-03;2019-04-13
568;568;63;2019-03-22;2019-03-26
569;569;67;2019-04-08;2019-04-13
570;570;39;2019-04-14;2019-04-17
571;571;69;2019-05-30;2019-06-08
572;572;114;2019-03-15;2019-03-22
573;573;178;2019-05-28;2019-06-01
574;574;136;2019-05-13;2019-05-22
575;575;75;2019-03-05;2019-03-07
576;576;31;2019-05-18;2019-05-20
577;577;27;2019-03-16;2019-03-20
578;578;90;2019-05-22;2019-05-26
579;579;113;2019-03-17;2019-03-24
580;580;54;2019-03-22;2019-03-26
581;581;134;2019-05-31;2019-06-09
582;582;174;2019-04-09;2019-04-13
583;583;55;2019-04-08;2019-04-10
584;584;97;2019-03-11;2019-03-12
585;585;110;2019-05-15;2019-05-16
586;586;90;2019-03-08;2019-03-17
587;587;107;2019-04-17;2019-04-18
588;588;37;2019-03-05;2019-03-10
589;589;4;2019-04-08;2019-04-15
590;590;102;2019-03-18;2019-03-24
591;591;28;2019-05-12;2019-05-17
592;592;70;2019-03-08;2019-03-16
593;593;55;2019-04-13;2019-04-18
594;594;2;2019-04-27;2019-04-30
595;595;127;2019-03-09;2019-03-17
596;596;42;2019-04-03;2019-04-07
597;597;87;2019-05-23;2019-05-28
598;598;6;2019-05-31;2019-06-10
599;599;64;2019-03-17;2019-03-18
600;600;3;2019-04-06;2019-04-09
601;601;43;2019-04-02;2019-04-09
602;602;23;2019-03-20;2019-03-22
603;603;94;2019-04-10;2019-04-16
604;604;111;2019-03-26;2019-03-27
605;605;109;2019-03-14;2019-03-16
606;606;74;2019-04-01;2019-04-02
607;607;55;2019-05-24;2019-06-02
608;608;10;2019-03-02;2019-03-03
609;609;67;2019-04-19;2019-04-21
610;610;15;2019-05-27;2019-05-31
611;611;101;2019-03-02;2019-03-05
612;612;12;2019-05-22;2019-05-26
613;613;139;2019-03-07;2019-03-16
614;614;168;2019-03-20;2019-03-29
615;615;25;2019-04-10;2019-04-16
616;616;128;2019-05-27;2019-05-28
617;617;24;2019-05-06;2019-05-15
618;618;162;2019-03-04;2019-03-09
619;619;39;2019-03-22;2019-03-31
620;620;16;2019-05-16;2019-05-23
621;621;77;2019-05-11;2019-05-12
622;622;17;2019-05-16;2019-05-20
623;623;97;2019-04-08;2019-04-11
624;624;4;2019-05-10;2019-05-15
625;625;175;2019-03-30;2019-04-04
626;626;173;2019-03-21;2019-03-28
627;627;157;2019-03-10;2019-03-14
628;628;80;2019-04-02;2019-04-09
629;629;101;2019-05-10;2019-05-14
630;630;148;2019-04-05;2019-04-14
631;631;115;2019-04-19;2019-04-27
632;632;77;2019-03-23;2019-03-24
633;633;41;2019-04-29;2019-04-30
634;634;50;2019-04-07;2019-04-08
635;635;43;2019-05-27;2019-06-01
636;636;13;2019-03-09;2019-03-17
637;637;109;2019-03-03;2019-03-12
638;638;73;2019-04-02;2019-04-03
639;639;176;2019-05-18;2019-05-23
640;640;148;2019-05-12;2019-05-16
641;641;9;2019-04-05;2019-04-06
642;642;92;2019-04-28;2019-05-07
643;643;15;2019-05-02;2019-05-11
644;644;181;2019-03-25;2019-03-30
645;645;156;2019-04-15;2019-04-24
646;646;172;2019-05-02;2019-05-05
647;647;157;2019-03-16;2019-03-19
648;648;159;2019-04-10;2019-04-20
649;649;34;2019-05-08;2019-05-10
650;650;50;2019-04-10;2019-04-13
651;651;167;2019-04-15;2019-04-16
652;652;58;2019-05-07;2019-05-14
653;653;130;2019-03-11;2019-03-19
654;654;149;2019-04-09;2019-04-10
655;655;48;2019-03-20;2019-03-23
656;656;142;2019-05-26;2019-05-28
657;657;166;2019-05-22;2019-05-30
658;658;61;2019-04-07;2019-04-12
659;659;173;2019-05-25;2019-05-31
660;660;123;2019-05-18;2019-05-23
661;661;158;2019-04-15;2019-04-18
662;662;98;2019-05-02;2019-05-07
663;663;180;2019-04-17;2019-04-24
664;664;57;2019-03-12;2019-03-17
665;665;106;2019-05-08;2019-05-17
666;666;142;2019-05-08;2019-05-12
667;667;103;2019-05-19;2019-05-29
668;668;181;2019-03-15;2019-03-22
669;669;65;2019-03-22;2019-03-25
670;670;138;2019-03-25;2019-03-28
671;671;133;2019-03-20;2019-03-25
672;672;75;2019-04-18;2019-04-25
673;673;51;2019-03-24;2019-04-01
674;674;18;2019-05-19;2019-05-22
675;675;24;2019-03-26;2019-04-01
676;676;128;2019-04-28;2019-04-29
677;677;177;2019-03-23;2019-03-26
678;678;13;2019-05-17;2019-05-27
679;679;24;2019-04-12;2019-04-22
680;680;58;2019-03-07;2019-03-13
681;681;99;2019-05-15;2019-05-20
682;682;96;2019-04-05;2019-04-08
683;683;116;2019-05-15;2019-05-18
684;684;36;2019-03-18;2019-03-23
685;685;118;2019-04-28;2019-05-07
686;686;146;2019-05-27;2019-06-05
687;687;155;2019-03-06;2019-03-14
688;688;103;2019-04-13;2019-04-21
689;689;170;2019-03-26;2019-03-30
690;690;67;2019-05-19;2019-05-29
691;691;161;2019-03-27;2019-04-02
692;692;139;2019-05-13;2019-05-14
693;693;100;2019-04-23;2019-04-27
694;694;86;2019-04-20;2019-04-22
695;695;107;2019-04-04;2019-04-11
696;696;144;2019-05-18;2019-05-23
697;697;118;2019-04-09;2019-04-16
698;698;3;2019-05-28;2019-06-03
699;699;157;2019-04-11;2019-04-21
700;700;128;2019-05-17;2019-05-24
701;701;22;2019-04-26;2019-04-28
702;702;80;2019-05-30;2019-06-05
703;703;150;2019-03-21;2019-03-29
704;704;56;2019-03-21;2019-03-29
705;705;92;2019-03-28;2019-03-31
706;706;157;2019-03-04;2019-03-07
707;707;167;2019-04-11;2019-04-15
708;708;86;2019-05-09;2019-05-18
709;709;39;2019-04-03;2019-04-08
710;710;144;2019-03-04;2019-03-08
711;711;180;2019-03-27;2019-03-30
712;712;127;2019-05-18;2019-05-23
713;713;150;2019-03-20;2019-03-29
714;714;79;2019-04-01;2019-04-03
715;715;81;2019-04-14;2019-04-20
716;716;19;2019-04-23;2019-04-28
717;717;170;2019-04-17;2019-04-24
718;718;55;2019-04-04;2019-04-14
719;719;76;2019-05-04;2019-05-11
720;720;55;2019-03-15;2019-03-25
721;721;98;2019-04-24;2019-04-30
722;722;99;2019-03-20;2019-03-21
723;723;113;2019-05-21;2019-05-29
724;724;128;2019-03-05;2019-03-06
725;725;150;2019-04-28;2019-05-05
726;726;9;2019-03-23;2019-04-01
727;727;136;2019-04-03;2019-04-11
728;728;163;2019-04-19;2019-04-22
729;729;50;2019-03-15;2019-03-17
730;730;30;2019-03-31;2019-04-06
731;731;151;2019-04-28;2019-04-30
732;732;2;2019-03-03;2019-03-04
733;733;20;2019-04-20;2019-04-21
734;734;140;2019-05-25;2019-05-31
735;735;135;2019-05-18;2019-05-19
736;736;102;2019-04-08;2019-04-12
737;737;27;2019-04-08;2019-04-12
738;738;129;2019-03-14;2019-03-16
739;739;57;2019-05-15;2019-05-23
740;740;127;2019-05-26;2019-05-28
741;741;126;2019-04-08;2019-04-15
742;742;97;2019-04-09;2019-04-14
743;743;130;2019-03-05;2019-03-11
744;744;144;2019-05-16;2019-05-20
745;745;132;2019-04-09;2019-04-13
746;746;181;2019-05-27;2019-05-31
747;747;127;2019-04-02;2019-04-09
748;748;161;2019-04-20;2019-04-29
749;749;2;2019-04-25;2019-05-05
750;750;76;2019-03-13;2019-03-19
751;751;164;2019-03-12;2019-03-16
752;752;164;2019-04-10;2019-04-17
753;753;100;2019-03-31;2019-04-09
754;754;181;2019-03-31;2019-04-06
755;755;126;2019-04-15;2019-04-23
756;756;124;2019-04-14;2019-04-23
757;757;102;2019-04-15;2019-04-23
758;758;96;2019-05-31;2019-06-10
759;759;94;2019-03-11;2019-03-13
760;760;13;2019-05-07;2019-05-10
761;761;13;2019-03-23;2019-04-01
762;762;12;2019-04-25;2019-04-27
763;763;105;2019-05-25;2019-06-03
764;764;21;2019-04-21;2019-04-22
765;765;52;2019-05-29;2019-05-31
766;766;114;2019-04-07;2019-04-15
767;767;129;2019-04-02;2019-04-11
768;768;20;2019-05-31;2019-06-08
769;769;14;2019-04-12;2019-04-20
770;770;13;2019-04-10;2019-04-17
771;771;43;2019-03-26;2019-03-31
772;772;34;2019-05-10;2019-05-15
773;773;138;2019-05-24;2019-06-02
774;774;126;2019-05-21;2019-05-29
775;775;40;2019-05-08;2019-05-10
776;776;138;2019-03-27;2019-03-29
777;777;81;2019-05-01;2019-05-05
778;778;31;2019-03-10;2019-03-11
779;779;104;2019-03-29;2019-04-05
780;780;130;2019-04-05;2019-04-15
781;781;67;2019-04-27;2019-05-05
782;782;149;2019-03-06;2019-03-15
783;783;136;2019-05-20;2019-05-22
784;784;23;2019-03-04;2019-03-09
785;785;122;2019-05-14;2019-05-22
786;786;158;2019-04-18;2019-04-21
787;787;74;2019-05-23;2019-05-28
788;788;34;2019-04-09;2019-04-11
789;789;119;2019-03-30;2019-04-07
790;790;29;2019-05-26;2019-06-02
791;791;98;2019-04-10;2019-04-19
792;792;28;2019-05-13;2019-05-16
793;793;22;2019-03-23;2019-03-31
794;794;72;2019-05-08;2019-05-09
795;795;4;2019-05-29;2019-06-06
796;796;55;2019-04-14;2019-04-24
797;797;146;2019-03-04;2019-03-08
798;798;161;2019-04-11;2019-04-14
799;799;53;2019-05-28;2019-06-06
800;800;18;2019-05-18;2019-05-22
801;801;115;2019-05-24;2019-05-26
802;802;165;2019-03-24;2019-03-27
803;803;178;2019-05-22;2019-05-28
804;804;115;2019-03-04;2019-03-05
805;805;158;2019-04-04;2019-04-05
806;806;64;2019-03-02;2019-03-04
807;807;52;2019-03-12;2019-03-18
808;808;113;2019-04-08;2019-04-15
809;809;23;2019-03-31;2019-04-08
810;810;91;2019-04-20;2019-04-21
811;811;178;2019-03-09;2019-03-12
812;812;165;2019-03-14;2019-03-17
813;813;5;2019-04-08;2019-04-18
814;814;142;2019-05-07;2019-05-12
815;815;142;2019-03-16;2019-03-19
816;816;149;2019-03-30;2019-04-01
817;817;133;2019-05-02;2019-05-04
818;818;48;2019-05-28;2019-06-02
819;819;16;2019-04-29;2019-05-09
820;820;134;2019-05-01;2019-05-06
821;821;125;2019-03-07;2019-03-15
822;822;107;2019-04-14;2019-04-24
823;823;129;2019-05-12;2019-05-19
824;824;69;2019-04-13;2019-04-15
825;825;92;2019-04-05;2019-04-13
826;826;13;2019-05-13;2019-05-15
827;827;114;2019-05-10;2019-05-15
828;828;164;2019-04-11;2019-04-14
829;829;83;2019-03-05;2019-03-11
830;830;23;2019-03-24;2019-03-28
831;831;24;2019-04-20;2019-04-28
832;832;23;2019-03-29;2019-04-06
833;833;1;2019-05-23;2019-05-30
834;834;32;2019-05-18;2019-05-20
835;835;86;2019-04-11;2019-04-21
836;836;55;2019-05-08;2019-05-10
837;837;142;2019-04-09;2019-04-10
838;838;48;2019-04-13;2019-04-19
839;839;103;2019-03-01;2019-03-08
840;840;118;2019-03-14;2019-03-19
841;841;74;2019-04-28;2019-05-08
842;842;103;2019-05-04;2019-05-08
843;843;73;2019-04-21;2019-04-28
844;844;83;2019-04-30;2019-05-09
845;845;160;2019-03-25;2019-04-03
846;846;154;2019-05-23;2019-06-01
847;847;22;2019-03-16;2019-03-25
848;848;85;2019-05-07;2019-05-17
849;849;137;2019-03-28;2019-03-30
850;850;48;2019-05-24;2019-05-25
851;851;163;2019-04-07;2019-04-17
852;852;177;2019-04-29;2019-04-30
853;853;83;2019-04-09;2019-04-10
854;854;140;2019-04-28;2019-04-30
855;855;12;2019-03-15;2019-03-22
856;856;131;2019-03-12;2019-03-21
857;857;158;2019-04-27;2019-05-07
858;858;165;2019-05-29;2019-06-02
859;859;11;2019-05-15;2019-05-23
860;860;152;2019-03-31;2019-04-05
861;861;106;2019-04-02;2019-04-11
862;862;35;2019-03-21;2019-03-22
863;863;84;2019-04-25;2019-05-02
864;864;53;2019-03-25;2019-03-29
865;865;173;2019-03-31;2019-04-07
866;866;166;2019-03-29;2019-04-08
867;867;45;2019-04-08;2019-04-09
868;868;74;2019-04-21;2019-04-27
869;869;127;2019-03-13;2019-03-15
870;870;145;2019-04-23;2019-05-02
871;871;163;2019-04-15;2019-04-18
872;872;119;2019-03-31;2019-04-01
873;873;146;2019-05-21;2019-05-27
874;874;165;2019-05-08;2019-05-18
875;875;18;2019-03-21;2019-03-27
876;876;91;2019-05-31;2019-06-07
877;877;25;2019-03-25;2019-04-02
878;878;162;2019-04-16;2019-04-23
879;879;26;2019-04-13;2019-04-22
880;880;118;2019-05-13;2019-05-19
881;881;14;2019-03-25;2019-03-29
882;882;130;2019-03-08;2019-03-09
883;883;68;2019-05-19;2019-05-28
884;884;109;2019-03-21;2019-03-24
885;885;9;2019-03-08;2019-03-12
886;886;179;2019-03-23;2019-03-31
887;887;122;2019-03-04;2019-03-07
888;888;126;2019-05-17;2019-05-24
889;889;22;2019-04-25;2019-04-28
890;890;78;2019-04-08;2019-04-16
891;891;127;2019-04-15;2019-04-18
892;892;98;2019-03-09;2019-03-15
893;893;6;2019-04-11;2019-04-13
894;894;8;2019-05-10;2019-05-17
895;895;49;2019-05-30;2019-06-04
896;896;152;2019-03-02;2019-03-08
897;897;125;2019-04-22;2019-05-02
898;898;49;2019-03-30;2019-04-02
899;899;173;2019-03-02;2019-03-03
900;900;49;2019-03-01;2019-03-06
901;901;106;2019-04-01;2019-04-09
902;902;65;2019-03-23;2019-03-31
903;903;142;2019-04-16;2019-04-20
904;904;57;2019-05-29;2019-06-02
905;905;53;2019-04-19;2019-04-21
906;906;179;2019-03-20;2019-03-21
907;907;53;2019-04-02;2019-04-11
908;908;74;2019-05-31;2019-06-02
909;909;145;2019-04-30;2019-05-08
910;910;142;2019-03-09;2019-03-14
911;911;177;2019-04-25;2019-05-03
912;912;126;2019-03-10;2019-03-18
913;913;36;2019-03-04;2019-03-06
914;914;154;2019-03-17;2019-03-27
915;915;59;2019-04-27;2019-05-01
916;916;95;2019-03-26;2019-04-02
917;917;156;2019-04-09;2019-04-18
918;918;29;2019-04-26;2019-05-05
919;919;111;2019-05-22;2019-06-01
920;920;22;2019-03-24;2019-03-26
921;921;169;2019-05-09;2019-05-15
922;922;128;2019-05-02;2019-05-12
923;923;9;2019-05-06;2019-05-07
924;924;95;2019-04-05;2019-04-14
925;925;109;2019-04-06;2019-04-10
926;926;14;2019-03-08;2019-03-11
927;927;27;2019-04-25;2019-05-01
928;928;7;2019-05-10;2019-05-15
929;929;43;2019-03-04;2019-03-07
930;930;75;2019-05-28;2019-06-02
931;931;62;2019-05-02;2019-05-03
932;932;3;2019-05-31;2019-06-07
933;933;9;2019-03-15;2019-03-16
934;934;44;2019-04-23;2019-05-01
935;935;89;2019-05-02;2019-05-11
936;936;4;2019-03-25;2019-03-30
937;937;144;2019-04-08;2019-04-13
938;938;32;2019-05-05;2019-05-11
939;939;167;2019-05-15;2019-05-18
940;940;166;2019-05-07;2019-05-11
941;941;163;2019-05-02;2019-05-08
942;942;123;2019-04-13;2019-04-19
943;943;116;2019-03-26;2019-03-30
944;944;162;2019-05-02;2019-05-10
945;945;150;2019-05-06;2019-05-13
946;946;91;2019-03-25;2019-04-04
947;947;55;2019-04-30;2019-05-01
948;948;38;2019-05-06;2019-05-11
949;949;49;2019-05-05;2019-05-08
950;950;15;2019-05-31;2019-06-08
951;951;100;2019-03-14;2019-03-19
952;952;22;2019-05-20;2019-05-25
953;953;39;2019-03-09;2019-03-10
954;954;178;2019-05-01;2019-05-10
955;955;167;2019-03-05;2019-03-09
956;956;43;2019-05-15;2019-05-16
957;957;144;2019-03-24;2019-03-29
958;958;23;2019-04-19;2019-04-29
959;959;43;2019-03-24;2019-03-25
960;960;46;2019-04-30;2019-05-02
961;961;165;2019-04-27;2019-05-01
962;962;58;2019-03-28;2019-04-07
963;963;85;2019-03-24;2019-03-26
964;964;23;2019-04-16;2019-04-20
965;965;34;2019-05-04;2019-05-10
966;966;167;2019-05-27;2019-06-03
967;967;130;2019-04-12;2019-04-13
968;968;58;2019-05-19;2019-05-22
969;969;85;2019-04-06;2019-04-13
970;970;139;2019-04-17;2019-04-22
971;971;13;2019-05-03;2019-05-06
972;972;17;2019-05-27;2019-05-29
973;973;97;2019-05-26;2019-06-03
974;974;88;2019-04-20;2019-04-26
975;975;130;2019-04-07;2019-04-15
976;976;162;2019-05-09;2019-05-16
977;977;26;2019-04-10;2019-04-20
978;978;167;2019-03-24;2019-03-30
979;979;6;2019-03-31;2019-04-06
980;980;11;2019-04-19;2019-04-22
981;981;42;2019-04-25;2019-05-01
982;982;121;2019-04-01;2019-04-09
983;983;56;2019-04-18;2019-04-20
984;984;102;2019-05-11;2019-05-18
985;985;175;2019-03-14;2019-03-21
986;986;93;2019-05-13;2019-05-19
987;987;122;2019-05-10;2019-05-15
988;988;95;2019-04-19;2019-04-21
989;989;165;2019-03-16;2019-03-19
990;990;49;2019-04-14;2019-04-18
991;991;91;2019-05-19;2019-05-22
992;992;78;2019-05-14;2019-05-17
993;993;78;2019-05-12;2019-05-18
994;994;109;2019-04-15;2019-04-25
995;995;181;2019-05-30;2019-06-07
996;996;91;2019-03-03;2019-03-12
997;997;38;2019-04-16;2019-04-17
998;998;18;2019-03-05;2019-03-15
999;999;17;2019-03-10;2019-03-18
1000;1000;9;2019-05-20;2019-05-25
1001;1001;38;2019-03-03;2019-03-08
1002;1002;55;2019-03-11;2019-03-12
1003;1003;51;2019-04-13;2019-04-21
1004;1004;30;2019-05-29;2019-06-03
1005;1005;12;2019-04-07;2019-04-14
1006;1006;10;2019-05-17;2019-05-27
1007;1007;111;2019-05-16;2019-05-23
1008;1008;20;2019-04-17;2019-04-26
1009;1009;131;2019-05-20;2019-05-23
1010;1010;136;2019-04-01;2019-04-04
1011;1011;87;2019-04-30;2019-05-04
1012;1012;56;2019-03-04;2019-03-13
1013;1013;15;2019-05-05;2019-05-15
1014;1014;25;2019-04-17;2019-04-25
1015;1015;9;2019-04-13;2019-04-20
1016;1016;45;2019-05-18;2019-05-26
1017;1017;168;2019-03-05;2019-03-13
1018;1018;23;2019-05-06;2019-05-14
1019;1019;80;2019-03-05;2019-03-12
1020;1020;49;2019-05-25;2019-05-27
1021;1021;165;2019-04-18;2019-04-25
1022;1022;63;2019-04-10;2019-04-19
1023;1023;67;2019-03-22;2019-03-24
1024;1024;70;2019-05-13;2019-05-14
1025;1025;10;2019-03-27;2019-04-06
1026;1026;38;2019-04-14;2019-04-15
1027;1027;31;2019-03-06;2019-03-12
1028;1028;78;2019-04-02;2019-04-07
1029;1029;14;2019-03-14;2019-03-18
1030;1030;114;2019-05-20;2019-05-23
1031;1031;131;2019-04-30;2019-05-06
1032;1032;174;2019-03-22;2019-03-25
1033;1033;180;2019-03-10;2019-03-19
1034;1034;28;2019-03-28;2019-04-02
1035;1035;70;2019-03-27;2019-04-01
1036;1036;60;2019-04-09;2019-04-14
1037;1037;78;2019-03-19;2019-03-28
1038;1038;151;2019-03-10;2019-03-11
1039;1039;168;2019-04-21;2019-04-25
1040;1040;178;2019-04-13;2019-04-16
1041;1041;139;2019-03-21;2019-03-24
1042;1042;168;2019-05-22;2019-05-30
1043;1043;47;2019-04-27;2019-04-28
1044;1044;3;2019-03-11;2019-03-14
1045;1045;137;2019-03-08;2019-03-15
1046;1046;180;2019-05-29;2019-06-03
1047;1047;42;2019-05-28;2019-06-03
1048;1048;54;2019-04-13;2019-04-14
1049;1049;82;2019-04-04;2019-04-08
1050;1050;92;2019-05-05;2019-05-06
1051;1051;168;2019-03-13;2019-03-17
1052;1052;73;2019-05-20;2019-05-21
1053;1053;73;2019-04-29;2019-05-05
1054;1054;72;2019-03-08;2019-03-11
1055;1055;132;2019-05-07;2019-05-13
1056;1056;52;2019-03-18;2019-03-25
1057;1057;123;2019-04-28;2019-05-08
1058;1058;31;2019-04-15;2019-04-20
1059;1059;136;2019-03-18;2019-03-27
1060;1060;107;2019-05-01;2019-05-06
1061;1061;121;2019-03-06;2019-03-09
1062;1062;105;2019-04-10;2019-04-13
1063;1063;59;2019-04-22;2019-04-27
1064;1064;10;2019-03-12;2019-03-20
1065;1065;140;2019-04-07;2019-04-17
1066;1066;1;2019-03-22;2019-04-01
1067;1067;128;2019-03-29;2019-04-08
1068;1068;35;2019-04-29;2019-05-04
1069;1069;26;2019-04-20;2019-04-26
1070;1070;139;2019-03-31;2019-04-07
1071;1071;122;2019-05-16;2019-05-21
1072;1072;78;2019-03-18;2019-03-19
1073;1073;34;2019-04-17;2019-04-26
1074;1074;116;2019-03-15;2019-03-16
1075;1075;160;2019-03-19;2019-03-26
1076;1076;4;2019-03-08;2019-03-14
1077;1077;121;2019-03-16;2019-03-26
1078;1078;125;2019-05-01;2019-05-11
1079;1079;149;2019-04-17;2019-04-23
1080;1080;111;2019-03-16;2019-03-25
1081;1081;73;2019-03-06;2019-03-13
1082;1082;85;2019-04-10;2019-04-12
1083;1083;32;2019-03-17;2019-03-19
1084;1084;137;2019-05-03;2019-05-04
1085;1085;32;2019-03-14;2019-03-19
1086;1086;77;2019-05-12;2019-05-20
1087;1087;129;2019-03-17;2019-03-24
1088;1088;174;2019-05-21;2019-05-22
1089;1089;40;2019-03-15;2019-03-25
1090;1090;110;2019-04-30;2019-05-06
1091;1091;23;2019-04-28;2019-04-29
1092;1092;57;2019-03-08;2019-03-15
1093;1093;8;2019-05-03;2019-05-07
1094;1094;71;2019-03-15;2019-03-18
1095;1095;95;2019-04-17;2019-04-19
1096;1096;140;2019-04-06;2019-04-11
1097;1097;110;2019-05-31;2019-06-08
1098;1098;10;2019-05-18;2019-05-25
1099;1099;52;2019-03-13;2019-03-15
1100;1100;49;2019-03-17;2019-03-26
1101;1101;54;2019-04-30;2019-05-04
1102;1102;81;2019-04-04;2019-04-11
1103;1103;35;2019-05-20;2019-05-30
1104;1104;165;2019-03-23;2019-03-29
1105;1105;42;2019-04-04;2019-04-10
1106;1106;72;2019-04-04;2019-04-11
1107;1107;71;2019-03-16;2019-03-21
1108;1108;21;2019-03-19;2019-03-26
1109;1109;113;2019-04-20;2019-04-26
1110;1110;19;2019-04-18;2019-04-27
1111;1111;77;2019-03-31;2019-04-10
1112;1112;156;2019-05-21;2019-05-27
1113;1113;168;2019-03-23;2019-03-29
1114;1114;111;2019-04-21;2019-04-27
1115;1115;124;2019-04-27;2019-05-02
1116;1116;6;2019-03-04;2019-03-07
1117;1117;128;2019-04-04;2019-04-05
1118;1118;142;2019-05-30;2019-06-04
1119;1119;15;2019-05-13;2019-05-20
1120;1120;37;2019-04-08;2019-04-09
1121;1121;116;2019-05-18;2019-05-23
1122;1122;136;2019-05-17;2019-05-23
1123;1123;71;2019-04-11;2019-04-15
1124;1124;128;2019-03-24;2019-03-29
1125;1125;32;2019-03-29;2019-04-02
1126;1126;76;2019-04-16;2019-04-23
1127;1127;49;2019-03-18;2019-03-20
1128;1128;179;2019-03-25;2019-03-31
1129;1129;19;2019-03-15;2019-03-24
1130;1130;66;2019-05-25;2019-05-26
1131;1131;30;2019-05-05;2019-05-08
1132;1132;154;2019-05-19;2019-05-29
1133;1133;100;2019-03-02;2019-03-09
1134;1134;168;2019-03-06;2019-03-12
1135;1135;70;2019-04-01;2019-04-03
1136;1136;84;2019-03-18;2019-03-23
1137;1137;53;2019-05-20;2019-05-29
1138;1138;156;2019-04-16;2019-04-22
1139;1139;130;2019-04-02;2019-04-05
1140;1140;139;2019-03-16;2019-03-23
1141;1141;57;2019-03-05;2019-03-08
1142;1142;114;2019-05-22;2019-05-23
1143;1143;21;2019-04-20;2019-04-26
1144;1144;85;2019-04-16;2019-04-19
1145;1145;18;2019-03-15;2019-03-17
1146;1146;146;2019-04-10;2019-04-11
1147;1147;49;2019-05-14;2019-05-15
1148;1148;100;2019-05-21;2019-05-23
1149;1149;96;2019-05-15;2019-05-20
1150;1150;27;2019-05-21;2019-05-23
1151;1151;96;2019-05-16;2019-05-23
1152;1152;86;2019-03-14;2019-03-16
1153;1153;76;2019-04-08;2019-04-12
1154;1154;156;2019-03-02;2019-03-06
1155;1155;151;2019-03-21;2019-03-22
1156;1156;175;2019-04-17;2019-04-25
1157;1157;134;2019-03-05;2019-03-12
1158;1158;55;2019-04-05;2019-04-07
1159;1159;33;2019-05-03;2019-05-06
1160;1160;33;2019-03-04;2019-03-14
1161;1161;56;2019-03-25;2019-03-28
1162;1162;15;2019-03-03;2019-03-06
1163;1163;63;2019-04-06;2019-04-16
1164;1164;53;2019-04-30;2019-05-02
1165;1165;41;2019-04-09;2019-04-14
1166;1166;128;2019-05-13;2019-05-18
1167;1167;38;2019-05-10;2019-05-13
1168;1168;72;2019-04-08;2019-04-17
1169;1169;109;2019-04-12;2019-04-19
1170;1170;174;2019-05-18;2019-05-23
1171;1171;16;2019-04-26;2019-04-27
1172;1172;43;2019-05-19;2019-05-28
1173;1173;99;2019-05-05;2019-05-06
1174;1174;11;2019-04-21;2019-04-26
1175;1175;17;2019-03-06;2019-03-14
1176;1176;128;2019-04-07;2019-04-13
1177;1177;10;2019-05-28;2019-05-31
1178;1178;70;2019-05-05;2019-05-09
1179;1179;116;2019-05-05;2019-05-13
1180;1180;49;2019-03-02;2019-03-11
1181;1181;45;2019-05-17;2019-05-26
1182;1182;90;2019-05-23;2019-05-30
1183;1183;107;2019-05-15;2019-05-19
1184;1184;86;2019-03-13;2019-03-23
1185;1185;44;2019-03-24;2019-04-01
1186;1186;145;2019-05-02;2019-05-04
1187;1187;47;2019-05-14;2019-05-15
1188;1188;170;2019-03-07;2019-03-14
1189;1189;174;2019-05-02;2019-05-04
1190;1190;176;2019-04-21;2019-04-29
1191;1191;171;2019-04-29;2019-05-01
1192;1192;178;2019-04-03;2019-04-13
1193;1193;94;2019-04-04;2019-04-10
1194;1194;161;2019-04-25;2019-05-03
1195;1195;178;2019-04-25;2019-05-03
1196;1196;3;2019-03-04;2019-03-14
1197;1197;84;2019-05-18;2019-05-20
1198;1198;163;2019-04-13;2019-04-20
1199;1199;24;2019-03-23;2019-03-28
1200;1200;60;2019-05-21;2019-05-28
1201;1201;59;2019-05-09;2019-05-13
1202;1202;134;2019-03-19;2019-03-25
1203;1203;156;2019-04-14;2019-04-15
1204;1204;85;2019-03-25;2019-04-04
1205;1205;15;2019-04-04;2019-04-06
1206;1206;18;2019-05-25;2019-05-28
1207;1207;63;2019-05-13;2019-05-17
1208;1208;14;2019-03-30;2019-04-05
1209;1209;41;2019-04-30;2019-05-04
1210;1210;71;2019-04-25;2019-05-03
1211;1211;21;2019-03-05;2019-03-08
1212;1212;15;2019-05-30;2019-06-04
1213;1213;143;2019-05-16;2019-05-26
1214;1214;87;2019-05-08;2019-05-12
1215;1215;38;2019-03-14;2019-03-21
1216;1216;127;2019-05-06;2019-05-11
1217;1217;38;2019-04-02;2019-04-08
1218;1218;87;2019-05-09;2019-05-15
1219;1219;177;2019-04-21;2019-04-28
1220;1220;54;2019-04-20;2019-04-25
1221;1221;13;2019-05-11;2019-05-17
1222;1222;18;2019-04-22;2019-04-24
1223;1223;135;2019-04-24;2019-04-25
1224;1224;125;2019-04-18;2019-04-22
1225;1225;21;2019-05-25;2019-06-03
1226;1226;145;2019-03-10;2019-03-17
1227;1227;4;2019-04-27;2019-05-01
1228;1228;103;2019-04-07;2019-04-16
1229;1229;135;2019-03-08;2019-03-09
1230;1230;145;2019-03-22;2019-03-29
1231;1231;159;2019-03-01;2019-03-10
1232;1232;140;2019-03-15;2019-03-23
1233;1233;118;2019-03-08;2019-03-10
1234;1234;70;2019-03-16;2019-03-22
1235;1235;11;2019-03-16;2019-03-19
1236;1236;160;2019-03-09;2019-03-12
1237;1237;98;2019-03-18;2019-03-25
1238;1238;102;2019-05-18;2019-05-20
1239;1239;27;2019-04-10;2019-04-13
1240;1240;133;2019-04-07;2019-04-17
1241;1241;70;2019-04-11;2019-04-20
1242;1242;45;2019-05-15;2019-05-24
1243;1243;141;2019-04-25;2019-04-28
1244;1244;4;2019-05-12;2019-05-13
1245;1245;74;2019-05-17;2019-05-24
1246;1246;79;2019-04-22;2019-04-25
1247;1247;154;2019-03-11;2019-03-19
1248;1248;113;2019-05-03;2019-05-09
1249;1249;28;2019-04-30;2019-05-07
1250;1250;75;2019-03-16;2019-03-25
1251;1251;74;2019-03-05;2019-03-10
1252;1252;80;2019-04-17;2019-04-23
1253;1253;95;2019-05-25;2019-06-04
1254;1254;13;2019-04-05;2019-04-07
1255;1255;132;2019-03-20;2019-03-23
1256;1256;68;2019-04-18;2019-04-25
1257;1257;65;2019-05-20;2019-05-25
1258;1258;78;2019-03-16;2019-03-24
1259;1259;141;2019-03-09;2019-03-11
1260;1260;73;2019-05-04;2019-05-05
1261;1261;119;2019-04-01;2019-04-07
1262;1262;122;2019-05-19;2019-05-24
1263;1263;63;2019-03-03;2019-03-13
1264;1264;4;2019-03-10;2019-03-14
1265;1265;33;2019-05-31;2019-06-09
1266;1266;149;2019-04-20;2019-04-27
1267;1267;174;2019-03-04;2019-03-07
1268;1268;1;2019-04-07;2019-04-08
1269;1269;113;2019-04-04;2019-04-14
1270;1270;26;2019-05-10;2019-05-14
1271;1271;110;2019-05-17;2019-05-23
1272;1272;74;2019-03-27;2019-04-01
1273;1273;47;2019-03-12;2019-03-22
1274;1274;23;2019-05-13;2019-05-14
1275;1275;112;2019-04-06;2019-04-13
1276;1276;2;2019-04-14;2019-04-24
1277;1277;154;2019-03-05;2019-03-12
1278;1278;16;2019-04-03;2019-04-08
1279;1279;181;2019-03-21;2019-03-25
1280;1280;40;2019-03-02;2019-03-04
1281;1281;128;2019-03-22;2019-03-24
1282;1282;133;2019-04-25;2019-05-02
1283;1283;68;2019-04-21;2019-04-24
1284;1284;109;2019-03-30;2019-03-31
1285;1285;85;2019-03-17;2019-03-19
1286;1286;144;2019-03-29;2019-04-02
1287;1287;74;2019-05-28;2019-06-05
1288;1288;155;2019-04-19;2019-04-23
1289;1289;81;2019-04-18;2019-04-22
1290;1290;133;2019-05-19;2019-05-22
1291;1291;15;2019-03-24;2019-04-03
1292;1292;123;2019-03-01;2019-03-07
1293;1293;153;2019-04-27;2019-05-06
1294;1294;97;2019-05-29;2019-06-05
1295;1295;181;2019-04-30;2019-05-01
1296;1296;146;2019-04-14;2019-04-20
1297;1297;42;2019-05-07;2019-05-14
1298;1298;113;2019-03-28;2019-03-30
1299;1299;69;2019-05-18;2019-05-26
1300;1300;70;2019-04-03;2019-04-05
1301;1301;4;2019-05-23;2019-05-27
1302;1302;91;2019-05-22;2019-05-31
1303;1303;55;2019-03-24;2019-03-25
1304;1304;143;2019-05-23;2019-05-28
1305;1305;82;2019-03-14;2019-03-19
1306;1306;134;2019-05-07;2019-05-09
1307;1307;144;2019-05-30;2019-06-06
1308;1308;117;2019-04-30;2019-05-06
1309;1309;18;2019-03-12;2019-03-20
1310;1310;151;2019-05-19;2019-05-20
1311;1311;43;2019-04-01;2019-04-06
1312;1312;77;2019-05-30;2019-06-06
1313;1313;168;2019-04-17;2019-04-27
1314;1314;72;2019-03-10;2019-03-18
1315;1315;35;2019-04-03;2019-04-05
1316;1316;44;2019-03-16;2019-03-24
1317;1317;20;2019-03-23;2019-04-02
1318;1318;122;2019-04-26;2019-04-28
1319;1319;154;2019-03-29;2019-03-31
1320;1320;61;2019-04-20;2019-04-23
1321;1321;6;2019-03-26;2019-04-04
1322;1322;86;2019-05-15;2019-05-23
1323;1323;113;2019-05-04;2019-05-09
1324;1324;99;2019-05-20;2019-05-26
1325;1325;119;2019-03-29;2019-03-30
1326;1326;59;2019-04-18;2019-04-19
1327;1327;19;2019-04-09;2019-04-10
1328;1328;125;2019-04-23;2019-04-25
1329;1329;138;2019-05-04;2019-05-11
1330;1330;109;2019-04-22;2019-04-24
1331;1331;29;2019-03-03;2019-03-11
1332;1332;59;2019-05-24;2019-05-26
1333;1333;123;2019-04-29;2019-05-09
1334;1334;114;2019-05-28;2019-06-06
1335;1335;54;2019-04-11;2019-04-20
1336;1336;81;2019-05-23;2019-05-30
1337;1337;129;2019-04-16;2019-04-20
1338;1338;50;2019-05-04;2019-05-13
1339;1339;99;2019-05-22;2019-05-28
1340;1340;96;2019-03-02;2019-03-06
1341;1341;169;2019-05-28;2019-05-30
1342;1342;85;2019-04-13;2019-04-17
1343;1343;20;2019-04-01;2019-04-09
1344;1344;69;2019-05-23;2019-06-02
1345;1345;40;2019-03-04;2019-03-12
1346;1346;34;2019-05-31;2019-06-05
1347;1347;115;2019-04-05;2019-04-10
1348;1348;174;2019-05-09;2019-05-14
1349;1349;51;2019-05-07;2019-05-15
1350;1350;2;2019-05-20;2019-05-23
1351;1351;26;2019-04-25;2019-04-30
1352;1352;168;2019-03-08;2019-03-14
1353;1353;28;2019-03-18;2019-03-23
1354;1354;62;2019-05-04;2019-05-12
1355;1355;173;2019-05-18;2019-05-26
1356;1356;99;2019-04-09;2019-04-15
1357;1357;142;2019-04-29;2019-05-04
1358;1358;142;2019-03-01;2019-03-09
1359;1359;39;2019-05-11;2019-05-17
1360;1360;47;2019-05-29;2019-05-30
1361;1361;158;2019-03-28;2019-04-01
1362;1362;76;2019-04-29;2019-05-09
1363;1363;125;2019-04-10;2019-04-12
1364;1364;172;2019-03-08;2019-03-17
1365;1365;10;2019-05-03;2019-05-06
1366;1366;75;2019-03-23;2019-03-30
1367;1367;17;2019-03-03;2019-03-05
1368;1368;156;2019-03-16;2019-03-25
1369;1369;97;2019-05-24;2019-05-29
1370;1370;128;2019-05-09;2019-05-12
1371;1371;42;2019-04-22;2019-04-27
1372;1372;169;2019-05-15;2019-05-24
1373;1373;172;2019-04-26;2019-05-05
1374;1374;62;2019-04-07;2019-04-13
1375;1375;24;2019-03-25;2019-04-04
1376;1376;132;2019-05-14;2019-05-22
1377;1377;58;2019-03-15;2019-03-23
1378;1378;96;2019-04-15;2019-04-19
1379;1379;104;2019-05-01;2019-05-09
1380;1380;94;2019-05-02;2019-05-11
1381;1381;127;2019-05-12;2019-05-16
1382;1382;124;2019-05-04;2019-05-11
1383;1383;42;2019-03-04;2019-03-06
1384;1384;52;2019-03-24;2019-03-30
1385;1385;117;2019-03-28;2019-04-01
1386;1386;168;2019-03-15;2019-03-21
1387;1387;135;2019-03-19;2019-03-29
1388;1388;97;2019-04-14;2019-04-18
1389;1389;171;2019-03-26;2019-04-02
1390;1390;70;2019-05-28;2019-06-05
1391;1391;90;2019-04-01;2019-04-02
1392;1392;153;2019-04-28;2019-05-08
1393;1393;144;2019-03-16;2019-03-24
1394;1394;88;2019-04-04;2019-04-14
1395;1395;85;2019-03-08;2019-03-15
1396;1396;21;2019-04-03;2019-04-06
1397;1397;44;2019-04-26;2019-04-30
1398;1398;102;2019-04-03;2019-04-11
1399;1399;138;2019-04-11;2019-04-16
1400;1400;144;2019-05-08;2019-05-14
1401;1401;54;2019-03-15;2019-03-18
1402;1402;170;2019-05-14;2019-05-19
1403;1403;73;2019-03-13;2019-03-17
1404;1404;99;2019-05-11;2019-05-18
1405;1405;57;2019-05-25;2019-06-02
1406;1406;112;2019-04-29;2019-05-05
1407;1407;5;2019-05-11;2019-05-15
1408;1408;144;2019-04-22;2019-04-30
1409;1409;156;2019-03-11;2019-03-20
1410;1410;4;2019-04-13;2019-04-15
1411;1411;56;2019-05-22;2019-05-26
1412;1412;126;2019-05-10;2019-05-11
1413;1413;19;2019-04-30;2019-05-05
1414;1414;175;2019-03-07;2019-03-17
1415;1415;173;2019-04-01;2019-04-06
1416;1416;95;2019-03-05;2019-03-06
1417;1417;60;2019-03-12;2019-03-21
1418;1418;151;2019-03-14;2019-03-22
1419;1419;136;2019-03-28;2019-04-06
1420;1420;84;2019-03-07;2019-03-16
1421;1421;104;2019-05-19;2019-05-21
1422;1422;159;2019-05-22;2019-05-23
1423;1423;52;2019-05-06;2019-05-14
1424;1424;55;2019-04-06;2019-04-14
1425;1425;61;2019-03-25;2019-03-28
1426;1426;48;2019-05-29;2019-06-06
1427;1427;61;2019-05-31;2019-06-02
1428;1428;130;2019-04-21;2019-05-01
1429;1429;141;2019-05-19;2019-05-21
1430;1430;78;2019-05-11;2019-05-13
1431;1431;1;2019-05-27;2019-05-30
1432;1432;102;2019-05-06;2019-05-14
1433;1433;175;2019-05-05;2019-05-15
1434;1434;89;2019-05-22;2019-05-30
1435;1435;65;2019-03-04;2019-03-12
1436;1436;18;2019-05-31;2019-06-06
1437;1437;175;2019-05-12;2019-05-17
1438;1438;9;2019-05-24;2019-05-31
1439;1439;3;2019-04-29;2019-04-30
1440;1440;131;2019-03-21;2019-03-27
1441;1441;96;2019-04-03;2019-04-12
1442;1442;102;2019-04-14;2019-04-22
1443;1443;116;2019-03-14;2019-03-15
1444;1444;75;2019-05-16;2019-05-17
1445;1445;1;2019-03-31;2019-04-04
1446;1446;155;2019-05-02;2019-05-07
1447;1447;142;2019-03-17;2019-03-20
1448;1448;72;2019-03-19;2019-03-26
1449;1449;160;2019-04-09;2019-04-10
1450;1450;170;2019-05-21;2019-05-25
1451;1451;17;2019-04-17;2019-04-22
1452;1452;110;2019-03-15;2019-03-20
1453;1453;131;2019-03-15;2019-03-23
1454;1454;125;2019-04-19;2019-04-26
1455;1455;166;2019-05-20;2019-05-23
1456;1456;134;2019-05-18;2019-05-28
1457;1457;99;2019-04-30;2019-05-04
1458;1458;5;2019-04-04;2019-04-05
1459;1459;29;2019-05-17;2019-05-25
1460;1460;126;2019-04-12;2019-04-14
1461;1461;165;2019-04-24;2019-04-29
1462;1462;95;2019-03-02;2019-03-04
1463;1463;117;2019-05-18;2019-05-21
1464;1464;35;2019-03-28;2019-04-07
1465;1465;166;2019-05-17;2019-05-21
1466;1466;115;2019-03-11;2019-03-13
1467;1467;104;2019-03-09;2019-03-12
1468;1468;116;2019-03-30;2019-04-05
1469;1469;22;2019-05-26;2019-06-03
1470;1470;90;2019-05-24;2019-05-26
1471;1471;95;2019-04-25;2019-05-02
1472;1472;40;2019-05-19;2019-05-27
1473;1473;166;2019-04-05;2019-04-07
1474;1474;131;2019-04-17;2019-04-27
1475;1475;110;2019-05-26;2019-06-02
1476;1476;139;2019-05-18;2019-05-19
1477;1477;81;2019-03-13;2019-03-16
1478;1478;11;2019-04-29;2019-05-02
1479;1479;68;2019-05-02;2019-05-11
1480;1480;173;2019-03-17;2019-03-19
1481;1481;117;2019-03-08;2019-03-15
1482;1482;114;2019-03-30;2019-03-31
1483;1483;15;2019-03-30;2019-04-08
1484;1484;106;2019-03-17;2019-03-19
1485;1485;99;2019-03-25;2019-03-31
1486;1486;115;2019-03-14;2019-03-16
1487;1487;122;2019-05-20;2019-05-23
1488;1488;159;2019-03-15;2019-03-16
1489;1489;53;2019-03-14;2019-03-19
1490;1490;27;2019-03-04;2019-03-12
1491;1491;21;2019-03-07;2019-03-14
1492;1492;37;2019-03-02;2019-03-06
1493;1493;70;2019-03-10;2019-03-16
1494;1494;18;2019-03-07;2019-03-16
1495;1495;20;2019-05-10;2019-05-19
1496;1496;51;2019-05-16;2019-05-25
1497;1497;89;2019-03-12;2019-03-14
1498;1498;26;2019-03-24;2019-03-30
1499;1499;8;2019-03-09;2019-03-12
1500;1500;94;2019-03-27;2019-04-01
1501;1501;147;2019-04-15;2019-04-17
1502;1502;134;2019-03-21;2019-03-25
1503;1503;96;2019-04-28;2019-05-03
1504;1504;79;2019-05-03;2019-05-04
1505;1505;155;2019-04-21;2019-04-27
1506;1506;172;2019-05-18;2019-05-27
1507;1507;70;2019-03-17;2019-03-21
1508;1508;22;2019-03-31;2019-04-09
1509;1509;97;2019-05-21;2019-05-28
1510;1510;27;2019-03-10;2019-03-17
1511;1511;25;2019-04-26;2019-05-05
1512;1512;170;2019-04-20;2019-04-27
1513;1513;52;2019-04-03;2019-04-06
1514;1514;32;2019-05-24;2019-05-31
1515;1515;41;2019-03-30;2019-04-05
1516;1516;20;2019-03-21;2019-03-23
1517;1517;151;2019-03-30;2019-04-02
1518;1518;120;2019-03-06;2019-03-07
1519;1519;125;2019-05-11;2019-05-13
1520;1520;167;2019-03-30;2019-04-01
1521;1521;18;2019-04-02;2019-04-05
1522;1522;25;2019-03-20;2019-03-25
1523;1523;79;2019-03-24;2019-04-02
1524;1524;48;2019-05-26;2019-05-30
1525;1525;118;2019-05-04;2019-05-11
1526;1526;72;2019-04-06;2019-04-11
1527;1527;162;2019-04-09;2019-04-13
1528;1528;44;2019-03-19;2019-03-22
1529;1529;156;2019-03-25;2019-04-03
1530;1530;63;2019-04-09;2019-04-15
1531;1531;62;2019-05-27;2019-05-28
1532;1532;74;2019-04-17;2019-04-23
1533;1533;134;2019-04-15;2019-04-23
1534;1534;11;2019-04-25;2019-04-30
1535;1535;108;2019-03-12;2019-03-18
1536;1536;58;2019-05-02;2019-05-12
1537;1537;30;2019-03-08;2019-03-17
1538;1538;85;2019-05-30;2019-06-01
1539;1539;77;2019-04-30;2019-05-07
1540;1540;14;2019-03-23;2019-03-28
1541;1541;14;2019-05-15;2019-05-18
1542;1542;45;2019-03-11;2019-03-13
1543;1543;140;2019-03-06;2019-03-11
1544;1544;89;2019-05-17;2019-05-25
1545;1545;5;2019-05-26;2019-06-03
1546;1546;12;2019-05-07;2019-05-11
1547;1547;159;2019-05-30;2019-06-06
1548;1548;105;2019-03-02;2019-03-10
1549;1549;181;2019-04-27;2019-05-05
1550;1550;94;2019-03-06;2019-03-16
1551;1551;108;2019-03-29;2019-04-05
1552;1552;146;2019-03-31;2019-04-07
1553;1553;79;2019-03-08;2019-03-17
1554;1554;23;2019-03-25;2019-03-31
1555;1555;94;2019-03-23;2019-03-28
1556;1556;52;2019-03-03;2019-03-13
1557;1557;47;2019-03-25;2019-03-28
1558;1558;87;2019-04-27;2019-05-04
1559;1559;13;2019-04-17;2019-04-19
1560;1560;91;2019-04-02;2019-04-05
1561;1561;57;2019-03-16;2019-03-21
1562;1562;133;2019-05-05;2019-05-11
1563;1563;177;2019-03-26;2019-04-02
1564;1564;127;2019-05-03;2019-05-06
1565;1565;47;2019-05-18;2019-05-20
1566;1566;6;2019-04-18;2019-04-20
1567;1567;59;2019-05-10;2019-05-13
1568;1568;161;2019-03-16;2019-03-20
1569;1569;158;2019-04-19;2019-04-27
1570;1570;153;2019-05-19;2019-05-21
1571;1571;93;2019-03-05;2019-03-11
1572;1572;173;2019-04-27;2019-04-28
1573;1573;110;2019-04-17;2019-04-22
1574;1574;167;2019-05-25;2019-06-03
1575;1575;27;2019-04-07;2019-04-10
1576;1576;113;2019-03-23;2019-03-27
1577;1577;123;2019-05-02;2019-05-04
1578;1578;174;2019-04-05;2019-04-09
1579;1579;153;2019-05-05;2019-05-15
1580;1580;9;2019-04-29;2019-05-03
1581;1581;47;2019-04-17;2019-04-19
1582;1582;28;2019-03-26;2019-04-01
1583;1583;165;2019-03-20;2019-03-28
1584;1584;17;2019-03-26;2019-04-03
1585;1585;87;2019-05-07;2019-05-13
1586;1586;83;2019-03-31;2019-04-08
1587;1587;148;2019-04-07;2019-04-15
1588;1588;29;2019-04-27;2019-05-05
1589;1589;127;2019-03-25;2019-04-04
1590;1590;44;2019-03-22;2019-03-24
1591;1591;175;2019-05-06;2019-05-11
1592;1592;67;2019-05-01;2019-05-05
1593;1593;43;2019-03-27;2019-03-29
1594;1594;86;2019-05-03;2019-05-13
1595;1595;58;2019-04-02;2019-04-08
1596;1596;36;2019-03-07;2019-03-08
1597;1597;31;2019-05-01;2019-05-09
1598;1598;149;2019-05-15;2019-05-17
1599;1599;121;2019-03-19;2019-03-22
1600;1600;2;2019-04-13;2019-04-20
1601;1601;67;2019-03-29;2019-04-04
1602;1602;99;2019-04-25;2019-04-28
1603;1603;174;2019-04-25;2019-05-05
1604;1604;179;2019-05-14;2019-05-15
1605;1605;117;2019-04-24;2019-05-03
1606;1606;100;2019-05-14;2019-05-18
1607;1607;19;2019-05-31;2019-06-07
1608;1608;137;2019-05-06;2019-05-16
1609;1609;137;2019-05-28;2019-05-30
1610;1610;175;2019-05-16;2019-05-22
1611;1611;82;2019-03-09;2019-03-15
1612;1612;142;2019-04-15;2019-04-17
1613;1613;40;2019-03-13;2019-03-20
1614;1614;145;2019-04-04;2019-04-08
1615;1615;31;2019-03-16;2019-03-22
1616;1616;15;2019-03-22;2019-03-31
1617;1617;147;2019-04-30;2019-05-07
1618;1618;62;2019-04-11;2019-04-13
1619;1619;85;2019-04-24;2019-05-02
1620;1620;16;2019-05-01;2019-05-02
1621;1621;22;2019-05-09;2019-05-19
1622;1622;93;2019-04-23;2019-04-30
1623;1623;56;2019-04-20;2019-04-29
1624;1624;180;2019-03-14;2019-03-22
1625;1625;181;2019-04-04;2019-04-10
1626;1626;97;2019-03-07;2019-03-11
1627;1627;99;2019-04-17;2019-04-18
1628;1628;103;2019-03-27;2019-04-03
1629;1629;47;2019-05-26;2019-05-31
1630;1630;133;2019-05-08;2019-05-18
1631;1631;119;2019-04-22;2019-04-24
1632;1632;139;2019-04-14;2019-04-23
1633;1633;146;2019-04-20;2019-04-29
1634;1634;127;2019-05-29;2019-06-05
1635;1635;58;2019-04-25;2019-04-26
1636;1636;99;2019-03-21;2019-03-29
1637;1637;25;2019-03-10;2019-03-14
1638;1638;104;2019-03-01;2019-03-10
1639;1639;49;2019-04-01;2019-04-10
1640;1640;148;2019-04-20;2019-04-21
1641;1641;121;2019-04-30;2019-05-07
1642;1642;139;2019-04-02;2019-04-09
1643;1643;47;2019-05-23;2019-05-31
1644;1644;28;2019-03-27;2019-04-04
1645;1645;146;2019-04-17;2019-04-26
1646;1646;129;2019-05-17;2019-05-22
1647;1647;126;2019-04-13;2019-04-16
1648;1648;89;2019-05-10;2019-05-13
1649;1649;157;2019-05-30;2019-06-04
1650;1650;112;2019-03-13;2019-03-16
1651;1651;137;2019-05-21;2019-05-30
1652;1652;67;2019-04-29;2019-05-08
1653;1653;106;2019-04-07;2019-04-12
1654;1654;108;2019-04-22;2019-04-30
1655;1655;166;2019-03-07;2019-03-08
1656;1656;130;2019-04-27;2019-05-06
1657;1657;55;2019-05-20;2019-05-27
1658;1658;165;2019-05-30;2019-06-06
1659;1659;65;2019-03-16;2019-03-19
1660;1660;154;2019-04-19;2019-04-28
1661;1661;151;2019-03-13;2019-03-15
1662;1662;81;2019-05-06;2019-05-11
1663;1663;161;2019-05-26;2019-05-27
1664;1664;122;2019-03-29;2019-04-07
1665;1665;149;2019-03-27;2019-04-05
1666;1666;179;2019-04-28;2019-04-30
1667;1667;65;2019-03-25;2019-04-04
1668;1668;15;2019-05-29;2019-05-30
1669;1669;129;2019-03-12;2019-03-16
1670;1670;162;2019-05-14;2019-05-16
1671;1671;86;2019-03-21;2019-03-30
1672;1672;139;2019-05-04;2019-05-13
1673;1673;83;2019-03-23;2019-03-30
1674;1674;13;2019-05-19;2019-05-29
1675;1675;92;2019-03-11;2019-03-15
1676;1676;40;2019-05-01;2019-05-04
1677;1677;8;2019-03-30;2019-04-02
1678;1678;171;2019-04-25;2019-05-01
1679;1679;20;2019-03-13;2019-03-15
1680;1680;69;2019-04-20;2019-04-24
1681;1681;75;2019-03-30;2019-04-07
1682;1682;18;2019-05-29;2019-06-06
1683;1683;58;2019-03-03;2019-03-04
1684;1684;44;2019-05-10;2019-05-20
1685;1685;138;2019-05-27;2019-06-05
1686;1686;121;2019-03-20;2019-03-26
1687;1687;66;2019-05-16;2019-05-25
1688;1688;92;2019-05-29;2019-06-04
1689;1689;17;2019-05-08;2019-05-18
1690;1690;108;2019-04-14;2019-04-20
1691;1691;15;2019-03-13;2019-03-18
1692;1692;164;2019-05-05;2019-05-07
1693;1693;19;2019-05-24;2019-06-01
1694;1694;6;2019-04-06;2019-04-08
1695;1695;135;2019-04-11;2019-04-16
1696;1696;130;2019-03-26;2019-03-31
1697;1697;88;2019-04-03;2019-04-10
1698;1698;114;2019-05-29;2019-06-07
1699;1699;31;2019-03-29;2019-04-05
1700;1700;141;2019-03-04;2019-03-14
1701;1701;63;2019-05-29;2019-06-07
1702;1702;100;2019-03-07;2019-03-12
1703;1703;52;2019-05-14;2019-05-23
1704;1704;87;2019-04-12;2019-04-18
1705;1705;16;2019-04-20;2019-04-27
1706;1706;105;2019-04-05;2019-04-14
1707;1707;112;2019-03-07;2019-03-11
1708;1708;142;2019-04-12;2019-04-15
1709;1709;2;2019-04-20;2019-04-30
1710;1710;107;2019-05-10;2019-05-18
1711;1711;53;2019-04-08;2019-04-13
1712;1712;68;2019-05-15;2019-05-21
1713;1713;156;2019-03-12;2019-03-17
1714;1714;129;2019-04-11;2019-04-13
1715;1715;153;2019-03-19;2019-03-21
1716;1716;40;2019-05-16;2019-05-21
1717;1717;140;2019-03-17;2019-03-25
1718;1718;142;2019-04-21;2019-04-29
1719;1719;82;2019-05-22;2019-05-29
1720;1720;155;2019-05-20;2019-05-25
1721;1721;19;2019-05-27;2019-06-03
1722;1722;29;2019-05-11;2019-05-21
1723;1723;40;2019-04-19;2019-04-24
1724;1724;78;2019-05-25;2019-05-28
1725;1725;123;2019-03-07;2019-03-11
1726;1726;111;2019-05-18;2019-05-22
1727;1727;4;2019-05-01;2019-05-10
1728;1728;67;2019-05-22;2019-05-28
1729;1729;117;2019-05-10;2019-05-20
1730;1730;64;2019-04-22;2019-05-01
1731;1731;136;2019-04-08;2019-04-15
1732;1732;126;2019-05-03;2019-05-08
1733;1733;62;2019-04-22;2019-04-26
1734;1734;170;2019-03-27;2019-04-05
1735;1735;144;2019-03-17;2019-03-20
1736;1736;38;2019-04-19;2019-04-23
1737;1737;2;2019-05-22;2019-05-25
1738;1738;97;2019-05-02;2019-05-06
1739;1739;170;2019-04-19;2019-04-23
1740;1740;128;2019-03-23;2019-04-02
1741;1741;116;2019-03-25;2019-03-31
1742;1742;45;2019-04-27;2019-04-30
1743;1743;66;2019-03-12;2019-03-14
1744;1744;50;2019-04-26;2019-04-30
1745;1745;52;2019-05-03;2019-05-04
1746;1746;170;2019-05-07;2019-05-15
1747;1747;115;2019-05-07;2019-05-09
1748;1748;145;2019-05-30;2019-06-07
1749;1749;161;2019-05-04;2019-05-12
1750;1750;22;2019-05-19;2019-05-21
1751;1751;133;2019-03-01;2019-03-10
1752;1752;24;2019-04-16;2019-04-20
1753;1753;174;2019-05-30;2019-06-01
1754;1754;133;2019-04-22;2019-04-25
1755;1755;18;2019-04-12;2019-04-20
1756;1756;151;2019-05-03;2019-05-10
1757;1757;169;2019-03-16;2019-03-19
1758;1758;33;2019-03-25;2019-04-01
1759;1759;152;2019-05-11;2019-05-16
1760;1760;58;2019-05-30;2019-06-07
1761;1761;63;2019-03-05;2019-03-12
1762;1762;114;2019-04-24;2019-04-29
1763;1763;91;2019-04-29;2019-05-03
1764;1764;111;2019-05-31;2019-06-09
1765;1765;54;2019-04-21;2019-04-25
1766;1766;159;2019-04-26;2019-05-03
1767;1767;158;2019-04-07;2019-04-14
1768;1768;168;2019-04-01;2019-04-08
1769;1769;93;2019-03-03;2019-03-06
1770;1770;16;2019-04-11;2019-04-12
1771;1771;180;2019-05-03;2019-05-13
1772;1772;59;2019-05-17;2019-05-25
1773;1773;32;2019-04-09;2019-04-11
1774;1774;99;2019-04-14;2019-04-20
1775;1775;149;2019-04-07;2019-04-09
1776;1776;144;2019-03-06;2019-03-07
1777;1777;68;2019-04-09;2019-04-12
1778;1778;102;2019-05-16;2019-05-21
1779;1779;87;2019-05-13;2019-05-17
1780;1780;16;2019-03-17;2019-03-27
1781;1781;121;2019-05-02;2019-05-04
1782;1782;58;2019-05-25;2019-06-03
1783;1783;76;2019-03-15;2019-03-22
1784;1784;111;2019-04-22;2019-04-26
1785;1785;16;2019-03-22;2019-03-28
1786;1786;13;2019-05-14;2019-05-17
1787;1787;27;2019-04-19;2019-04-27
1788;1788;82;2019-03-31;2019-04-10
1789;1789;126;2019-05-12;2019-05-22
1790;1790;106;2019-04-15;2019-04-25
1791;1791;170;2019-05-24;2019-05-29
1792;1792;93;2019-04-18;2019-04-19
1793;1793;12;2019-03-19;2019-03-28
1794;1794;79;2019-05-04;2019-05-05
1795;1795;144;2019-03-21;2019-03-29
1796;1796;106;2019-03-10;2019-03-16
1797;1797;170;2019-03-30;2019-04-08
1798;1798;33;2019-03-22;2019-04-01
1799;1799;108;2019-05-17;2019-05-24
1800;1800;111;2019-05-07;2019-05-15
1801;1801;135;2019-05-31;2019-06-06
1802;1802;48;2019-03-30;2019-04-04
1803;1803;111;2019-05-30;2019-06-01
1804;1804;156;2019-05-19;2019-05-20
1805;1805;169;2019-03-22;2019-03-29
1806;1806;17;2019-05-10;2019-05-12
1807;1807;143;2019-05-14;2019-05-21
1808;1808;144;2019-05-21;2019-05-30
1809;1809;173;2019-05-01;2019-05-04
1810;1810;73;2019-03-28;2019-04-07
1811;1811;113;2019-03-29;2019-04-07
1812;1812;25;2019-03-22;2019-03-24
1813;1813;33;2019-03-14;2019-03-24
1814;1814;115;2019-05-27;2019-05-29
1815;1815;36;2019-03-27;2019-04-02
1816;1816;61;2019-03-24;2019-04-03
1817;1817;110;2019-04-14;2019-04-17
1818;1818;56;2019-03-05;2019-03-07
1819;1819;132;2019-04-05;2019-04-09
1820;1820;162;2019-03-11;2019-03-19
1821;1821;162;2019-04-01;2019-04-03
1822;1822;88;2019-05-29;2019-06-06
1823;1823;27;2019-05-03;2019-05-04
1824;1824;83;2019-03-19;2019-03-26
1825;1825;54;2019-05-17;2019-05-26
1826;1826;18;2019-03-29;2019-04-07
1827;1827;50;2019-05-19;2019-05-21
1828;1828;93;2019-04-22;2019-04-27
1829;1829;170;2019-03-22;2019-03-31
1830;1830;101;2019-05-12;2019-05-21
1831;1831;114;2019-04-26;2019-04-28
1832;1832;5;2019-05-29;2019-06-08
1833;1833;39;2019-04-02;2019-04-07
1834;1834;91;2019-05-09;2019-05-17
1835;1835;82;2019-04-22;2019-04-25
1836;1836;111;2019-03-08;2019-03-13
1837;1837;23;2019-05-17;2019-05-18
1838;1838;41;2019-04-19;2019-04-21
1839;1839;68;2019-03-08;2019-03-10
1840;1840;56;2019-04-10;2019-04-14
1841;1841;89;2019-04-14;2019-04-18
1842;1842;129;2019-04-27;2019-05-01
1843;1843;154;2019-03-12;2019-03-18
1844;1844;46;2019-04-03;2019-04-04
1845;1845;147;2019-04-05;2019-04-07
1846;1846;80;2019-04-05;2019-04-13
1847;1847;18;2019-04-17;2019-04-27
1848;1848;61;2019-03-31;2019-04-10
1849;1849;161;2019-03-11;2019-03-12
1850;1850;108;2019-04-24;2019-04-26
1851;1851;136;2019-03-08;2019-03-10
1852;1852;26;2019-03-11;2019-03-21
1853;1853;69;2019-03-22;2019-03-24
1854;1854;45;2019-04-18;2019-04-21
1855;1855;43;2019-03-12;2019-03-17
1856;1856;61;2019-03-12;2019-03-16
1857;1857;162;2019-05-27;2019-05-31
1858;1858;64;2019-05-10;2019-05-16
1859;1859;46;2019-03-08;2019-03-18
1860;1860;144;2019-04-24;2019-05-03
1861;1861;167;2019-03-01;2019-03-10
1862;1862;156;2019-05-01;2019-05-02
1863;1863;133;2019-04-30;2019-05-09
1864;1864;167;2019-05-06;2019-05-09
1865;1865;104;2019-04-26;2019-04-29
1866;1866;45;2019-05-31;2019-06-03
1867;1867;58;2019-04-07;2019-04-13
1868;1868;151;2019-04-29;2019-05-05
1869;1869;6;2019-05-23;2019-05-24
1870;1870;174;2019-04-18;2019-04-19
1871;1871;146;2019-03-28;2019-04-06
1872;1872;161;2019-05-02;2019-05-05
1873;1873;134;2019-03-08;2019-03-18
1874;1874;140;2019-05-21;2019-05-29
1875;1875;4;2019-05-24;2019-06-03
1876;1876;13;2019-03-30;2019-04-06
1877;1877;48;2019-04-26;2019-04-27
1878;1878;8;2019-03-17;2019-03-20
1879;1879;101;2019-04-09;2019-04-14
1880;1880;129;2019-05-19;2019-05-28
1881;1881;8;2019-03-28;2019-04-01
1882;1882;139;2019-04-28;2019-05-06
1883;1883;18;2019-05-12;2019-05-22
1884;1884;89;2019-04-03;2019-04-10
1885;1885;113;2019-05-07;2019-05-09
1886;1886;125;2019-05-22;2019-05-25
1887;1887;155;2019-04-09;2019-04-17
1888;1888;156;2019-05-06;2019-05-16
1889;1889;51;2019-03-13;2019-03-22
1890;1890;5;2019-04-23;2019-04-28
1891;1891;135;2019-03-30;2019-04-08
1892;1892;111;2019-03-20;2019-03-24
1893;1893;34;2019-05-15;2019-05-25
1894;1894;5;2019-03-17;2019-03-19
1895;1895;169;2019-03-04;2019-03-12
1896;1896;101;2019-04-30;2019-05-10
1897;1897;118;2019-03-01;2019-03-04
1898;1898;9;2019-04-20;2019-04-25
1899;1899;57;2019-04-11;2019-04-20
1900;1900;45;2019-03-24;2019-03-29
1901;1901;135;2019-03-09;2019-03-17
1902;1902;71;2019-03-06;2019-03-15
1903;1903;134;2019-05-09;2019-05-10
1904;1904;102;2019-05-02;2019-05-05
1905;1905;28;2019-05-01;2019-05-11
1906;1906;70;2019-03-14;2019-03-22
1907;1907;120;2019-05-04;2019-05-11
1908;1908;119;2019-05-17;2019-05-26
1909;1909;166;2019-03-22;2019-03-29
1910;1910;77;2019-04-08;2019-04-10
1911;1911;136;2019-04-16;2019-04-26
1912;1912;114;2019-03-09;2019-03-13
1913;1913;172;2019-03-11;2019-03-19
1914;1914;173;2019-05-28;2019-06-03
1915;1915;106;2019-04-12;2019-04-22
1916;1916;177;2019-05-15;2019-05-22
1917;1917;86;2019-03-02;2019-03-05
1918;1918;9;2019-03-07;2019-03-10
1919;1919;103;2019-05-22;2019-05-27
1920;1920;129;2019-04-23;2019-04-28
1921;1921;171;2019-04-23;2019-04-27
1922;1922;106;2019-03-27;2019-04-06
1923;1923;100;2019-04-06;2019-04-14
1924;1924;123;2019-05-15;2019-05-16
1925;1925;121;2019-05-12;2019-05-15
1926;1926;39;2019-03-21;2019-03-28
1927;1927;104;2019-04-25;2019-05-03
1928;1928;27;2019-04-03;2019-04-04
1929;1929;26;2019-04-03;2019-04-11
1930;1930;69;2019-03-18;2019-03-20
1931;1931;64;2019-04-19;2019-04-28
1932;1932;57;2019-05-30;2019-05-31
1933;1933;104;2019-03-12;2019-03-16
1934;1934;84;2019-04-29;2019-04-30
1935;1935;109;2019-05-18;2019-05-24
1936;1936;91;2019-03-26;2019-03-29
1937;1937;37;2019-04-27;2019-05-07
1938;1938;146;2019-04-25;2019-05-02
1939;1939;86;2019-03-12;2019-03-18
1940;1940;93;2019-03-24;2019-03-26
1941;1941;33;2019-05-04;2019-05-13
1942;1942;163;2019-03-17;2019-03-23
1943;1943;122;2019-03-15;2019-03-16
1944;1944;63;2019-03-14;2019-03-15
1945;1945;132;2019-04-07;2019-04-12
1946;1946;57;2019-05-19;2019-05-23
1947;1947;140;2019-03-23;2019-03-24
1948;1948;40;2019-05-10;2019-05-12
1949;1949;100;2019-04-22;2019-04-26
1950;1950;44;2019-05-01;2019-05-05
1951;1951;141;2019-05-25;2019-06-04
1952;1952;175;2019-04-23;2019-04-30
1953;1953;122;2019-04-11;2019-04-12
1954;1954;88;2019-04-30;2019-05-10
1955;1955;30;2019-05-04;2019-05-11
1956;1956;151;2019-05-25;2019-06-02
1957;1957;167;2019-04-30;2019-05-04
1958;1958;51;2019-04-15;2019-04-16
1959;1959;81;2019-04-21;2019-04-30
1960;1960;34;2019-04-12;2019-04-17
1961;1961;105;2019-05-14;2019-05-19
1962;1962;84;2019-05-15;2019-05-25
1963;1963;45;2019-03-23;2019-03-28
1964;1964;48;2019-04-30;2019-05-10
1965;1965;122;2019-04-07;2019-04-13
1966;1966;88;2019-04-14;2019-04-20
1967;1967;153;2019-05-02;2019-05-10
1968;1968;70;2019-05-06;2019-05-12
1969;1969;55;2019-03-13;2019-03-21
1970;1970;31;2019-05-24;2019-05-31
1971;1971;94;2019-03-26;2019-04-03
1972;1972;63;2019-03-18;2019-03-26
1973;1973;40;2019-05-29;2019-06-01
1974;1974;99;2019-03-30;2019-04-06
1975;1975;15;2019-03-19;2019-03-28
1976;1976;98;2019-04-04;2019-04-08
1977;1977;162;2019-03-18;2019-03-22
1978;1978;20;2019-04-19;2019-04-27
1979;1979;88;2019-03-31;2019-04-08
1980;1980;61;2019-03-09;2019-03-14
1981;1981;19;2019-04-21;2019-04-26
1982;1982;133;2019-05-21;2019-05-23
1983;1983;151;2019-04-30;2019-05-07
1984;1984;49;2019-05-11;2019-05-13
1985;1985;61;2019-03-17;2019-03-21
1986;1986;1;2019-03-14;2019-03-23
1987;1987;105;2019-03-13;2019-03-21
1988;1988;176;2019-05-14;2019-05-24
1989;1989;88;2019-03-19;2019-03-28
1990;1990;7;2019-03-04;2019-03-13
1991;1991;68;2019-04-03;2019-04-06
1992;1992;46;2019-05-25;2019-05-26
1993;1993;25;2019-05-08;2019-05-16
1994;1994;142;2019-03-23;2019-03-28
1995;1995;2;2019-03-25;2019-03-26
1996;1996;89;2019-03-29;2019-04-06
1997;1997;95;2019-05-11;2019-05-12
1998;1998;134;2019-05-10;2019-05-12
1999;1999;164;2019-03-08;2019-03-10
2000;2000;95;2019-03-19;2019-03-29
2001;1803;24;2019-03-09;2019-03-15
2002;612;145;2019-05-04;2019-05-11
2003;1213;138;2019-03-15;2019-03-18
2004;1914;94;2019-03-12;2019-03-17
2005;641;114;2019-04-18;2019-04-26
2006;1168;83;2019-04-02;2019-04-06
2007;1264;84;2019-03-23;2019-03-29
2008;482;144;2019-04-06;2019-04-11
2009;335;26;2019-05-26;2019-06-04
2010;820;133;2019-04-08;2019-04-13
2011;647;61;2019-05-04;2019-05-11
2012;353;85;2019-04-09;2019-04-10
2013;84;6;2019-05-17;2019-05-23
2014;183;143;2019-05-19;2019-05-24
2015;201;134;2019-05-23;2019-05-27
2016;884;180;2019-04-10;2019-04-20
2017;335;122;2019-03-20;2019-03-28
2018;350;108;2019-03-01;2019-03-06
2019;1192;110;2019-04-26;2019-04-27
2020;1553;53;2019-04-01;2019-04-09
2021;154;73;2019-05-14;2019-05-16
2022;270;79;2019-05-17;2019-05-25
2023;1353;36;2019-05-17;2019-05-27
2024;1904;89;2019-03-27;2019-04-06
2025;1797;179;2019-03-11;2019-03-15
2026;1760;120;2019-03-22;2019-04-01
2027;772;160;2019-03-21;2019-03-26
2028;575;112;2019-05-24;2019-05-30
2029;460;152;2019-03-04;2019-03-06
2030;1992;6;2019-03-21;2019-03-26
2031;1393;121;2019-05-01;2019-05-10
2032;425;155;2019-03-18;2019-03-28
2033;746;108;2019-05-09;2019-05-19
2034;271;134;2019-04-17;2019-04-26
2035;629;9;2019-05-22;2019-06-01
2036;1985;53;2019-04-06;2019-04-11
2037;151;17;2019-05-15;2019-05-20
2038;1667;137;2019-04-13;2019-04-23
2039;273;94;2019-05-27;2019-06-06
2040;1473;120;2019-03-11;2019-03-21
2041;1663;122;2019-03-28;2019-04-06
2042;177;127;2019-03-01;2019-03-05
2043;1229;134;2019-05-03;2019-05-13
2044;1539;144;2019-05-11;2019-05-13
2045;1607;43;2019-05-06;2019-05-10
2046;300;75;2019-05-11;2019-05-19
2047;1782;9;2019-05-25;2019-05-29
2048;1927;82;2019-03-15;2019-03-23
2049;504;52;2019-03-21;2019-03-26
2050;1284;25;2019-04-03;2019-04-05
2051;510;116;2019-03-02;2019-03-08
2052;1989;56;2019-04-05;2019-04-11
2053;651;42;2019-03-11;2019-03-12
2054;1130;39;2019-05-25;2019-05-28
2055;507;47;2019-03-17;2019-03-27
2056;1274;127;2019-05-04;2019-05-12
2057;1143;71;2019-05-22;2019-05-23
2058;979;140;2019-03-25;2019-03-27
2059;312;13;2019-05-15;2019-05-19
2060;422;73;2019-03-20;2019-03-29
2061;45;134;2019-03-27;2019-04-04
2062;1232;42;2019-03-15;2019-03-16
2063;1165;102;2019-05-10;2019-05-12
2064;829;129;2019-03-25;2019-03-27
2065;271;58;2019-03-29;2019-04-05
2066;1170;94;2019-05-11;2019-05-12
2067;1931;99;2019-04-02;2019-04-05
2068;43;162;2019-04-27;2019-05-02
2069;1385;177;2019-05-21;2019-05-27
2070;1146;51;2019-03-09;2019-03-10
2071;1851;17;2019-03-16;2019-03-20
2072;1329;53;2019-04-28;2019-05-04
2073;973;178;2019-03-01;2019-03-09
2074;428;36;2019-05-03;2019-05-13
2075;523;173;2019-04-16;2019-04-24
2076;1412;138;2019-05-11;2019-05-21
2077;566;2;2019-05-02;2019-05-07
2078;1566;139;2019-05-14;2019-05-19
2079;1754;73;2019-05-08;2019-05-17
2080;1535;131;2019-04-04;2019-04-10
2081;1205;5;2019-05-27;2019-05-28
2082;1695;21;2019-05-10;2019-05-20
2083;789;150;2019-05-12;2019-05-15
2084;1775;24;2019-05-13;2019-05-17
2085;928;153;2019-03-16;2019-03-26
2086;135;44;2019-05-26;2019-05-27
2087;28;141;2019-05-16;2019-05-21
2088;756;149;2019-05-11;2019-05-21
2089;1071;112;2019-05-19;2019-05-21
2090;1742;72;2019-05-13;2019-05-16
2091;1309;114;2019-04-11;2019-04-18
2092;1965;174;2019-04-17;2019-04-21
2093;1532;146;2019-05-02;2019-05-09
2094;1596;7;2019-03-16;2019-03-26
2095;256;62;2019-05-29;2019-06-06
2096;517;32;2019-05-06;2019-05-11
2097;1855;5;2019-05-07;2019-05-11
2098;1737;73;2019-03-08;2019-03-12
2099;1194;46;2019-04-18;2019-04-22
2100;1098;40;2019-03-10;2019-03-15
2101;785;86;2019-04-25;2019-04-29
2102;879;139;2019-04-11;2019-04-15
2103;1704;47;2019-05-05;2019-05-06
2104;1934;48;2019-04-27;2019-05-06
2105;213;102;2019-03-11;2019-03-18
2106;831;131;2019-05-25;2019-05-26
2107;851;137;2019-04-17;2019-04-24
2108;1682;103;2019-05-05;2019-05-09
2109;297;15;2019-04-05;2019-04-06
2110;247;12;2019-04-30;2019-05-06
2111;142;105;2019-04-04;2019-04-08
2112;1034;47;2019-03-07;2019-03-14
2113;1172;167;2019-05-22;2019-05-27
2114;313;93;2019-03-17;2019-03-22
2115;566;137;2019-04-15;2019-04-24
2116;914;175;2019-04-21;2019-04-23
2117;509;116;2019-04-27;2019-04-28
2118;1233;122;2019-03-14;2019-03-17
2119;1518;1;2019-03-20;2019-03-21
2120;1107;96;2019-03-05;2019-03-12
2121;1486;58;2019-05-10;2019-05-19
2122;1648;94;2019-03-09;2019-03-17
2123;1264;151;2019-04-04;2019-04-07
2124;1409;167;2019-05-31;2019-06-03
2125;953;33;2019-04-16;2019-04-21
2126;1983;59;2019-04-09;2019-04-19
2127;1603;98;2019-05-21;2019-05-22
2128;331;56;2019-05-19;2019-05-23
2129;1931;69;2019-03-24;2019-03-27
2130;715;89;2019-03-02;2019-03-05
2131;150;181;2019-03-20;2019-03-29
2132;1727;144;2019-04-27;2019-05-04
2133;870;106;2019-03-04;2019-03-11
2134;1818;116;2019-03-28;2019-04-03
2135;1302;13;2019-04-16;2019-04-22
2136;100;3;2019-05-18;2019-05-20
2137;1188;83;2019-05-13;2019-05-19
2138;1268;167;2019-03-18;2019-03-21
2139;1382;158;2019-04-28;2019-05-04
2140;287;152;2019-05-08;2019-05-14
2141;272;23;2019-03-03;2019-03-06
2142;597;62;2019-04-13;2019-04-22
2143;1791;114;2019-04-27;2019-04-30
2144;1723;99;2019-04-07;2019-04-13
2145;759;91;2019-05-21;2019-05-25
2146;79;113;2019-04-28;2019-05-08
2147;1429;87;2019-03-11;2019-03-14
2148;348;53;2019-05-21;2019-05-26
2149;1943;85;2019-05-31;2019-06-05
2150;596;62;2019-03-16;2019-03-25
2151;419;170;2019-03-25;2019-03-26
2152;1809;167;2019-03-03;2019-03-09
2153;1805;149;2019-05-27;2019-06-06
2154;1286;42;2019-03-17;2019-03-21
2155;416;61;2019-05-08;2019-05-11
2156;1467;69;2019-05-27;2019-06-03
2157;436;173;2019-03-07;2019-03-09
2158;871;128;2019-05-11;2019-05-15
2159;1712;146;2019-03-24;2019-03-28
2160;91;28;2019-03-17;2019-03-20
2161;827;156;2019-05-24;2019-05-26
2162;1232;72;2019-03-04;2019-03-13
2163;84;7;2019-05-01;2019-05-08
2164;1984;157;2019-04-23;2019-04-25
2165;193;21;2019-03-10;2019-03-13
2166;1068;44;2019-03-29;2019-04-04
2167;133;123;2019-03-13;2019-03-23
2168;432;104;2019-04-06;2019-04-11
2169;1808;105;2019-04-27;2019-05-07
2170;1947;102;2019-04-04;2019-04-06
2171;91;73;2019-03-19;2019-03-25
2172;1890;134;2019-05-15;2019-05-20
2173;857;157;2019-04-17;2019-04-20
2174;1028;97;2019-03-27;2019-04-05
2175;352;177;2019-04-08;2019-04-16
2176;1928;83;2019-03-12;2019-03-22
2177;1090;108;2019-03-15;2019-03-19
2178;1458;34;2019-04-28;2019-05-03
2179;579;118;2019-05-18;2019-05-20
2180;1632;96;2019-05-08;2019-05-18
2181;621;27;2019-05-31;2019-06-03
2182;791;108;2019-05-08;2019-05-18
2183;1914;16;2019-04-22;2019-05-02
2184;1048;25;2019-05-13;2019-05-21
2185;976;7;2019-04-18;2019-04-20
2186;1059;122;2019-03-08;2019-03-16
2187;751;148;2019-04-23;2019-04-25
2188;1848;9;2019-05-19;2019-05-26
2189;257;13;2019-04-12;2019-04-15
2190;756;71;2019-04-01;2019-04-09
2191;451;147;2019-05-31;2019-06-08
2192;1984;59;2019-03-08;2019-03-16
2193;353;66;2019-05-04;2019-05-06
2194;1826;149;2019-05-30;2019-06-07
2195;1421;120;2019-05-19;2019-05-27
2196;176;72;2019-05-17;2019-05-26
2197;1775;156;2019-03-05;2019-03-08
2198;572;93;2019-05-14;2019-05-24
2199;1707;100;2019-03-24;2019-03-25
2200;1168;179;2019-03-15;2019-03-21
2201;800;176;2019-05-05;2019-05-13
2202;412;98;2019-03-16;2019-03-19
2203;842;77;2019-03-22;2019-03-27
2204;660;117;2019-05-30;2019-06-07
2205;1704;100;2019-03-06;2019-03-14
2206;1019;67;2019-05-13;2019-05-17
2207;1426;165;2019-04-29;2019-05-02
2208;1081;52;2019-04-28;2019-04-30
2209;26;147;2019-05-04;2019-05-07
2210;1748;136;2019-05-24;2019-05-25
2211;1449;140;2019-03-02;2019-03-06
2212;732;107;2019-04-03;2019-04-13
2213;1495;120;2019-05-12;2019-05-13
2214;833;145;2019-05-13;2019-05-17
2215;1151;72;2019-04-15;2019-04-19
2216;607;75;2019-03-11;2019-03-21
2217;342;138;2019-05-26;2019-06-03
2218;744;23;2019-05-02;2019-05-05
2219;1097;149;2019-04-03;2019-04-05
2220;1610;171;2019-03-28;2019-04-03
2221;384;136;2019-05-30;2019-06-08
2222;409;110;2019-03-10;2019-03-17
2223;763;112;2019-03-06;2019-03-09
2224;763;44;2019-05-28;2019-05-31
2225;518;37;2019-03-07;2019-03-11
2226;379;122;2019-03-05;2019-03-11
2227;602;122;2019-05-03;2019-05-04
2228;304;127;2019-04-17;2019-04-19
2229;806;63;2019-04-08;2019-04-17
2230;413;139;2019-03-17;2019-03-18
2231;1553;14;2019-03-15;2019-03-21
2232;167;168;2019-05-08;2019-05-11
2233;1973;86;2019-04-30;2019-05-04
2234;1908;172;2019-05-14;2019-05-16
2235;1396;101;2019-05-28;2019-05-29
2236;935;134;2019-03-29;2019-04-07
2237;1049;67;2019-03-03;2019-03-09
2238;536;83;2019-05-28;2019-06-06
2239;1617;109;2019-04-21;2019-05-01
2240;820;98;2019-05-28;2019-06-05
2241;1245;172;2019-03-06;2019-03-10
2242;637;8;2019-05-13;2019-05-23
2243;1014;36;2019-05-01;2019-05-02
2244;970;93;2019-05-25;2019-05-31
2245;1402;173;2019-03-20;2019-03-23
2246;500;134;2019-03-16;2019-03-19
2247;1105;80;2019-03-11;2019-03-17
2248;520;13;2019-04-27;2019-04-30
2249;964;83;2019-03-03;2019-03-09
2250;1712;42;2019-05-23;2019-05-29
