--
-- PostgreSQL database dump
--

-- Dumped from database version 16.2
-- Dumped by pg_dump version 16.2

SET statement_timeout = 0;
SET lock_timeout = 0;
SET idle_in_transaction_session_timeout = 0;
SET client_encoding = 'UTF8';
SET standard_conforming_strings = on;
SELECT pg_catalog.set_config('search_path', '', false);
SET check_function_bodies = false;
SET xmloption = content;
SET client_min_messages = warning;
SET row_security = off;

SET default_tablespace = '';

SET default_table_access_method = heap;

--
-- Name: booking; Type: TABLE; Schema: public; Owner: postgres
--

CREATE TABLE public.booking (
    id_booking integer NOT NULL,
    id_client integer NOT NULL,
    booking_date date NOT NULL
);


ALTER TABLE public.booking OWNER TO xerogi;

--
-- Name: booking_id_booking_seq; Type: SEQUENCE; Schema: public; Owner: postgres
--

CREATE SEQUENCE public.booking_id_booking_seq
    AS integer
    START WITH 1
    INCREMENT BY 1
    NO MINVALUE
    NO MAXVALUE
    CACHE 1;


ALTER SEQUENCE public.booking_id_booking_seq OWNER TO xerogi;

--
-- Name: booking_id_booking_seq; Type: SEQUENCE OWNED BY; Schema: public; Owner: postgres
--

ALTER SEQUENCE public.booking_id_booking_seq OWNED BY public.booking.id_booking;


--
-- Name: client; Type: TABLE; Schema: public; Owner: postgres
--

CREATE TABLE public.client (
    id_client integer NOT NULL,
    name character varying(50) NOT NULL,
    phone character varying(25) NOT NULL
);


ALTER TABLE public.client OWNER TO xerogi;

--
-- Name: client_id_client_seq; Type: SEQUENCE; Schema: public; Owner: postgres
--

CREATE SEQUENCE public.client_id_client_seq
    AS integer
    START WITH 1
    INCREMENT BY 1
    NO MINVALUE
    NO MAXVALUE
    CACHE 1;


ALTER SEQUENCE public.client_id_client_seq OWNER TO xerogi;

--
-- Name: client_id_client_seq; Type: SEQUENCE OWNED BY; Schema: public; Owner: postgres
--

ALTER SEQUENCE public.client_id_client_seq OWNED BY public.client.id_client;


--
-- Name: hotel; Type: TABLE; Schema: public; Owner: postgres
--

CREATE TABLE public.hotel (
    id_hotel integer NOT NULL,
    name character varying(50) NOT NULL,
    stars smallint
);


ALTER TABLE public.hotel OWNER TO xerogi;

--
-- Name: hotel_id_hotel_seq; Type: SEQUENCE; Schema: public; Owner: postgres
--

CREATE SEQUENCE public.hotel_id_hotel_seq
    AS integer
    START WITH 1
    INCREMENT BY 1
    NO MINVALUE
    NO MAXVALUE
    CACHE 1;


ALTER SEQUENCE public.hotel_id_hotel_seq OWNER TO xerogi;

--
-- Name: hotel_id_hotel_seq; Type: SEQUENCE OWNED BY; Schema: public; Owner: postgres
--

ALTER SEQUENCE public.hotel_id_hotel_seq OWNED BY public.hotel.id_hotel;


--
-- Name: room; Type: TABLE; Schema: public; Owner: postgres
--

CREATE TABLE public.room (
    id_room integer NOT NULL,
    id_hotel integer NOT NULL,
    id_room_category integer NOT NULL,
    number character varying(10) NOT NULL,
    price money NOT NULL
);


ALTER TABLE public.room OWNER TO xerogi;

--
-- Name: room_category; Type: TABLE; Schema: public; Owner: postgres
--

CREATE TABLE public.room_category (
    id_room_category integer NOT NULL,
    name character varying(50) NOT NULL,
    square smallint NOT NULL
);


ALTER TABLE public.room_category OWNER TO xerogi;

--
-- Name: room_category_id_room_category_seq; Type: SEQUENCE; Schema: public; Owner: postgres
--

CREATE SEQUENCE public.room_category_id_room_category_seq
    AS integer
    START WITH 1
    INCREMENT BY 1
    NO MINVALUE
    NO MAXVALUE
    CACHE 1;


ALTER SEQUENCE public.room_category_id_room_category_seq OWNER TO xerogi;

--
-- Name: room_category_id_room_category_seq; Type: SEQUENCE OWNED BY; Schema: public; Owner: postgres
--

ALTER SEQUENCE public.room_category_id_room_category_seq OWNED BY public.room_category.id_room_category;


--
-- Name: room_id_room_seq; Type: SEQUENCE; Schema: public; Owner: postgres
--

CREATE SEQUENCE public.room_id_room_seq
    AS integer
    START WITH 1
    INCREMENT BY 1
    NO MINVALUE
    NO MAXVALUE
    CACHE 1;


ALTER SEQUENCE public.room_id_room_seq OWNER TO xerogi;

--
-- Name: room_id_room_seq; Type: SEQUENCE OWNED BY; Schema: public; Owner: postgres
--

ALTER SEQUENCE public.room_id_room_seq OWNED BY public.room.id_room;


--
-- Name: room_in_booking; Type: TABLE; Schema: public; Owner: postgres
--

CREATE TABLE public.room_in_booking (
    id_room_in_booking integer NOT NULL,
    id_booking integer NOT NULL,
    id_room integer NOT NULL,
    checkin_date date NOT NULL,
    checkout_date date NOT NULL
);


ALTER TABLE public.room_in_booking OWNER TO xerogi;

--
-- Name: room_in_booking_id_room_in_booking_seq; Type: SEQUENCE; Schema: public; Owner: postgres
--

CREATE SEQUENCE public.room_in_booking_id_room_in_booking_seq
    AS integer
    START WITH 1
    INCREMENT BY 1
    NO MINVALUE
    NO MAXVALUE
    CACHE 1;


ALTER SEQUENCE public.room_in_booking_id_room_in_booking_seq OWNER TO xerogi;

--
-- Name: room_in_booking_id_room_in_booking_seq; Type: SEQUENCE OWNED BY; Schema: public; Owner: postgres
--

ALTER SEQUENCE public.room_in_booking_id_room_in_booking_seq OWNED BY public.room_in_booking.id_room_in_booking;


--
-- Name: booking id_booking; Type: DEFAULT; Schema: public; Owner: postgres
--

ALTER TABLE ONLY public.booking ALTER COLUMN id_booking SET DEFAULT nextval('public.booking_id_booking_seq'::regclass);


--
-- Name: client id_client; Type: DEFAULT; Schema: public; Owner: postgres
--

ALTER TABLE ONLY public.client ALTER COLUMN id_client SET DEFAULT nextval('public.client_id_client_seq'::regclass);


--
-- Name: hotel id_hotel; Type: DEFAULT; Schema: public; Owner: postgres
--

ALTER TABLE ONLY public.hotel ALTER COLUMN id_hotel SET DEFAULT nextval('public.hotel_id_hotel_seq'::regclass);


--
-- Name: room id_room; Type: DEFAULT; Schema: public; Owner: postgres
--

ALTER TABLE ONLY public.room ALTER COLUMN id_room SET DEFAULT nextval('public.room_id_room_seq'::regclass);


--
-- Name: room_category id_room_category; Type: DEFAULT; Schema: public; Owner: postgres
--

ALTER TABLE ONLY public.room_category ALTER COLUMN id_room_category SET DEFAULT nextval('public.room_category_id_room_category_seq'::regclass);


--
-- Name: room_in_booking id_room_in_booking; Type: DEFAULT; Schema: public; Owner: postgres
--

ALTER TABLE ONLY public.room_in_booking ALTER COLUMN id_room_in_booking SET DEFAULT nextval('public.room_in_booking_id_room_in_booking_seq'::regclass);


--
-- Data for Name: booking; Type: TABLE DATA; Schema: public; Owner: postgres
--

INSERT INTO public.booking VALUES (1, 35, '2019-01-05');
INSERT INTO public.booking VALUES (2, 23, '2019-02-17');
INSERT INTO public.booking VALUES (3, 19, '2019-02-28');
INSERT INTO public.booking VALUES (4, 23, '2019-02-08');
INSERT INTO public.booking VALUES (5, 3, '2019-02-09');
INSERT INTO public.booking VALUES (6, 14, '2019-01-14');
INSERT INTO public.booking VALUES (7, 39, '2019-02-09');
INSERT INTO public.booking VALUES (8, 26, '2019-02-06');
INSERT INTO public.booking VALUES (9, 12, '2019-01-21');
INSERT INTO public.booking VALUES (10, 25, '2019-01-11');
INSERT INTO public.booking VALUES (11, 79, '2019-02-24');
INSERT INTO public.booking VALUES (12, 32, '2019-02-22');
INSERT INTO public.booking VALUES (13, 23, '2019-01-19');
INSERT INTO public.booking VALUES (14, 33, '2019-01-15');
INSERT INTO public.booking VALUES (15, 10, '2019-02-21');
INSERT INTO public.booking VALUES (16, 34, '2019-02-23');
INSERT INTO public.booking VALUES (17, 77, '2019-02-02');
INSERT INTO public.booking VALUES (18, 37, '2019-01-29');
INSERT INTO public.booking VALUES (19, 29, '2019-01-09');
INSERT INTO public.booking VALUES (20, 44, '2019-01-07');
INSERT INTO public.booking VALUES (21, 18, '2019-01-30');
INSERT INTO public.booking VALUES (22, 12, '2019-01-23');
INSERT INTO public.booking VALUES (23, 70, '2019-01-09');
INSERT INTO public.booking VALUES (24, 70, '2019-02-28');
INSERT INTO public.booking VALUES (25, 56, '2019-01-03');
INSERT INTO public.booking VALUES (26, 6, '2019-02-06');
INSERT INTO public.booking VALUES (27, 38, '2019-02-18');
INSERT INTO public.booking VALUES (28, 32, '2019-01-01');
INSERT INTO public.booking VALUES (29, 79, '2019-01-24');
INSERT INTO public.booking VALUES (30, 58, '2019-01-12');
INSERT INTO public.booking VALUES (31, 23, '2019-02-10');
INSERT INTO public.booking VALUES (32, 1, '2019-02-10');
INSERT INTO public.booking VALUES (33, 42, '2019-02-04');
INSERT INTO public.booking VALUES (34, 79, '2019-01-31');
INSERT INTO public.booking VALUES (35, 73, '2019-02-05');
INSERT INTO public.booking VALUES (36, 65, '2019-01-18');
INSERT INTO public.booking VALUES (37, 75, '2019-02-23');
INSERT INTO public.booking VALUES (38, 50, '2019-02-20');
INSERT INTO public.booking VALUES (39, 45, '2019-02-24');
INSERT INTO public.booking VALUES (40, 27, '2019-01-04');
INSERT INTO public.booking VALUES (41, 69, '2019-01-16');
INSERT INTO public.booking VALUES (42, 52, '2019-02-13');
INSERT INTO public.booking VALUES (43, 80, '2019-01-10');
INSERT INTO public.booking VALUES (44, 14, '2019-01-26');
INSERT INTO public.booking VALUES (45, 6, '2019-02-14');
INSERT INTO public.booking VALUES (46, 71, '2019-02-17');
INSERT INTO public.booking VALUES (47, 81, '2019-01-04');
INSERT INTO public.booking VALUES (48, 83, '2019-02-06');
INSERT INTO public.booking VALUES (49, 5, '2019-02-13');
INSERT INTO public.booking VALUES (50, 15, '2019-01-15');
INSERT INTO public.booking VALUES (51, 17, '2019-02-19');
INSERT INTO public.booking VALUES (52, 74, '2019-01-30');
INSERT INTO public.booking VALUES (53, 70, '2019-02-19');
INSERT INTO public.booking VALUES (54, 25, '2019-01-28');
INSERT INTO public.booking VALUES (55, 13, '2019-02-05');
INSERT INTO public.booking VALUES (56, 58, '2019-02-16');
INSERT INTO public.booking VALUES (57, 34, '2019-01-03');
INSERT INTO public.booking VALUES (58, 25, '2019-02-01');
INSERT INTO public.booking VALUES (59, 46, '2019-01-30');
INSERT INTO public.booking VALUES (60, 42, '2019-01-27');
INSERT INTO public.booking VALUES (61, 63, '2019-02-03');
INSERT INTO public.booking VALUES (62, 69, '2019-02-06');
INSERT INTO public.booking VALUES (63, 46, '2019-02-02');
INSERT INTO public.booking VALUES (64, 10, '2019-01-25');
INSERT INTO public.booking VALUES (65, 47, '2019-02-25');
INSERT INTO public.booking VALUES (66, 78, '2019-01-26');
INSERT INTO public.booking VALUES (67, 6, '2019-02-05');
INSERT INTO public.booking VALUES (68, 76, '2019-01-26');
INSERT INTO public.booking VALUES (69, 43, '2019-01-30');
INSERT INTO public.booking VALUES (70, 51, '2019-01-08');
INSERT INTO public.booking VALUES (71, 28, '2019-01-23');
INSERT INTO public.booking VALUES (72, 62, '2019-01-30');
INSERT INTO public.booking VALUES (73, 68, '2019-02-04');
INSERT INTO public.booking VALUES (74, 68, '2019-01-14');
INSERT INTO public.booking VALUES (75, 22, '2019-02-14');
INSERT INTO public.booking VALUES (76, 27, '2019-01-07');
INSERT INTO public.booking VALUES (77, 79, '2019-02-24');
INSERT INTO public.booking VALUES (78, 77, '2019-01-08');
INSERT INTO public.booking VALUES (79, 82, '2019-01-09');
INSERT INTO public.booking VALUES (80, 37, '2019-01-08');
INSERT INTO public.booking VALUES (81, 29, '2019-01-19');
INSERT INTO public.booking VALUES (82, 71, '2019-02-03');
INSERT INTO public.booking VALUES (83, 41, '2019-02-08');
INSERT INTO public.booking VALUES (84, 85, '2019-02-12');
INSERT INTO public.booking VALUES (85, 84, '2019-02-19');
INSERT INTO public.booking VALUES (86, 82, '2019-02-12');
INSERT INTO public.booking VALUES (87, 76, '2019-01-31');
INSERT INTO public.booking VALUES (88, 69, '2019-01-24');
INSERT INTO public.booking VALUES (89, 72, '2019-01-26');
INSERT INTO public.booking VALUES (90, 68, '2019-02-05');
INSERT INTO public.booking VALUES (91, 50, '2019-01-02');
INSERT INTO public.booking VALUES (92, 7, '2019-02-19');
INSERT INTO public.booking VALUES (93, 67, '2019-01-05');
INSERT INTO public.booking VALUES (94, 55, '2019-02-06');
INSERT INTO public.booking VALUES (95, 3, '2019-02-06');
INSERT INTO public.booking VALUES (96, 41, '2019-01-23');
INSERT INTO public.booking VALUES (97, 72, '2019-02-07');
INSERT INTO public.booking VALUES (98, 65, '2019-02-19');
INSERT INTO public.booking VALUES (99, 39, '2019-02-17');
INSERT INTO public.booking VALUES (100, 54, '2019-02-21');
INSERT INTO public.booking VALUES (101, 32, '2019-02-12');
INSERT INTO public.booking VALUES (102, 20, '2019-01-04');
INSERT INTO public.booking VALUES (103, 10, '2019-01-21');
INSERT INTO public.booking VALUES (104, 51, '2019-01-01');
INSERT INTO public.booking VALUES (105, 67, '2019-01-15');
INSERT INTO public.booking VALUES (106, 20, '2019-01-14');
INSERT INTO public.booking VALUES (107, 31, '2019-01-19');
INSERT INTO public.booking VALUES (108, 21, '2019-01-10');
INSERT INTO public.booking VALUES (109, 7, '2019-01-05');
INSERT INTO public.booking VALUES (110, 24, '2019-01-21');
INSERT INTO public.booking VALUES (111, 82, '2019-01-03');
INSERT INTO public.booking VALUES (112, 60, '2019-01-31');
INSERT INTO public.booking VALUES (113, 70, '2019-02-14');
INSERT INTO public.booking VALUES (114, 44, '2019-02-07');
INSERT INTO public.booking VALUES (115, 68, '2019-02-15');
INSERT INTO public.booking VALUES (116, 83, '2019-01-09');
INSERT INTO public.booking VALUES (117, 28, '2019-01-25');
INSERT INTO public.booking VALUES (118, 22, '2019-02-21');
INSERT INTO public.booking VALUES (119, 75, '2019-01-22');
INSERT INTO public.booking VALUES (120, 36, '2019-01-25');
INSERT INTO public.booking VALUES (121, 3, '2019-02-25');
INSERT INTO public.booking VALUES (122, 16, '2019-01-20');
INSERT INTO public.booking VALUES (123, 55, '2019-02-23');
INSERT INTO public.booking VALUES (124, 17, '2019-01-30');
INSERT INTO public.booking VALUES (125, 60, '2019-01-08');
INSERT INTO public.booking VALUES (126, 24, '2019-01-11');
INSERT INTO public.booking VALUES (127, 34, '2019-02-23');
INSERT INTO public.booking VALUES (128, 64, '2019-01-21');
INSERT INTO public.booking VALUES (129, 27, '2019-02-01');
INSERT INTO public.booking VALUES (130, 5, '2019-01-16');
INSERT INTO public.booking VALUES (131, 74, '2019-01-20');
INSERT INTO public.booking VALUES (132, 28, '2019-02-15');
INSERT INTO public.booking VALUES (133, 42, '2019-02-24');
INSERT INTO public.booking VALUES (134, 49, '2019-02-08');
INSERT INTO public.booking VALUES (135, 76, '2019-02-17');
INSERT INTO public.booking VALUES (136, 13, '2019-01-27');
INSERT INTO public.booking VALUES (137, 77, '2019-01-10');
INSERT INTO public.booking VALUES (138, 9, '2019-01-18');
INSERT INTO public.booking VALUES (139, 22, '2019-02-26');
INSERT INTO public.booking VALUES (140, 82, '2019-02-07');
INSERT INTO public.booking VALUES (141, 2, '2019-01-02');
INSERT INTO public.booking VALUES (142, 24, '2019-02-19');
INSERT INTO public.booking VALUES (143, 85, '2019-01-12');
INSERT INTO public.booking VALUES (144, 4, '2019-02-26');
INSERT INTO public.booking VALUES (145, 75, '2019-02-23');
INSERT INTO public.booking VALUES (146, 72, '2019-01-30');
INSERT INTO public.booking VALUES (147, 80, '2019-01-22');
INSERT INTO public.booking VALUES (148, 2, '2019-01-24');
INSERT INTO public.booking VALUES (149, 41, '2019-02-06');
INSERT INTO public.booking VALUES (150, 19, '2019-01-23');
INSERT INTO public.booking VALUES (151, 32, '2019-01-18');
INSERT INTO public.booking VALUES (152, 64, '2019-02-28');
INSERT INTO public.booking VALUES (153, 48, '2019-01-18');
INSERT INTO public.booking VALUES (154, 84, '2019-01-22');
INSERT INTO public.booking VALUES (155, 66, '2019-01-10');
INSERT INTO public.booking VALUES (156, 36, '2019-02-04');
INSERT INTO public.booking VALUES (157, 4, '2019-01-14');
INSERT INTO public.booking VALUES (158, 35, '2019-02-10');
INSERT INTO public.booking VALUES (159, 27, '2019-01-19');
INSERT INTO public.booking VALUES (160, 3, '2019-02-21');
INSERT INTO public.booking VALUES (161, 26, '2019-01-26');
INSERT INTO public.booking VALUES (162, 34, '2019-01-27');
INSERT INTO public.booking VALUES (163, 42, '2019-02-09');
INSERT INTO public.booking VALUES (164, 74, '2019-02-14');
INSERT INTO public.booking VALUES (165, 64, '2019-02-25');
INSERT INTO public.booking VALUES (166, 66, '2019-02-05');
INSERT INTO public.booking VALUES (167, 38, '2019-02-05');
INSERT INTO public.booking VALUES (168, 72, '2019-01-05');
INSERT INTO public.booking VALUES (169, 79, '2019-01-30');
INSERT INTO public.booking VALUES (170, 32, '2019-01-31');
INSERT INTO public.booking VALUES (171, 53, '2019-02-25');
INSERT INTO public.booking VALUES (172, 57, '2019-02-16');
INSERT INTO public.booking VALUES (173, 11, '2019-02-20');
INSERT INTO public.booking VALUES (174, 2, '2019-01-03');
INSERT INTO public.booking VALUES (175, 12, '2019-01-02');
INSERT INTO public.booking VALUES (176, 17, '2019-01-18');
INSERT INTO public.booking VALUES (177, 35, '2019-02-02');
INSERT INTO public.booking VALUES (178, 67, '2019-01-27');
INSERT INTO public.booking VALUES (179, 31, '2019-01-01');
INSERT INTO public.booking VALUES (180, 79, '2019-02-17');
INSERT INTO public.booking VALUES (181, 85, '2019-02-27');
INSERT INTO public.booking VALUES (182, 22, '2019-02-09');
INSERT INTO public.booking VALUES (183, 45, '2019-02-08');
INSERT INTO public.booking VALUES (184, 62, '2019-01-31');
INSERT INTO public.booking VALUES (185, 75, '2019-02-16');
INSERT INTO public.booking VALUES (186, 48, '2019-02-22');
INSERT INTO public.booking VALUES (187, 57, '2019-01-29');
INSERT INTO public.booking VALUES (188, 52, '2019-01-19');
INSERT INTO public.booking VALUES (189, 84, '2019-02-10');
INSERT INTO public.booking VALUES (190, 20, '2019-01-06');
INSERT INTO public.booking VALUES (191, 4, '2019-02-02');
INSERT INTO public.booking VALUES (192, 36, '2019-02-05');
INSERT INTO public.booking VALUES (193, 9, '2019-02-14');
INSERT INTO public.booking VALUES (194, 51, '2019-02-23');
INSERT INTO public.booking VALUES (195, 82, '2019-01-01');
INSERT INTO public.booking VALUES (196, 57, '2019-01-07');
INSERT INTO public.booking VALUES (197, 8, '2019-01-16');
INSERT INTO public.booking VALUES (198, 14, '2019-02-20');
INSERT INTO public.booking VALUES (199, 75, '2019-01-16');
INSERT INTO public.booking VALUES (200, 8, '2019-01-02');
INSERT INTO public.booking VALUES (201, 46, '2019-01-25');
INSERT INTO public.booking VALUES (202, 29, '2019-02-07');
INSERT INTO public.booking VALUES (203, 53, '2019-01-10');
INSERT INTO public.booking VALUES (204, 85, '2019-01-31');
INSERT INTO public.booking VALUES (205, 6, '2019-02-09');
INSERT INTO public.booking VALUES (206, 17, '2019-01-14');
INSERT INTO public.booking VALUES (207, 69, '2019-02-08');
INSERT INTO public.booking VALUES (208, 35, '2019-01-02');
INSERT INTO public.booking VALUES (209, 22, '2019-01-25');
INSERT INTO public.booking VALUES (210, 48, '2019-02-19');
INSERT INTO public.booking VALUES (211, 31, '2019-01-21');
INSERT INTO public.booking VALUES (212, 21, '2019-02-20');
INSERT INTO public.booking VALUES (213, 44, '2019-02-27');
INSERT INTO public.booking VALUES (214, 72, '2019-02-27');
INSERT INTO public.booking VALUES (215, 51, '2019-02-07');
INSERT INTO public.booking VALUES (216, 44, '2019-02-07');
INSERT INTO public.booking VALUES (217, 78, '2019-02-01');
INSERT INTO public.booking VALUES (218, 20, '2019-02-23');
INSERT INTO public.booking VALUES (219, 84, '2019-02-11');
INSERT INTO public.booking VALUES (220, 85, '2019-01-31');
INSERT INTO public.booking VALUES (221, 44, '2019-02-18');
INSERT INTO public.booking VALUES (222, 51, '2019-02-26');
INSERT INTO public.booking VALUES (223, 47, '2019-02-09');
INSERT INTO public.booking VALUES (224, 2, '2019-01-23');
INSERT INTO public.booking VALUES (225, 57, '2019-01-08');
INSERT INTO public.booking VALUES (226, 68, '2019-02-27');
INSERT INTO public.booking VALUES (227, 36, '2019-02-03');
INSERT INTO public.booking VALUES (228, 22, '2019-01-31');
INSERT INTO public.booking VALUES (229, 72, '2019-01-15');
INSERT INTO public.booking VALUES (230, 33, '2019-01-20');
INSERT INTO public.booking VALUES (231, 6, '2019-02-09');
INSERT INTO public.booking VALUES (232, 62, '2019-02-15');
INSERT INTO public.booking VALUES (233, 58, '2019-02-15');
INSERT INTO public.booking VALUES (234, 32, '2019-01-11');
INSERT INTO public.booking VALUES (235, 76, '2019-02-24');
INSERT INTO public.booking VALUES (236, 23, '2019-01-16');
INSERT INTO public.booking VALUES (237, 21, '2019-01-08');
INSERT INTO public.booking VALUES (238, 34, '2019-02-01');
INSERT INTO public.booking VALUES (239, 36, '2019-02-21');
INSERT INTO public.booking VALUES (240, 38, '2019-02-14');
INSERT INTO public.booking VALUES (241, 69, '2019-01-09');
INSERT INTO public.booking VALUES (242, 68, '2019-01-29');
INSERT INTO public.booking VALUES (243, 3, '2019-01-06');
INSERT INTO public.booking VALUES (244, 62, '2019-01-06');
INSERT INTO public.booking VALUES (245, 73, '2019-02-22');
INSERT INTO public.booking VALUES (246, 36, '2019-02-24');
INSERT INTO public.booking VALUES (247, 67, '2019-01-05');
INSERT INTO public.booking VALUES (248, 62, '2019-02-08');
INSERT INTO public.booking VALUES (249, 23, '2019-01-27');
INSERT INTO public.booking VALUES (250, 59, '2019-02-26');
INSERT INTO public.booking VALUES (251, 29, '2019-01-22');
INSERT INTO public.booking VALUES (252, 44, '2019-02-10');
INSERT INTO public.booking VALUES (253, 33, '2019-02-19');
INSERT INTO public.booking VALUES (254, 8, '2019-02-22');
INSERT INTO public.booking VALUES (255, 26, '2019-02-09');
INSERT INTO public.booking VALUES (256, 11, '2019-01-03');
INSERT INTO public.booking VALUES (257, 12, '2019-02-15');
INSERT INTO public.booking VALUES (258, 65, '2019-01-09');
INSERT INTO public.booking VALUES (259, 32, '2019-01-15');
INSERT INTO public.booking VALUES (260, 71, '2019-02-08');
INSERT INTO public.booking VALUES (261, 71, '2019-01-07');
INSERT INTO public.booking VALUES (262, 25, '2019-01-25');
INSERT INTO public.booking VALUES (263, 17, '2019-02-07');
INSERT INTO public.booking VALUES (264, 23, '2019-02-28');
INSERT INTO public.booking VALUES (265, 58, '2019-02-08');
INSERT INTO public.booking VALUES (266, 34, '2019-02-13');
INSERT INTO public.booking VALUES (267, 69, '2019-02-02');
INSERT INTO public.booking VALUES (268, 83, '2019-01-12');
INSERT INTO public.booking VALUES (269, 3, '2019-02-08');
INSERT INTO public.booking VALUES (270, 49, '2019-02-09');
INSERT INTO public.booking VALUES (271, 15, '2019-01-13');
INSERT INTO public.booking VALUES (272, 66, '2019-01-30');
INSERT INTO public.booking VALUES (273, 31, '2019-01-18');
INSERT INTO public.booking VALUES (274, 15, '2019-01-17');
INSERT INTO public.booking VALUES (275, 47, '2019-02-27');
INSERT INTO public.booking VALUES (276, 79, '2019-02-08');
INSERT INTO public.booking VALUES (277, 46, '2019-02-15');
INSERT INTO public.booking VALUES (278, 84, '2019-01-31');
INSERT INTO public.booking VALUES (279, 57, '2019-01-30');
INSERT INTO public.booking VALUES (280, 9, '2019-01-09');
INSERT INTO public.booking VALUES (281, 77, '2019-01-05');
INSERT INTO public.booking VALUES (282, 85, '2019-01-08');
INSERT INTO public.booking VALUES (283, 44, '2019-01-26');
INSERT INTO public.booking VALUES (284, 64, '2019-02-24');
INSERT INTO public.booking VALUES (285, 61, '2019-02-06');
INSERT INTO public.booking VALUES (286, 34, '2019-01-05');
INSERT INTO public.booking VALUES (287, 31, '2019-01-20');
INSERT INTO public.booking VALUES (288, 55, '2019-01-09');
INSERT INTO public.booking VALUES (289, 1, '2019-02-11');
INSERT INTO public.booking VALUES (290, 63, '2019-01-23');
INSERT INTO public.booking VALUES (291, 35, '2019-02-09');
INSERT INTO public.booking VALUES (292, 21, '2019-02-27');
INSERT INTO public.booking VALUES (293, 83, '2019-02-01');
INSERT INTO public.booking VALUES (294, 50, '2019-01-06');
INSERT INTO public.booking VALUES (295, 7, '2019-02-10');
INSERT INTO public.booking VALUES (296, 26, '2019-02-06');
INSERT INTO public.booking VALUES (297, 2, '2019-02-28');
INSERT INTO public.booking VALUES (298, 2, '2019-02-21');
INSERT INTO public.booking VALUES (299, 37, '2019-01-15');
INSERT INTO public.booking VALUES (300, 83, '2019-01-12');
INSERT INTO public.booking VALUES (301, 77, '2019-02-21');
INSERT INTO public.booking VALUES (302, 46, '2019-02-08');
INSERT INTO public.booking VALUES (303, 72, '2019-02-09');
INSERT INTO public.booking VALUES (304, 68, '2019-01-19');
INSERT INTO public.booking VALUES (305, 84, '2019-01-09');
INSERT INTO public.booking VALUES (306, 21, '2019-02-18');
INSERT INTO public.booking VALUES (307, 4, '2019-01-29');
INSERT INTO public.booking VALUES (308, 78, '2019-02-01');
INSERT INTO public.booking VALUES (309, 17, '2019-02-22');
INSERT INTO public.booking VALUES (310, 27, '2019-02-20');
INSERT INTO public.booking VALUES (311, 39, '2019-02-06');
INSERT INTO public.booking VALUES (312, 50, '2019-01-12');
INSERT INTO public.booking VALUES (313, 21, '2019-01-29');
INSERT INTO public.booking VALUES (314, 3, '2019-01-08');
INSERT INTO public.booking VALUES (315, 53, '2019-01-01');
INSERT INTO public.booking VALUES (316, 1, '2019-02-21');
INSERT INTO public.booking VALUES (317, 16, '2019-01-21');
INSERT INTO public.booking VALUES (318, 38, '2019-02-08');
INSERT INTO public.booking VALUES (319, 38, '2019-01-03');
INSERT INTO public.booking VALUES (320, 4, '2019-02-17');
INSERT INTO public.booking VALUES (321, 29, '2019-01-13');
INSERT INTO public.booking VALUES (322, 16, '2019-01-16');
INSERT INTO public.booking VALUES (323, 6, '2019-01-18');
INSERT INTO public.booking VALUES (324, 19, '2019-02-11');
INSERT INTO public.booking VALUES (325, 30, '2019-02-17');
INSERT INTO public.booking VALUES (326, 73, '2019-02-21');
INSERT INTO public.booking VALUES (327, 26, '2019-01-29');
INSERT INTO public.booking VALUES (328, 47, '2019-01-25');
INSERT INTO public.booking VALUES (329, 60, '2019-01-05');
INSERT INTO public.booking VALUES (330, 33, '2019-01-31');
INSERT INTO public.booking VALUES (331, 32, '2019-01-27');
INSERT INTO public.booking VALUES (332, 19, '2019-02-14');
INSERT INTO public.booking VALUES (333, 28, '2019-01-09');
INSERT INTO public.booking VALUES (334, 66, '2019-02-19');
INSERT INTO public.booking VALUES (335, 64, '2019-01-25');
INSERT INTO public.booking VALUES (336, 20, '2019-01-29');
INSERT INTO public.booking VALUES (337, 54, '2019-01-27');
INSERT INTO public.booking VALUES (338, 2, '2019-01-27');
INSERT INTO public.booking VALUES (339, 37, '2019-01-01');
INSERT INTO public.booking VALUES (340, 39, '2019-01-04');
INSERT INTO public.booking VALUES (341, 59, '2019-01-20');
INSERT INTO public.booking VALUES (342, 9, '2019-02-22');
INSERT INTO public.booking VALUES (343, 84, '2019-02-06');
INSERT INTO public.booking VALUES (344, 26, '2019-02-08');
INSERT INTO public.booking VALUES (345, 35, '2019-01-28');
INSERT INTO public.booking VALUES (346, 11, '2019-02-19');
INSERT INTO public.booking VALUES (347, 27, '2019-01-25');
INSERT INTO public.booking VALUES (348, 78, '2019-01-15');
INSERT INTO public.booking VALUES (349, 4, '2019-02-18');
INSERT INTO public.booking VALUES (350, 60, '2019-01-31');
INSERT INTO public.booking VALUES (351, 66, '2019-01-29');
INSERT INTO public.booking VALUES (352, 69, '2019-02-02');
INSERT INTO public.booking VALUES (353, 61, '2019-01-26');
INSERT INTO public.booking VALUES (354, 19, '2019-02-11');
INSERT INTO public.booking VALUES (355, 7, '2019-02-20');
INSERT INTO public.booking VALUES (356, 76, '2019-02-06');
INSERT INTO public.booking VALUES (357, 18, '2019-01-15');
INSERT INTO public.booking VALUES (358, 39, '2019-01-15');
INSERT INTO public.booking VALUES (359, 59, '2019-01-08');
INSERT INTO public.booking VALUES (360, 63, '2019-02-25');
INSERT INTO public.booking VALUES (361, 75, '2019-02-23');
INSERT INTO public.booking VALUES (362, 58, '2019-01-23');
INSERT INTO public.booking VALUES (363, 45, '2019-02-12');
INSERT INTO public.booking VALUES (364, 39, '2019-01-17');
INSERT INTO public.booking VALUES (365, 39, '2019-01-22');
INSERT INTO public.booking VALUES (366, 47, '2019-02-04');
INSERT INTO public.booking VALUES (367, 74, '2019-02-03');
INSERT INTO public.booking VALUES (368, 40, '2019-01-31');
INSERT INTO public.booking VALUES (369, 1, '2019-02-23');
INSERT INTO public.booking VALUES (370, 3, '2019-02-06');
INSERT INTO public.booking VALUES (371, 29, '2019-01-09');
INSERT INTO public.booking VALUES (372, 61, '2019-01-12');
INSERT INTO public.booking VALUES (373, 11, '2019-02-14');
INSERT INTO public.booking VALUES (374, 58, '2019-02-15');
INSERT INTO public.booking VALUES (375, 51, '2019-02-09');
INSERT INTO public.booking VALUES (376, 53, '2019-02-26');
INSERT INTO public.booking VALUES (377, 64, '2019-01-21');
INSERT INTO public.booking VALUES (378, 5, '2019-01-31');
INSERT INTO public.booking VALUES (379, 62, '2019-02-12');
INSERT INTO public.booking VALUES (380, 39, '2019-01-31');
INSERT INTO public.booking VALUES (381, 78, '2019-01-16');
INSERT INTO public.booking VALUES (382, 77, '2019-02-15');
INSERT INTO public.booking VALUES (383, 45, '2019-02-05');
INSERT INTO public.booking VALUES (384, 78, '2019-02-11');
INSERT INTO public.booking VALUES (385, 45, '2019-01-01');
INSERT INTO public.booking VALUES (386, 73, '2019-01-07');
INSERT INTO public.booking VALUES (387, 53, '2019-01-28');
INSERT INTO public.booking VALUES (388, 64, '2019-01-12');
INSERT INTO public.booking VALUES (389, 59, '2019-01-22');
INSERT INTO public.booking VALUES (390, 85, '2019-01-08');
INSERT INTO public.booking VALUES (391, 10, '2019-01-05');
INSERT INTO public.booking VALUES (392, 47, '2019-02-13');
INSERT INTO public.booking VALUES (393, 73, '2019-02-21');
INSERT INTO public.booking VALUES (394, 74, '2019-02-08');
INSERT INTO public.booking VALUES (395, 55, '2019-01-03');
INSERT INTO public.booking VALUES (396, 24, '2019-02-15');
INSERT INTO public.booking VALUES (397, 40, '2019-02-02');
INSERT INTO public.booking VALUES (398, 15, '2019-01-08');
INSERT INTO public.booking VALUES (399, 29, '2019-02-18');
INSERT INTO public.booking VALUES (400, 74, '2019-02-25');
INSERT INTO public.booking VALUES (401, 38, '2019-01-16');
INSERT INTO public.booking VALUES (402, 15, '2019-02-13');
INSERT INTO public.booking VALUES (403, 7, '2019-02-01');
INSERT INTO public.booking VALUES (404, 70, '2019-02-21');
INSERT INTO public.booking VALUES (405, 26, '2019-02-25');
INSERT INTO public.booking VALUES (406, 50, '2019-01-15');
INSERT INTO public.booking VALUES (407, 30, '2019-02-15');
INSERT INTO public.booking VALUES (408, 57, '2019-01-27');
INSERT INTO public.booking VALUES (409, 68, '2019-02-17');
INSERT INTO public.booking VALUES (410, 82, '2019-01-31');
INSERT INTO public.booking VALUES (411, 72, '2019-01-16');
INSERT INTO public.booking VALUES (412, 80, '2019-01-26');
INSERT INTO public.booking VALUES (413, 74, '2019-02-06');
INSERT INTO public.booking VALUES (414, 42, '2019-02-11');
INSERT INTO public.booking VALUES (415, 79, '2019-02-08');
INSERT INTO public.booking VALUES (416, 51, '2019-02-09');
INSERT INTO public.booking VALUES (417, 11, '2019-01-25');
INSERT INTO public.booking VALUES (418, 66, '2019-02-18');
INSERT INTO public.booking VALUES (419, 19, '2019-01-03');
INSERT INTO public.booking VALUES (420, 29, '2019-02-22');
INSERT INTO public.booking VALUES (421, 81, '2019-01-16');
INSERT INTO public.booking VALUES (422, 79, '2019-02-24');
INSERT INTO public.booking VALUES (423, 20, '2019-01-06');
INSERT INTO public.booking VALUES (424, 52, '2019-01-14');
INSERT INTO public.booking VALUES (425, 46, '2019-02-14');
INSERT INTO public.booking VALUES (426, 44, '2019-01-20');
INSERT INTO public.booking VALUES (427, 42, '2019-01-30');
INSERT INTO public.booking VALUES (428, 57, '2019-01-24');
INSERT INTO public.booking VALUES (429, 31, '2019-02-24');
INSERT INTO public.booking VALUES (430, 31, '2019-02-19');
INSERT INTO public.booking VALUES (431, 6, '2019-02-05');
INSERT INTO public.booking VALUES (432, 85, '2019-01-22');
INSERT INTO public.booking VALUES (433, 20, '2019-02-27');
INSERT INTO public.booking VALUES (434, 29, '2019-02-12');
INSERT INTO public.booking VALUES (435, 13, '2019-01-23');
INSERT INTO public.booking VALUES (436, 29, '2019-02-04');
INSERT INTO public.booking VALUES (437, 14, '2019-01-20');
INSERT INTO public.booking VALUES (438, 67, '2019-02-13');
INSERT INTO public.booking VALUES (439, 47, '2019-01-16');
INSERT INTO public.booking VALUES (440, 83, '2019-02-03');
INSERT INTO public.booking VALUES (441, 27, '2019-02-18');
INSERT INTO public.booking VALUES (442, 70, '2019-02-10');
INSERT INTO public.booking VALUES (443, 13, '2019-01-09');
INSERT INTO public.booking VALUES (444, 39, '2019-02-19');
INSERT INTO public.booking VALUES (445, 84, '2019-02-25');
INSERT INTO public.booking VALUES (446, 44, '2019-02-01');
INSERT INTO public.booking VALUES (447, 68, '2019-01-19');
INSERT INTO public.booking VALUES (448, 55, '2019-02-16');
INSERT INTO public.booking VALUES (449, 16, '2019-02-02');
INSERT INTO public.booking VALUES (450, 33, '2019-01-28');
INSERT INTO public.booking VALUES (451, 10, '2019-01-09');
INSERT INTO public.booking VALUES (452, 75, '2019-02-24');
INSERT INTO public.booking VALUES (453, 4, '2019-02-28');
INSERT INTO public.booking VALUES (454, 60, '2019-01-28');
INSERT INTO public.booking VALUES (455, 40, '2019-01-10');
INSERT INTO public.booking VALUES (456, 48, '2019-01-06');
INSERT INTO public.booking VALUES (457, 40, '2019-01-20');
INSERT INTO public.booking VALUES (458, 7, '2019-02-17');
INSERT INTO public.booking VALUES (459, 67, '2019-02-27');
INSERT INTO public.booking VALUES (460, 35, '2019-02-25');
INSERT INTO public.booking VALUES (461, 7, '2019-01-06');
INSERT INTO public.booking VALUES (462, 52, '2019-02-23');
INSERT INTO public.booking VALUES (463, 56, '2019-02-06');
INSERT INTO public.booking VALUES (464, 2, '2019-01-31');
INSERT INTO public.booking VALUES (465, 12, '2019-01-09');
INSERT INTO public.booking VALUES (466, 53, '2019-02-09');
INSERT INTO public.booking VALUES (467, 19, '2019-02-19');
INSERT INTO public.booking VALUES (468, 40, '2019-01-15');
INSERT INTO public.booking VALUES (469, 63, '2019-01-05');
INSERT INTO public.booking VALUES (470, 74, '2019-01-02');
INSERT INTO public.booking VALUES (471, 39, '2019-01-14');
INSERT INTO public.booking VALUES (472, 46, '2019-02-03');
INSERT INTO public.booking VALUES (473, 43, '2019-02-17');
INSERT INTO public.booking VALUES (474, 51, '2019-02-20');
INSERT INTO public.booking VALUES (475, 14, '2019-01-05');
INSERT INTO public.booking VALUES (476, 25, '2019-01-03');
INSERT INTO public.booking VALUES (477, 83, '2019-02-08');
INSERT INTO public.booking VALUES (478, 63, '2019-01-18');
INSERT INTO public.booking VALUES (479, 18, '2019-01-09');
INSERT INTO public.booking VALUES (480, 58, '2019-02-03');
INSERT INTO public.booking VALUES (481, 2, '2019-01-08');
INSERT INTO public.booking VALUES (482, 72, '2019-01-24');
INSERT INTO public.booking VALUES (483, 77, '2019-02-01');
INSERT INTO public.booking VALUES (484, 21, '2019-02-28');
INSERT INTO public.booking VALUES (485, 29, '2019-01-23');
INSERT INTO public.booking VALUES (486, 47, '2019-01-07');
INSERT INTO public.booking VALUES (487, 49, '2019-02-19');
INSERT INTO public.booking VALUES (488, 13, '2019-01-19');
INSERT INTO public.booking VALUES (489, 7, '2019-01-29');
INSERT INTO public.booking VALUES (490, 15, '2019-01-12');
INSERT INTO public.booking VALUES (491, 23, '2019-02-22');
INSERT INTO public.booking VALUES (492, 75, '2019-02-12');
INSERT INTO public.booking VALUES (493, 36, '2019-01-30');
INSERT INTO public.booking VALUES (494, 49, '2019-01-23');
INSERT INTO public.booking VALUES (495, 83, '2019-01-08');
INSERT INTO public.booking VALUES (496, 54, '2019-01-20');
INSERT INTO public.booking VALUES (497, 10, '2019-02-06');
INSERT INTO public.booking VALUES (498, 45, '2019-01-07');
INSERT INTO public.booking VALUES (499, 31, '2019-01-22');
INSERT INTO public.booking VALUES (500, 40, '2019-01-24');
INSERT INTO public.booking VALUES (501, 39, '2019-02-11');
INSERT INTO public.booking VALUES (502, 77, '2019-02-22');
INSERT INTO public.booking VALUES (503, 74, '2019-01-16');
INSERT INTO public.booking VALUES (504, 15, '2019-01-06');
INSERT INTO public.booking VALUES (505, 38, '2019-01-25');
INSERT INTO public.booking VALUES (506, 15, '2019-01-29');
INSERT INTO public.booking VALUES (507, 70, '2019-02-19');
INSERT INTO public.booking VALUES (508, 70, '2019-02-04');
INSERT INTO public.booking VALUES (509, 15, '2019-02-25');
INSERT INTO public.booking VALUES (510, 24, '2019-01-01');
INSERT INTO public.booking VALUES (511, 16, '2019-02-22');
INSERT INTO public.booking VALUES (512, 40, '2019-01-09');
INSERT INTO public.booking VALUES (513, 31, '2019-01-14');
INSERT INTO public.booking VALUES (514, 22, '2019-01-22');
INSERT INTO public.booking VALUES (515, 67, '2019-01-06');
INSERT INTO public.booking VALUES (516, 22, '2019-02-25');
INSERT INTO public.booking VALUES (517, 31, '2019-01-01');
INSERT INTO public.booking VALUES (518, 57, '2019-01-09');
INSERT INTO public.booking VALUES (519, 2, '2019-01-09');
INSERT INTO public.booking VALUES (520, 79, '2019-02-03');
INSERT INTO public.booking VALUES (521, 77, '2019-02-14');
INSERT INTO public.booking VALUES (522, 14, '2019-02-02');
INSERT INTO public.booking VALUES (523, 64, '2019-02-12');
INSERT INTO public.booking VALUES (524, 12, '2019-02-13');
INSERT INTO public.booking VALUES (525, 68, '2019-02-07');
INSERT INTO public.booking VALUES (526, 43, '2019-01-24');
INSERT INTO public.booking VALUES (527, 78, '2019-02-09');
INSERT INTO public.booking VALUES (528, 69, '2019-01-20');
INSERT INTO public.booking VALUES (529, 66, '2019-01-19');
INSERT INTO public.booking VALUES (530, 47, '2019-02-09');
INSERT INTO public.booking VALUES (531, 7, '2019-01-18');
INSERT INTO public.booking VALUES (532, 24, '2019-02-25');
INSERT INTO public.booking VALUES (533, 30, '2019-02-25');
INSERT INTO public.booking VALUES (534, 24, '2019-01-22');
INSERT INTO public.booking VALUES (535, 2, '2019-01-20');
INSERT INTO public.booking VALUES (536, 61, '2019-02-05');
INSERT INTO public.booking VALUES (537, 62, '2019-01-14');
INSERT INTO public.booking VALUES (538, 71, '2019-01-27');
INSERT INTO public.booking VALUES (539, 13, '2019-02-22');
INSERT INTO public.booking VALUES (540, 46, '2019-02-05');
INSERT INTO public.booking VALUES (541, 20, '2019-01-29');
INSERT INTO public.booking VALUES (542, 64, '2019-02-16');
INSERT INTO public.booking VALUES (543, 31, '2019-02-04');
INSERT INTO public.booking VALUES (544, 46, '2019-02-16');
INSERT INTO public.booking VALUES (545, 24, '2019-01-03');
INSERT INTO public.booking VALUES (546, 18, '2019-01-18');
INSERT INTO public.booking VALUES (547, 30, '2019-01-13');
INSERT INTO public.booking VALUES (548, 67, '2019-02-12');
INSERT INTO public.booking VALUES (549, 8, '2019-01-03');
INSERT INTO public.booking VALUES (550, 4, '2019-01-26');
INSERT INTO public.booking VALUES (551, 80, '2019-01-06');
INSERT INTO public.booking VALUES (552, 71, '2019-01-03');
INSERT INTO public.booking VALUES (553, 47, '2019-01-01');
INSERT INTO public.booking VALUES (554, 2, '2019-01-13');
INSERT INTO public.booking VALUES (555, 46, '2019-01-12');
INSERT INTO public.booking VALUES (556, 33, '2019-01-06');
INSERT INTO public.booking VALUES (557, 43, '2019-02-10');
INSERT INTO public.booking VALUES (558, 47, '2019-01-28');
INSERT INTO public.booking VALUES (559, 55, '2019-02-01');
INSERT INTO public.booking VALUES (560, 8, '2019-01-21');
INSERT INTO public.booking VALUES (561, 78, '2019-01-23');
INSERT INTO public.booking VALUES (562, 46, '2019-02-18');
INSERT INTO public.booking VALUES (563, 73, '2019-01-15');
INSERT INTO public.booking VALUES (564, 53, '2019-02-01');
INSERT INTO public.booking VALUES (565, 27, '2019-01-22');
INSERT INTO public.booking VALUES (566, 84, '2019-02-17');
INSERT INTO public.booking VALUES (567, 16, '2019-01-24');
INSERT INTO public.booking VALUES (568, 84, '2019-01-03');
INSERT INTO public.booking VALUES (569, 44, '2019-02-06');
INSERT INTO public.booking VALUES (570, 44, '2019-02-17');
INSERT INTO public.booking VALUES (571, 22, '2019-02-21');
INSERT INTO public.booking VALUES (572, 74, '2019-01-16');
INSERT INTO public.booking VALUES (573, 70, '2019-01-05');
INSERT INTO public.booking VALUES (574, 26, '2019-01-05');
INSERT INTO public.booking VALUES (575, 53, '2019-02-14');
INSERT INTO public.booking VALUES (576, 42, '2019-02-25');
INSERT INTO public.booking VALUES (577, 82, '2019-02-01');
INSERT INTO public.booking VALUES (578, 14, '2019-01-05');
INSERT INTO public.booking VALUES (579, 78, '2019-01-27');
INSERT INTO public.booking VALUES (580, 5, '2019-01-04');
INSERT INTO public.booking VALUES (581, 42, '2019-02-10');
INSERT INTO public.booking VALUES (582, 38, '2019-02-04');
INSERT INTO public.booking VALUES (583, 3, '2019-02-09');
INSERT INTO public.booking VALUES (584, 51, '2019-01-05');
INSERT INTO public.booking VALUES (585, 54, '2019-01-06');
INSERT INTO public.booking VALUES (586, 76, '2019-02-02');
INSERT INTO public.booking VALUES (587, 72, '2019-02-18');
INSERT INTO public.booking VALUES (588, 6, '2019-02-23');
INSERT INTO public.booking VALUES (589, 48, '2019-01-22');
INSERT INTO public.booking VALUES (590, 35, '2019-02-09');
INSERT INTO public.booking VALUES (591, 20, '2019-01-12');
INSERT INTO public.booking VALUES (592, 32, '2019-01-09');
INSERT INTO public.booking VALUES (593, 75, '2019-02-08');
INSERT INTO public.booking VALUES (594, 67, '2019-01-09');
INSERT INTO public.booking VALUES (595, 33, '2019-02-21');
INSERT INTO public.booking VALUES (596, 8, '2019-01-24');
INSERT INTO public.booking VALUES (597, 81, '2019-01-22');
INSERT INTO public.booking VALUES (598, 13, '2019-01-14');
INSERT INTO public.booking VALUES (599, 2, '2019-02-13');
INSERT INTO public.booking VALUES (600, 78, '2019-02-02');
INSERT INTO public.booking VALUES (601, 5, '2019-01-20');
INSERT INTO public.booking VALUES (602, 11, '2019-02-16');
INSERT INTO public.booking VALUES (603, 8, '2019-02-03');
INSERT INTO public.booking VALUES (604, 81, '2019-02-16');
INSERT INTO public.booking VALUES (605, 32, '2019-01-24');
INSERT INTO public.booking VALUES (606, 81, '2019-01-30');
INSERT INTO public.booking VALUES (607, 32, '2019-02-28');
INSERT INTO public.booking VALUES (608, 78, '2019-01-14');
INSERT INTO public.booking VALUES (609, 47, '2019-01-24');
INSERT INTO public.booking VALUES (610, 26, '2019-01-13');
INSERT INTO public.booking VALUES (611, 63, '2019-01-10');
INSERT INTO public.booking VALUES (612, 11, '2019-01-07');
INSERT INTO public.booking VALUES (613, 1, '2019-01-28');
INSERT INTO public.booking VALUES (614, 13, '2019-01-24');
INSERT INTO public.booking VALUES (615, 71, '2019-01-27');
INSERT INTO public.booking VALUES (616, 42, '2019-01-13');
INSERT INTO public.booking VALUES (617, 63, '2019-02-01');
INSERT INTO public.booking VALUES (618, 10, '2019-01-10');
INSERT INTO public.booking VALUES (619, 11, '2019-02-14');
INSERT INTO public.booking VALUES (620, 18, '2019-02-24');
INSERT INTO public.booking VALUES (621, 8, '2019-02-09');
INSERT INTO public.booking VALUES (622, 27, '2019-02-02');
INSERT INTO public.booking VALUES (623, 41, '2019-01-26');
INSERT INTO public.booking VALUES (624, 9, '2019-01-25');
INSERT INTO public.booking VALUES (625, 52, '2019-02-26');
INSERT INTO public.booking VALUES (626, 80, '2019-02-09');
INSERT INTO public.booking VALUES (627, 79, '2019-01-31');
INSERT INTO public.booking VALUES (628, 59, '2019-02-08');
INSERT INTO public.booking VALUES (629, 60, '2019-01-15');
INSERT INTO public.booking VALUES (630, 51, '2019-01-12');
INSERT INTO public.booking VALUES (631, 41, '2019-02-15');
INSERT INTO public.booking VALUES (632, 78, '2019-01-12');
INSERT INTO public.booking VALUES (633, 17, '2019-02-13');
INSERT INTO public.booking VALUES (634, 29, '2019-01-28');
INSERT INTO public.booking VALUES (635, 66, '2019-02-01');
INSERT INTO public.booking VALUES (636, 15, '2019-02-28');
INSERT INTO public.booking VALUES (637, 2, '2019-02-19');
INSERT INTO public.booking VALUES (638, 38, '2019-01-01');
INSERT INTO public.booking VALUES (639, 23, '2019-01-15');
INSERT INTO public.booking VALUES (640, 3, '2019-02-09');
INSERT INTO public.booking VALUES (641, 71, '2019-01-29');
INSERT INTO public.booking VALUES (642, 59, '2019-02-17');
INSERT INTO public.booking VALUES (643, 65, '2019-02-20');
INSERT INTO public.booking VALUES (644, 3, '2019-02-22');
INSERT INTO public.booking VALUES (645, 7, '2019-01-10');
INSERT INTO public.booking VALUES (646, 38, '2019-01-30');
INSERT INTO public.booking VALUES (647, 65, '2019-02-04');
INSERT INTO public.booking VALUES (648, 28, '2019-01-26');
INSERT INTO public.booking VALUES (649, 84, '2019-02-01');
INSERT INTO public.booking VALUES (650, 1, '2019-02-28');
INSERT INTO public.booking VALUES (651, 44, '2019-02-20');
INSERT INTO public.booking VALUES (652, 45, '2019-01-10');
INSERT INTO public.booking VALUES (653, 9, '2019-01-01');
INSERT INTO public.booking VALUES (654, 14, '2019-01-04');
INSERT INTO public.booking VALUES (655, 28, '2019-02-10');
INSERT INTO public.booking VALUES (656, 14, '2019-02-25');
INSERT INTO public.booking VALUES (657, 31, '2019-01-29');
INSERT INTO public.booking VALUES (658, 38, '2019-02-18');
INSERT INTO public.booking VALUES (659, 71, '2019-01-25');
INSERT INTO public.booking VALUES (660, 66, '2019-01-20');
INSERT INTO public.booking VALUES (661, 27, '2019-01-12');
INSERT INTO public.booking VALUES (662, 58, '2019-02-26');
INSERT INTO public.booking VALUES (663, 36, '2019-02-11');
INSERT INTO public.booking VALUES (664, 38, '2019-01-22');
INSERT INTO public.booking VALUES (665, 79, '2019-01-02');
INSERT INTO public.booking VALUES (666, 14, '2019-02-14');
INSERT INTO public.booking VALUES (667, 29, '2019-01-29');
INSERT INTO public.booking VALUES (668, 1, '2019-01-10');
INSERT INTO public.booking VALUES (669, 40, '2019-02-08');
INSERT INTO public.booking VALUES (670, 79, '2019-02-09');
INSERT INTO public.booking VALUES (671, 23, '2019-01-17');
INSERT INTO public.booking VALUES (672, 72, '2019-01-28');
INSERT INTO public.booking VALUES (673, 53, '2019-01-29');
INSERT INTO public.booking VALUES (674, 84, '2019-02-21');
INSERT INTO public.booking VALUES (675, 62, '2019-01-18');
INSERT INTO public.booking VALUES (676, 26, '2019-01-09');
INSERT INTO public.booking VALUES (677, 80, '2019-01-22');
INSERT INTO public.booking VALUES (678, 31, '2019-01-10');
INSERT INTO public.booking VALUES (679, 20, '2019-02-14');
INSERT INTO public.booking VALUES (680, 16, '2019-02-02');
INSERT INTO public.booking VALUES (681, 53, '2019-01-07');
INSERT INTO public.booking VALUES (682, 44, '2019-02-27');
INSERT INTO public.booking VALUES (683, 8, '2019-01-22');
INSERT INTO public.booking VALUES (684, 84, '2019-01-10');
INSERT INTO public.booking VALUES (685, 11, '2019-01-03');
INSERT INTO public.booking VALUES (686, 13, '2019-01-13');
INSERT INTO public.booking VALUES (687, 39, '2019-01-31');
INSERT INTO public.booking VALUES (688, 27, '2019-02-19');
INSERT INTO public.booking VALUES (689, 8, '2019-01-16');
INSERT INTO public.booking VALUES (690, 60, '2019-02-19');
INSERT INTO public.booking VALUES (691, 27, '2019-02-17');
INSERT INTO public.booking VALUES (692, 60, '2019-02-14');
INSERT INTO public.booking VALUES (693, 9, '2019-02-03');
INSERT INTO public.booking VALUES (694, 78, '2019-02-18');
INSERT INTO public.booking VALUES (695, 85, '2019-02-04');
INSERT INTO public.booking VALUES (696, 4, '2019-01-26');
INSERT INTO public.booking VALUES (697, 61, '2019-02-24');
INSERT INTO public.booking VALUES (698, 65, '2019-01-15');
INSERT INTO public.booking VALUES (699, 64, '2019-01-31');
INSERT INTO public.booking VALUES (700, 52, '2019-02-15');
INSERT INTO public.booking VALUES (701, 8, '2019-02-09');
INSERT INTO public.booking VALUES (702, 42, '2019-02-18');
INSERT INTO public.booking VALUES (703, 20, '2019-01-15');
INSERT INTO public.booking VALUES (704, 42, '2019-01-30');
INSERT INTO public.booking VALUES (705, 29, '2019-02-18');
INSERT INTO public.booking VALUES (706, 61, '2019-01-28');
INSERT INTO public.booking VALUES (707, 81, '2019-01-26');
INSERT INTO public.booking VALUES (708, 60, '2019-01-20');
INSERT INTO public.booking VALUES (709, 37, '2019-01-17');
INSERT INTO public.booking VALUES (710, 58, '2019-02-08');
INSERT INTO public.booking VALUES (711, 13, '2019-02-08');
INSERT INTO public.booking VALUES (712, 77, '2019-02-21');
INSERT INTO public.booking VALUES (713, 38, '2019-01-26');
INSERT INTO public.booking VALUES (714, 83, '2019-02-28');
INSERT INTO public.booking VALUES (715, 37, '2019-01-25');
INSERT INTO public.booking VALUES (716, 56, '2019-01-31');
INSERT INTO public.booking VALUES (717, 43, '2019-01-15');
INSERT INTO public.booking VALUES (718, 12, '2019-01-21');
INSERT INTO public.booking VALUES (719, 80, '2019-02-16');
INSERT INTO public.booking VALUES (720, 21, '2019-01-08');
INSERT INTO public.booking VALUES (721, 79, '2019-02-08');
INSERT INTO public.booking VALUES (722, 39, '2019-02-15');
INSERT INTO public.booking VALUES (723, 33, '2019-02-07');
INSERT INTO public.booking VALUES (724, 4, '2019-02-10');
INSERT INTO public.booking VALUES (725, 65, '2019-01-07');
INSERT INTO public.booking VALUES (726, 1, '2019-01-25');
INSERT INTO public.booking VALUES (727, 84, '2019-01-05');
INSERT INTO public.booking VALUES (728, 59, '2019-01-03');
INSERT INTO public.booking VALUES (729, 38, '2019-01-17');
INSERT INTO public.booking VALUES (730, 35, '2019-01-25');
INSERT INTO public.booking VALUES (731, 26, '2019-01-12');
INSERT INTO public.booking VALUES (732, 11, '2019-02-08');
INSERT INTO public.booking VALUES (733, 12, '2019-02-10');
INSERT INTO public.booking VALUES (734, 50, '2019-01-09');
INSERT INTO public.booking VALUES (735, 18, '2019-01-11');
INSERT INTO public.booking VALUES (736, 21, '2019-02-17');
INSERT INTO public.booking VALUES (737, 29, '2019-02-16');
INSERT INTO public.booking VALUES (738, 69, '2019-01-16');
INSERT INTO public.booking VALUES (739, 51, '2019-02-02');
INSERT INTO public.booking VALUES (740, 40, '2019-01-04');
INSERT INTO public.booking VALUES (741, 62, '2019-02-22');
INSERT INTO public.booking VALUES (742, 3, '2019-01-19');
INSERT INTO public.booking VALUES (743, 5, '2019-02-23');
INSERT INTO public.booking VALUES (744, 42, '2019-02-09');
INSERT INTO public.booking VALUES (745, 37, '2019-01-26');
INSERT INTO public.booking VALUES (746, 17, '2019-02-12');
INSERT INTO public.booking VALUES (747, 16, '2019-02-06');
INSERT INTO public.booking VALUES (748, 13, '2019-02-03');
INSERT INTO public.booking VALUES (749, 54, '2019-01-28');
INSERT INTO public.booking VALUES (750, 52, '2019-01-20');
INSERT INTO public.booking VALUES (751, 78, '2019-01-10');
INSERT INTO public.booking VALUES (752, 73, '2019-01-15');
INSERT INTO public.booking VALUES (753, 54, '2019-02-01');
INSERT INTO public.booking VALUES (754, 25, '2019-02-18');
INSERT INTO public.booking VALUES (755, 35, '2019-02-26');
INSERT INTO public.booking VALUES (756, 15, '2019-01-04');
INSERT INTO public.booking VALUES (757, 14, '2019-01-31');
INSERT INTO public.booking VALUES (758, 1, '2019-02-26');
INSERT INTO public.booking VALUES (759, 17, '2019-01-03');
INSERT INTO public.booking VALUES (760, 69, '2019-02-05');
INSERT INTO public.booking VALUES (761, 41, '2019-01-25');
INSERT INTO public.booking VALUES (762, 59, '2019-01-31');
INSERT INTO public.booking VALUES (763, 1, '2019-02-19');
INSERT INTO public.booking VALUES (764, 5, '2019-02-12');
INSERT INTO public.booking VALUES (765, 20, '2019-02-14');
INSERT INTO public.booking VALUES (766, 72, '2019-01-19');
INSERT INTO public.booking VALUES (767, 44, '2019-02-16');
INSERT INTO public.booking VALUES (768, 1, '2019-02-17');
INSERT INTO public.booking VALUES (769, 37, '2019-02-03');
INSERT INTO public.booking VALUES (770, 21, '2019-01-14');
INSERT INTO public.booking VALUES (771, 39, '2019-01-26');
INSERT INTO public.booking VALUES (772, 7, '2019-01-29');
INSERT INTO public.booking VALUES (773, 16, '2019-02-28');
INSERT INTO public.booking VALUES (774, 45, '2019-01-06');
INSERT INTO public.booking VALUES (775, 85, '2019-01-20');
INSERT INTO public.booking VALUES (776, 75, '2019-01-02');
INSERT INTO public.booking VALUES (777, 31, '2019-02-24');
INSERT INTO public.booking VALUES (778, 59, '2019-01-02');
INSERT INTO public.booking VALUES (779, 65, '2019-01-03');
INSERT INTO public.booking VALUES (780, 53, '2019-01-24');
INSERT INTO public.booking VALUES (781, 61, '2019-01-19');
INSERT INTO public.booking VALUES (782, 65, '2019-02-03');
INSERT INTO public.booking VALUES (783, 51, '2019-02-06');
INSERT INTO public.booking VALUES (784, 71, '2019-01-26');
INSERT INTO public.booking VALUES (785, 5, '2019-01-13');
INSERT INTO public.booking VALUES (786, 27, '2019-01-28');
INSERT INTO public.booking VALUES (787, 70, '2019-02-11');
INSERT INTO public.booking VALUES (788, 12, '2019-02-10');
INSERT INTO public.booking VALUES (789, 82, '2019-01-22');
INSERT INTO public.booking VALUES (790, 75, '2019-02-06');
INSERT INTO public.booking VALUES (791, 7, '2019-01-16');
INSERT INTO public.booking VALUES (792, 85, '2019-02-08');
INSERT INTO public.booking VALUES (793, 83, '2019-02-07');
INSERT INTO public.booking VALUES (794, 55, '2019-02-19');
INSERT INTO public.booking VALUES (795, 67, '2019-01-06');
INSERT INTO public.booking VALUES (796, 74, '2019-01-04');
INSERT INTO public.booking VALUES (797, 41, '2019-02-21');
INSERT INTO public.booking VALUES (798, 13, '2019-01-12');
INSERT INTO public.booking VALUES (799, 22, '2019-01-01');
INSERT INTO public.booking VALUES (800, 44, '2019-02-21');
INSERT INTO public.booking VALUES (801, 7, '2019-02-20');
INSERT INTO public.booking VALUES (802, 50, '2019-01-18');
INSERT INTO public.booking VALUES (803, 61, '2019-02-23');
INSERT INTO public.booking VALUES (804, 26, '2019-02-14');
INSERT INTO public.booking VALUES (805, 50, '2019-01-09');
INSERT INTO public.booking VALUES (806, 54, '2019-01-11');
INSERT INTO public.booking VALUES (807, 49, '2019-02-24');
INSERT INTO public.booking VALUES (808, 10, '2019-01-21');
INSERT INTO public.booking VALUES (809, 26, '2019-01-04');
INSERT INTO public.booking VALUES (810, 17, '2019-01-01');
INSERT INTO public.booking VALUES (811, 37, '2019-01-27');
INSERT INTO public.booking VALUES (812, 50, '2019-01-25');
INSERT INTO public.booking VALUES (813, 47, '2019-01-18');
INSERT INTO public.booking VALUES (814, 44, '2019-01-16');
INSERT INTO public.booking VALUES (815, 39, '2019-02-22');
INSERT INTO public.booking VALUES (816, 25, '2019-02-18');
INSERT INTO public.booking VALUES (817, 53, '2019-01-29');
INSERT INTO public.booking VALUES (818, 2, '2019-02-24');
INSERT INTO public.booking VALUES (819, 24, '2019-02-01');
INSERT INTO public.booking VALUES (820, 80, '2019-01-27');
INSERT INTO public.booking VALUES (821, 67, '2019-02-03');
INSERT INTO public.booking VALUES (822, 43, '2019-02-13');
INSERT INTO public.booking VALUES (823, 36, '2019-02-16');
INSERT INTO public.booking VALUES (824, 73, '2019-01-27');
INSERT INTO public.booking VALUES (825, 15, '2019-01-22');
INSERT INTO public.booking VALUES (826, 63, '2019-02-26');
INSERT INTO public.booking VALUES (827, 9, '2019-02-05');
INSERT INTO public.booking VALUES (828, 67, '2019-01-28');
INSERT INTO public.booking VALUES (829, 43, '2019-02-03');
INSERT INTO public.booking VALUES (830, 75, '2019-01-07');
INSERT INTO public.booking VALUES (831, 82, '2019-01-11');
INSERT INTO public.booking VALUES (832, 66, '2019-02-17');
INSERT INTO public.booking VALUES (833, 68, '2019-01-19');
INSERT INTO public.booking VALUES (834, 62, '2019-01-12');
INSERT INTO public.booking VALUES (835, 7, '2019-01-25');
INSERT INTO public.booking VALUES (836, 59, '2019-01-27');
INSERT INTO public.booking VALUES (837, 63, '2019-01-18');
INSERT INTO public.booking VALUES (838, 26, '2019-02-27');
INSERT INTO public.booking VALUES (839, 26, '2019-01-09');
INSERT INTO public.booking VALUES (840, 41, '2019-01-30');
INSERT INTO public.booking VALUES (841, 69, '2019-01-19');
INSERT INTO public.booking VALUES (842, 55, '2019-02-22');
INSERT INTO public.booking VALUES (843, 12, '2019-02-25');
INSERT INTO public.booking VALUES (844, 33, '2019-02-10');
INSERT INTO public.booking VALUES (845, 32, '2019-01-02');
INSERT INTO public.booking VALUES (846, 79, '2019-01-20');
INSERT INTO public.booking VALUES (847, 15, '2019-01-23');
INSERT INTO public.booking VALUES (848, 4, '2019-02-17');
INSERT INTO public.booking VALUES (849, 69, '2019-01-23');
INSERT INTO public.booking VALUES (850, 40, '2019-02-01');
INSERT INTO public.booking VALUES (851, 58, '2019-02-20');
INSERT INTO public.booking VALUES (852, 9, '2019-02-04');
INSERT INTO public.booking VALUES (853, 44, '2019-01-18');
INSERT INTO public.booking VALUES (854, 75, '2019-02-23');
INSERT INTO public.booking VALUES (855, 18, '2019-02-06');
INSERT INTO public.booking VALUES (856, 30, '2019-01-21');
INSERT INTO public.booking VALUES (857, 5, '2019-02-17');
INSERT INTO public.booking VALUES (858, 29, '2019-02-13');
INSERT INTO public.booking VALUES (859, 48, '2019-02-13');
INSERT INTO public.booking VALUES (860, 8, '2019-02-21');
INSERT INTO public.booking VALUES (861, 50, '2019-02-21');
INSERT INTO public.booking VALUES (862, 59, '2019-01-13');
INSERT INTO public.booking VALUES (863, 24, '2019-01-09');
INSERT INTO public.booking VALUES (864, 2, '2019-02-23');
INSERT INTO public.booking VALUES (865, 31, '2019-02-28');
INSERT INTO public.booking VALUES (866, 74, '2019-01-27');
INSERT INTO public.booking VALUES (867, 81, '2019-01-08');
INSERT INTO public.booking VALUES (868, 62, '2019-01-06');
INSERT INTO public.booking VALUES (869, 43, '2019-02-07');
INSERT INTO public.booking VALUES (870, 51, '2019-01-23');
INSERT INTO public.booking VALUES (871, 19, '2019-01-13');
INSERT INTO public.booking VALUES (872, 34, '2019-01-29');
INSERT INTO public.booking VALUES (873, 23, '2019-01-02');
INSERT INTO public.booking VALUES (874, 58, '2019-02-27');
INSERT INTO public.booking VALUES (875, 45, '2019-02-03');
INSERT INTO public.booking VALUES (876, 23, '2019-01-27');
INSERT INTO public.booking VALUES (877, 7, '2019-01-06');
INSERT INTO public.booking VALUES (878, 53, '2019-02-01');
INSERT INTO public.booking VALUES (879, 81, '2019-02-05');
INSERT INTO public.booking VALUES (880, 79, '2019-01-29');
INSERT INTO public.booking VALUES (881, 26, '2019-01-27');
INSERT INTO public.booking VALUES (882, 82, '2019-02-02');
INSERT INTO public.booking VALUES (883, 81, '2019-01-15');
INSERT INTO public.booking VALUES (884, 63, '2019-02-20');
INSERT INTO public.booking VALUES (885, 47, '2019-02-16');
INSERT INTO public.booking VALUES (886, 76, '2019-01-26');
INSERT INTO public.booking VALUES (887, 22, '2019-02-25');
INSERT INTO public.booking VALUES (888, 81, '2019-02-20');
INSERT INTO public.booking VALUES (889, 37, '2019-01-25');
INSERT INTO public.booking VALUES (890, 8, '2019-01-16');
INSERT INTO public.booking VALUES (891, 75, '2019-01-13');
INSERT INTO public.booking VALUES (892, 47, '2019-02-19');
INSERT INTO public.booking VALUES (893, 46, '2019-02-08');
INSERT INTO public.booking VALUES (894, 79, '2019-02-27');
INSERT INTO public.booking VALUES (895, 24, '2019-02-05');
INSERT INTO public.booking VALUES (896, 68, '2019-02-20');
INSERT INTO public.booking VALUES (897, 81, '2019-01-30');
INSERT INTO public.booking VALUES (898, 37, '2019-02-19');
INSERT INTO public.booking VALUES (899, 61, '2019-01-02');
INSERT INTO public.booking VALUES (900, 17, '2019-01-27');
INSERT INTO public.booking VALUES (901, 18, '2019-01-10');
INSERT INTO public.booking VALUES (902, 55, '2019-01-11');
INSERT INTO public.booking VALUES (903, 58, '2019-01-22');
INSERT INTO public.booking VALUES (904, 51, '2019-01-26');
INSERT INTO public.booking VALUES (905, 32, '2019-01-06');
INSERT INTO public.booking VALUES (906, 72, '2019-01-27');
INSERT INTO public.booking VALUES (907, 72, '2019-02-25');
INSERT INTO public.booking VALUES (908, 29, '2019-01-29');
INSERT INTO public.booking VALUES (909, 61, '2019-02-17');
INSERT INTO public.booking VALUES (910, 63, '2019-01-21');
INSERT INTO public.booking VALUES (911, 1, '2019-02-08');
INSERT INTO public.booking VALUES (912, 42, '2019-01-05');
INSERT INTO public.booking VALUES (913, 85, '2019-01-26');
INSERT INTO public.booking VALUES (914, 60, '2019-02-24');
INSERT INTO public.booking VALUES (915, 75, '2019-02-03');
INSERT INTO public.booking VALUES (916, 4, '2019-01-23');
INSERT INTO public.booking VALUES (917, 60, '2019-01-11');
INSERT INTO public.booking VALUES (918, 61, '2019-02-27');
INSERT INTO public.booking VALUES (919, 16, '2019-01-30');
INSERT INTO public.booking VALUES (920, 48, '2019-01-01');
INSERT INTO public.booking VALUES (921, 30, '2019-02-20');
INSERT INTO public.booking VALUES (922, 78, '2019-01-23');
INSERT INTO public.booking VALUES (923, 67, '2019-01-21');
INSERT INTO public.booking VALUES (924, 67, '2019-01-30');
INSERT INTO public.booking VALUES (925, 70, '2019-02-27');
INSERT INTO public.booking VALUES (926, 74, '2019-01-13');
INSERT INTO public.booking VALUES (927, 75, '2019-02-27');
INSERT INTO public.booking VALUES (928, 15, '2019-02-10');
INSERT INTO public.booking VALUES (929, 69, '2019-02-19');
INSERT INTO public.booking VALUES (930, 77, '2019-01-27');
INSERT INTO public.booking VALUES (931, 79, '2019-01-11');
INSERT INTO public.booking VALUES (932, 43, '2019-01-09');
INSERT INTO public.booking VALUES (933, 64, '2019-01-31');
INSERT INTO public.booking VALUES (934, 17, '2019-02-25');
INSERT INTO public.booking VALUES (935, 45, '2019-01-15');
INSERT INTO public.booking VALUES (936, 19, '2019-02-15');
INSERT INTO public.booking VALUES (937, 58, '2019-02-17');
INSERT INTO public.booking VALUES (938, 8, '2019-01-27');
INSERT INTO public.booking VALUES (939, 66, '2019-02-16');
INSERT INTO public.booking VALUES (940, 69, '2019-01-16');
INSERT INTO public.booking VALUES (941, 65, '2019-01-03');
INSERT INTO public.booking VALUES (942, 30, '2019-02-26');
INSERT INTO public.booking VALUES (943, 67, '2019-02-15');
INSERT INTO public.booking VALUES (944, 75, '2019-01-29');
INSERT INTO public.booking VALUES (945, 3, '2019-01-30');
INSERT INTO public.booking VALUES (946, 41, '2019-02-01');
INSERT INTO public.booking VALUES (947, 79, '2019-02-06');
INSERT INTO public.booking VALUES (948, 8, '2019-02-25');
INSERT INTO public.booking VALUES (949, 13, '2019-02-05');
INSERT INTO public.booking VALUES (950, 10, '2019-02-03');
INSERT INTO public.booking VALUES (951, 26, '2019-02-10');
INSERT INTO public.booking VALUES (952, 65, '2019-02-12');
INSERT INTO public.booking VALUES (953, 7, '2019-02-25');
INSERT INTO public.booking VALUES (954, 64, '2019-01-03');
INSERT INTO public.booking VALUES (955, 33, '2019-01-04');
INSERT INTO public.booking VALUES (956, 28, '2019-02-14');
INSERT INTO public.booking VALUES (957, 45, '2019-02-12');
INSERT INTO public.booking VALUES (958, 45, '2019-02-18');
INSERT INTO public.booking VALUES (959, 48, '2019-01-30');
INSERT INTO public.booking VALUES (960, 11, '2019-01-16');
INSERT INTO public.booking VALUES (961, 70, '2019-01-04');
INSERT INTO public.booking VALUES (962, 71, '2019-01-14');
INSERT INTO public.booking VALUES (963, 53, '2019-01-26');
INSERT INTO public.booking VALUES (964, 40, '2019-01-07');
INSERT INTO public.booking VALUES (965, 7, '2019-01-08');
INSERT INTO public.booking VALUES (966, 74, '2019-02-19');
INSERT INTO public.booking VALUES (967, 61, '2019-02-01');
INSERT INTO public.booking VALUES (968, 63, '2019-02-08');
INSERT INTO public.booking VALUES (969, 61, '2019-02-02');
INSERT INTO public.booking VALUES (970, 11, '2019-02-28');
INSERT INTO public.booking VALUES (971, 59, '2019-02-18');
INSERT INTO public.booking VALUES (972, 37, '2019-02-01');
INSERT INTO public.booking VALUES (973, 51, '2019-01-07');
INSERT INTO public.booking VALUES (974, 2, '2019-01-10');
INSERT INTO public.booking VALUES (975, 71, '2019-01-29');
INSERT INTO public.booking VALUES (976, 79, '2019-01-02');
INSERT INTO public.booking VALUES (977, 52, '2019-02-14');
INSERT INTO public.booking VALUES (978, 12, '2019-02-05');
INSERT INTO public.booking VALUES (979, 11, '2019-02-16');
INSERT INTO public.booking VALUES (980, 56, '2019-01-16');
INSERT INTO public.booking VALUES (981, 78, '2019-01-23');
INSERT INTO public.booking VALUES (982, 30, '2019-01-30');
INSERT INTO public.booking VALUES (983, 39, '2019-02-20');
INSERT INTO public.booking VALUES (984, 74, '2019-02-08');
INSERT INTO public.booking VALUES (985, 83, '2019-01-29');
INSERT INTO public.booking VALUES (986, 43, '2019-01-01');
INSERT INTO public.booking VALUES (987, 13, '2019-02-01');
INSERT INTO public.booking VALUES (988, 4, '2019-02-27');
INSERT INTO public.booking VALUES (989, 50, '2019-01-20');
INSERT INTO public.booking VALUES (990, 63, '2019-02-28');
INSERT INTO public.booking VALUES (991, 68, '2019-01-29');
INSERT INTO public.booking VALUES (992, 39, '2019-01-31');
INSERT INTO public.booking VALUES (993, 54, '2019-02-21');
INSERT INTO public.booking VALUES (994, 3, '2019-01-21');
INSERT INTO public.booking VALUES (995, 72, '2019-02-16');
INSERT INTO public.booking VALUES (996, 36, '2019-02-01');
INSERT INTO public.booking VALUES (997, 30, '2019-02-20');
INSERT INTO public.booking VALUES (998, 27, '2019-02-16');
INSERT INTO public.booking VALUES (999, 48, '2019-01-25');
INSERT INTO public.booking VALUES (1000, 56, '2019-01-20');
INSERT INTO public.booking VALUES (1001, 72, '2019-02-25');
INSERT INTO public.booking VALUES (1002, 76, '2019-02-16');
INSERT INTO public.booking VALUES (1003, 6, '2019-02-27');
INSERT INTO public.booking VALUES (1004, 66, '2019-02-01');
INSERT INTO public.booking VALUES (1005, 76, '2019-02-13');
INSERT INTO public.booking VALUES (1006, 12, '2019-02-15');
INSERT INTO public.booking VALUES (1007, 20, '2019-01-13');
INSERT INTO public.booking VALUES (1008, 75, '2019-01-22');
INSERT INTO public.booking VALUES (1009, 66, '2019-02-16');
INSERT INTO public.booking VALUES (1010, 10, '2019-01-26');
INSERT INTO public.booking VALUES (1011, 8, '2019-01-21');
INSERT INTO public.booking VALUES (1012, 38, '2019-02-13');
INSERT INTO public.booking VALUES (1013, 74, '2019-02-26');
INSERT INTO public.booking VALUES (1014, 78, '2019-01-23');
INSERT INTO public.booking VALUES (1015, 13, '2019-02-19');
INSERT INTO public.booking VALUES (1016, 64, '2019-01-27');
INSERT INTO public.booking VALUES (1017, 61, '2019-02-03');
INSERT INTO public.booking VALUES (1018, 33, '2019-02-25');
INSERT INTO public.booking VALUES (1019, 85, '2019-02-24');
INSERT INTO public.booking VALUES (1020, 62, '2019-01-11');
INSERT INTO public.booking VALUES (1021, 47, '2019-02-22');
INSERT INTO public.booking VALUES (1022, 7, '2019-02-25');
INSERT INTO public.booking VALUES (1023, 59, '2019-02-26');
INSERT INTO public.booking VALUES (1024, 32, '2019-02-15');
INSERT INTO public.booking VALUES (1025, 7, '2019-02-03');
INSERT INTO public.booking VALUES (1026, 33, '2019-01-18');
INSERT INTO public.booking VALUES (1027, 14, '2019-02-22');
INSERT INTO public.booking VALUES (1028, 5, '2019-02-16');
INSERT INTO public.booking VALUES (1029, 72, '2019-01-04');
INSERT INTO public.booking VALUES (1030, 45, '2019-01-18');
INSERT INTO public.booking VALUES (1031, 49, '2019-01-28');
INSERT INTO public.booking VALUES (1032, 11, '2019-02-15');
INSERT INTO public.booking VALUES (1033, 43, '2019-02-27');
INSERT INTO public.booking VALUES (1034, 24, '2019-02-15');
INSERT INTO public.booking VALUES (1035, 56, '2019-01-04');
INSERT INTO public.booking VALUES (1036, 72, '2019-01-26');
INSERT INTO public.booking VALUES (1037, 36, '2019-02-07');
INSERT INTO public.booking VALUES (1038, 51, '2019-02-02');
INSERT INTO public.booking VALUES (1039, 35, '2019-01-18');
INSERT INTO public.booking VALUES (1040, 61, '2019-01-29');
INSERT INTO public.booking VALUES (1041, 23, '2019-02-11');
INSERT INTO public.booking VALUES (1042, 45, '2019-02-26');
INSERT INTO public.booking VALUES (1043, 46, '2019-01-16');
INSERT INTO public.booking VALUES (1044, 60, '2019-01-19');
INSERT INTO public.booking VALUES (1045, 19, '2019-02-16');
INSERT INTO public.booking VALUES (1046, 52, '2019-02-03');
INSERT INTO public.booking VALUES (1047, 51, '2019-02-12');
INSERT INTO public.booking VALUES (1048, 41, '2019-01-02');
INSERT INTO public.booking VALUES (1049, 10, '2019-02-18');
INSERT INTO public.booking VALUES (1050, 20, '2019-01-07');
INSERT INTO public.booking VALUES (1051, 33, '2019-02-14');
INSERT INTO public.booking VALUES (1052, 49, '2019-02-28');
INSERT INTO public.booking VALUES (1053, 60, '2019-01-10');
INSERT INTO public.booking VALUES (1054, 43, '2019-02-05');
INSERT INTO public.booking VALUES (1055, 82, '2019-01-31');
INSERT INTO public.booking VALUES (1056, 6, '2019-02-04');
INSERT INTO public.booking VALUES (1057, 55, '2019-02-01');
INSERT INTO public.booking VALUES (1058, 23, '2019-02-01');
INSERT INTO public.booking VALUES (1059, 78, '2019-02-28');
INSERT INTO public.booking VALUES (1060, 39, '2019-02-05');
INSERT INTO public.booking VALUES (1061, 15, '2019-02-15');
INSERT INTO public.booking VALUES (1062, 61, '2019-01-06');
INSERT INTO public.booking VALUES (1063, 50, '2019-02-22');
INSERT INTO public.booking VALUES (1064, 50, '2019-01-28');
INSERT INTO public.booking VALUES (1065, 12, '2019-01-02');
INSERT INTO public.booking VALUES (1066, 15, '2019-01-07');
INSERT INTO public.booking VALUES (1067, 63, '2019-01-26');
INSERT INTO public.booking VALUES (1068, 74, '2019-02-02');
INSERT INTO public.booking VALUES (1069, 3, '2019-02-14');
INSERT INTO public.booking VALUES (1070, 51, '2019-01-28');
INSERT INTO public.booking VALUES (1071, 14, '2019-02-04');
INSERT INTO public.booking VALUES (1072, 39, '2019-02-12');
INSERT INTO public.booking VALUES (1073, 50, '2019-01-13');
INSERT INTO public.booking VALUES (1074, 64, '2019-02-20');
INSERT INTO public.booking VALUES (1075, 21, '2019-01-23');
INSERT INTO public.booking VALUES (1076, 3, '2019-01-11');
INSERT INTO public.booking VALUES (1077, 6, '2019-02-01');
INSERT INTO public.booking VALUES (1078, 7, '2019-01-04');
INSERT INTO public.booking VALUES (1079, 15, '2019-01-30');
INSERT INTO public.booking VALUES (1080, 82, '2019-02-23');
INSERT INTO public.booking VALUES (1081, 51, '2019-02-17');
INSERT INTO public.booking VALUES (1082, 31, '2019-02-24');
INSERT INTO public.booking VALUES (1083, 59, '2019-01-04');
INSERT INTO public.booking VALUES (1084, 26, '2019-01-08');
INSERT INTO public.booking VALUES (1085, 46, '2019-02-11');
INSERT INTO public.booking VALUES (1086, 41, '2019-01-24');
INSERT INTO public.booking VALUES (1087, 50, '2019-02-02');
INSERT INTO public.booking VALUES (1088, 80, '2019-01-12');
INSERT INTO public.booking VALUES (1089, 49, '2019-02-22');
INSERT INTO public.booking VALUES (1090, 21, '2019-01-21');
INSERT INTO public.booking VALUES (1091, 48, '2019-02-11');
INSERT INTO public.booking VALUES (1092, 13, '2019-02-13');
INSERT INTO public.booking VALUES (1093, 85, '2019-01-17');
INSERT INTO public.booking VALUES (1094, 51, '2019-01-01');
INSERT INTO public.booking VALUES (1095, 25, '2019-02-16');
INSERT INTO public.booking VALUES (1096, 38, '2019-02-24');
INSERT INTO public.booking VALUES (1097, 56, '2019-01-16');
INSERT INTO public.booking VALUES (1098, 39, '2019-02-08');
INSERT INTO public.booking VALUES (1099, 43, '2019-02-22');
INSERT INTO public.booking VALUES (1100, 19, '2019-02-20');
INSERT INTO public.booking VALUES (1101, 75, '2019-01-20');
INSERT INTO public.booking VALUES (1102, 24, '2019-01-28');
INSERT INTO public.booking VALUES (1103, 17, '2019-02-04');
INSERT INTO public.booking VALUES (1104, 50, '2019-02-03');
INSERT INTO public.booking VALUES (1105, 31, '2019-01-27');
INSERT INTO public.booking VALUES (1106, 2, '2019-01-10');
INSERT INTO public.booking VALUES (1107, 2, '2019-01-05');
INSERT INTO public.booking VALUES (1108, 25, '2019-01-17');
INSERT INTO public.booking VALUES (1109, 43, '2019-02-01');
INSERT INTO public.booking VALUES (1110, 27, '2019-01-26');
INSERT INTO public.booking VALUES (1111, 62, '2019-01-11');
INSERT INTO public.booking VALUES (1112, 83, '2019-01-03');
INSERT INTO public.booking VALUES (1113, 61, '2019-01-05');
INSERT INTO public.booking VALUES (1114, 34, '2019-01-08');
INSERT INTO public.booking VALUES (1115, 36, '2019-02-28');
INSERT INTO public.booking VALUES (1116, 37, '2019-01-11');
INSERT INTO public.booking VALUES (1117, 21, '2019-01-28');
INSERT INTO public.booking VALUES (1118, 12, '2019-01-29');
INSERT INTO public.booking VALUES (1119, 76, '2019-02-27');
INSERT INTO public.booking VALUES (1120, 60, '2019-02-23');
INSERT INTO public.booking VALUES (1121, 76, '2019-01-22');
INSERT INTO public.booking VALUES (1122, 75, '2019-02-03');
INSERT INTO public.booking VALUES (1123, 16, '2019-02-11');
INSERT INTO public.booking VALUES (1124, 76, '2019-02-05');
INSERT INTO public.booking VALUES (1125, 49, '2019-02-01');
INSERT INTO public.booking VALUES (1126, 31, '2019-01-12');
INSERT INTO public.booking VALUES (1127, 62, '2019-01-22');
INSERT INTO public.booking VALUES (1128, 30, '2019-01-15');
INSERT INTO public.booking VALUES (1129, 82, '2019-01-16');
INSERT INTO public.booking VALUES (1130, 55, '2019-01-07');
INSERT INTO public.booking VALUES (1131, 45, '2019-01-16');
INSERT INTO public.booking VALUES (1132, 47, '2019-01-16');
INSERT INTO public.booking VALUES (1133, 41, '2019-02-20');
INSERT INTO public.booking VALUES (1134, 16, '2019-02-07');
INSERT INTO public.booking VALUES (1135, 27, '2019-01-03');
INSERT INTO public.booking VALUES (1136, 8, '2019-02-06');
INSERT INTO public.booking VALUES (1137, 10, '2019-02-08');
INSERT INTO public.booking VALUES (1138, 72, '2019-02-24');
INSERT INTO public.booking VALUES (1139, 57, '2019-01-01');
INSERT INTO public.booking VALUES (1140, 2, '2019-01-17');
INSERT INTO public.booking VALUES (1141, 30, '2019-02-09');
INSERT INTO public.booking VALUES (1142, 38, '2019-02-24');
INSERT INTO public.booking VALUES (1143, 36, '2019-02-23');
INSERT INTO public.booking VALUES (1144, 23, '2019-01-24');
INSERT INTO public.booking VALUES (1145, 84, '2019-01-20');
INSERT INTO public.booking VALUES (1146, 60, '2019-01-28');
INSERT INTO public.booking VALUES (1147, 18, '2019-01-09');
INSERT INTO public.booking VALUES (1148, 78, '2019-02-03');
INSERT INTO public.booking VALUES (1149, 4, '2019-01-27');
INSERT INTO public.booking VALUES (1150, 19, '2019-01-07');
INSERT INTO public.booking VALUES (1151, 59, '2019-02-23');
INSERT INTO public.booking VALUES (1152, 65, '2019-01-14');
INSERT INTO public.booking VALUES (1153, 35, '2019-02-23');
INSERT INTO public.booking VALUES (1154, 19, '2019-02-08');
INSERT INTO public.booking VALUES (1155, 35, '2019-02-12');
INSERT INTO public.booking VALUES (1156, 12, '2019-01-02');
INSERT INTO public.booking VALUES (1157, 65, '2019-02-18');
INSERT INTO public.booking VALUES (1158, 27, '2019-01-12');
INSERT INTO public.booking VALUES (1159, 18, '2019-02-17');
INSERT INTO public.booking VALUES (1160, 9, '2019-01-27');
INSERT INTO public.booking VALUES (1161, 33, '2019-02-08');
INSERT INTO public.booking VALUES (1162, 71, '2019-02-14');
INSERT INTO public.booking VALUES (1163, 11, '2019-01-15');
INSERT INTO public.booking VALUES (1164, 65, '2019-01-23');
INSERT INTO public.booking VALUES (1165, 13, '2019-01-11');
INSERT INTO public.booking VALUES (1166, 2, '2019-01-22');
INSERT INTO public.booking VALUES (1167, 84, '2019-01-26');
INSERT INTO public.booking VALUES (1168, 42, '2019-02-28');
INSERT INTO public.booking VALUES (1169, 5, '2019-02-19');
INSERT INTO public.booking VALUES (1170, 31, '2019-01-05');
INSERT INTO public.booking VALUES (1171, 54, '2019-01-19');
INSERT INTO public.booking VALUES (1172, 54, '2019-01-29');
INSERT INTO public.booking VALUES (1173, 21, '2019-01-21');
INSERT INTO public.booking VALUES (1174, 58, '2019-01-19');
INSERT INTO public.booking VALUES (1175, 22, '2019-01-19');
INSERT INTO public.booking VALUES (1176, 15, '2019-02-08');
INSERT INTO public.booking VALUES (1177, 41, '2019-01-18');
INSERT INTO public.booking VALUES (1178, 67, '2019-01-03');
INSERT INTO public.booking VALUES (1179, 44, '2019-01-31');
INSERT INTO public.booking VALUES (1180, 56, '2019-01-09');
INSERT INTO public.booking VALUES (1181, 19, '2019-01-09');
INSERT INTO public.booking VALUES (1182, 12, '2019-01-30');
INSERT INTO public.booking VALUES (1183, 51, '2019-01-04');
INSERT INTO public.booking VALUES (1184, 32, '2019-01-06');
INSERT INTO public.booking VALUES (1185, 32, '2019-01-24');
INSERT INTO public.booking VALUES (1186, 11, '2019-02-03');
INSERT INTO public.booking VALUES (1187, 60, '2019-01-07');
INSERT INTO public.booking VALUES (1188, 50, '2019-01-24');
INSERT INTO public.booking VALUES (1189, 35, '2019-02-13');
INSERT INTO public.booking VALUES (1190, 43, '2019-01-16');
INSERT INTO public.booking VALUES (1191, 22, '2019-02-02');
INSERT INTO public.booking VALUES (1192, 19, '2019-01-23');
INSERT INTO public.booking VALUES (1193, 28, '2019-02-21');
INSERT INTO public.booking VALUES (1194, 81, '2019-01-02');
INSERT INTO public.booking VALUES (1195, 40, '2019-01-20');
INSERT INTO public.booking VALUES (1196, 13, '2019-02-13');
INSERT INTO public.booking VALUES (1197, 54, '2019-01-10');
INSERT INTO public.booking VALUES (1198, 8, '2019-01-22');
INSERT INTO public.booking VALUES (1199, 18, '2019-02-21');
INSERT INTO public.booking VALUES (1200, 85, '2019-01-10');
INSERT INTO public.booking VALUES (1201, 57, '2019-01-14');
INSERT INTO public.booking VALUES (1202, 35, '2019-02-06');
INSERT INTO public.booking VALUES (1203, 36, '2019-01-29');
INSERT INTO public.booking VALUES (1204, 19, '2019-02-08');
INSERT INTO public.booking VALUES (1205, 34, '2019-02-03');
INSERT INTO public.booking VALUES (1206, 76, '2019-02-05');
INSERT INTO public.booking VALUES (1207, 82, '2019-02-04');
INSERT INTO public.booking VALUES (1208, 10, '2019-01-06');
INSERT INTO public.booking VALUES (1209, 33, '2019-01-04');
INSERT INTO public.booking VALUES (1210, 66, '2019-01-22');
INSERT INTO public.booking VALUES (1211, 77, '2019-01-23');
INSERT INTO public.booking VALUES (1212, 4, '2019-02-03');
INSERT INTO public.booking VALUES (1213, 54, '2019-01-02');
INSERT INTO public.booking VALUES (1214, 24, '2019-01-31');
INSERT INTO public.booking VALUES (1215, 52, '2019-02-04');
INSERT INTO public.booking VALUES (1216, 61, '2019-01-27');
INSERT INTO public.booking VALUES (1217, 80, '2019-02-12');
INSERT INTO public.booking VALUES (1218, 14, '2019-02-12');
INSERT INTO public.booking VALUES (1219, 2, '2019-01-17');
INSERT INTO public.booking VALUES (1220, 41, '2019-01-30');
INSERT INTO public.booking VALUES (1221, 23, '2019-02-25');
INSERT INTO public.booking VALUES (1222, 82, '2019-02-09');
INSERT INTO public.booking VALUES (1223, 59, '2019-02-15');
INSERT INTO public.booking VALUES (1224, 1, '2019-01-04');
INSERT INTO public.booking VALUES (1225, 77, '2019-01-16');
INSERT INTO public.booking VALUES (1226, 36, '2019-01-01');
INSERT INTO public.booking VALUES (1227, 14, '2019-01-07');
INSERT INTO public.booking VALUES (1228, 72, '2019-02-19');
INSERT INTO public.booking VALUES (1229, 44, '2019-01-23');
INSERT INTO public.booking VALUES (1230, 3, '2019-02-04');
INSERT INTO public.booking VALUES (1231, 51, '2019-02-16');
INSERT INTO public.booking VALUES (1232, 5, '2019-01-13');
INSERT INTO public.booking VALUES (1233, 2, '2019-02-06');
INSERT INTO public.booking VALUES (1234, 16, '2019-01-16');
INSERT INTO public.booking VALUES (1235, 64, '2019-01-31');
INSERT INTO public.booking VALUES (1236, 23, '2019-01-02');
INSERT INTO public.booking VALUES (1237, 57, '2019-01-19');
INSERT INTO public.booking VALUES (1238, 52, '2019-02-14');
INSERT INTO public.booking VALUES (1239, 20, '2019-01-02');
INSERT INTO public.booking VALUES (1240, 85, '2019-02-09');
INSERT INTO public.booking VALUES (1241, 46, '2019-01-21');
INSERT INTO public.booking VALUES (1242, 74, '2019-01-30');
INSERT INTO public.booking VALUES (1243, 66, '2019-01-29');
INSERT INTO public.booking VALUES (1244, 36, '2019-01-07');
INSERT INTO public.booking VALUES (1245, 35, '2019-02-06');
INSERT INTO public.booking VALUES (1246, 18, '2019-02-22');
INSERT INTO public.booking VALUES (1247, 48, '2019-02-02');
INSERT INTO public.booking VALUES (1248, 43, '2019-01-14');
INSERT INTO public.booking VALUES (1249, 40, '2019-02-06');
INSERT INTO public.booking VALUES (1250, 61, '2019-01-29');
INSERT INTO public.booking VALUES (1251, 19, '2019-01-09');
INSERT INTO public.booking VALUES (1252, 46, '2019-02-06');
INSERT INTO public.booking VALUES (1253, 16, '2019-01-07');
INSERT INTO public.booking VALUES (1254, 31, '2019-02-19');
INSERT INTO public.booking VALUES (1255, 25, '2019-02-17');
INSERT INTO public.booking VALUES (1256, 34, '2019-02-04');
INSERT INTO public.booking VALUES (1257, 14, '2019-01-29');
INSERT INTO public.booking VALUES (1258, 7, '2019-02-07');
INSERT INTO public.booking VALUES (1259, 7, '2019-01-01');
INSERT INTO public.booking VALUES (1260, 48, '2019-01-23');
INSERT INTO public.booking VALUES (1261, 74, '2019-01-21');
INSERT INTO public.booking VALUES (1262, 77, '2019-01-22');
INSERT INTO public.booking VALUES (1263, 80, '2019-02-13');
INSERT INTO public.booking VALUES (1264, 12, '2019-02-11');
INSERT INTO public.booking VALUES (1265, 79, '2019-02-18');
INSERT INTO public.booking VALUES (1266, 21, '2019-02-01');
INSERT INTO public.booking VALUES (1267, 14, '2019-02-04');
INSERT INTO public.booking VALUES (1268, 81, '2019-01-18');
INSERT INTO public.booking VALUES (1269, 1, '2019-02-09');
INSERT INTO public.booking VALUES (1270, 48, '2019-01-26');
INSERT INTO public.booking VALUES (1271, 1, '2019-01-20');
INSERT INTO public.booking VALUES (1272, 43, '2019-01-10');
INSERT INTO public.booking VALUES (1273, 43, '2019-02-15');
INSERT INTO public.booking VALUES (1274, 71, '2019-01-05');
INSERT INTO public.booking VALUES (1275, 61, '2019-01-08');
INSERT INTO public.booking VALUES (1276, 83, '2019-02-23');
INSERT INTO public.booking VALUES (1277, 3, '2019-02-25');
INSERT INTO public.booking VALUES (1278, 23, '2019-02-02');
INSERT INTO public.booking VALUES (1279, 48, '2019-01-24');
INSERT INTO public.booking VALUES (1280, 28, '2019-02-22');
INSERT INTO public.booking VALUES (1281, 35, '2019-01-06');
INSERT INTO public.booking VALUES (1282, 27, '2019-02-06');
INSERT INTO public.booking VALUES (1283, 72, '2019-01-23');
INSERT INTO public.booking VALUES (1284, 80, '2019-02-07');
INSERT INTO public.booking VALUES (1285, 79, '2019-02-19');
INSERT INTO public.booking VALUES (1286, 19, '2019-02-13');
INSERT INTO public.booking VALUES (1287, 41, '2019-02-14');
INSERT INTO public.booking VALUES (1288, 83, '2019-01-15');
INSERT INTO public.booking VALUES (1289, 4, '2019-01-23');
INSERT INTO public.booking VALUES (1290, 60, '2019-02-01');
INSERT INTO public.booking VALUES (1291, 78, '2019-01-20');
INSERT INTO public.booking VALUES (1292, 62, '2019-02-05');
INSERT INTO public.booking VALUES (1293, 60, '2019-02-03');
INSERT INTO public.booking VALUES (1294, 81, '2019-02-05');
INSERT INTO public.booking VALUES (1295, 41, '2019-01-01');
INSERT INTO public.booking VALUES (1296, 70, '2019-02-04');
INSERT INTO public.booking VALUES (1297, 79, '2019-01-21');
INSERT INTO public.booking VALUES (1298, 73, '2019-01-15');
INSERT INTO public.booking VALUES (1299, 72, '2019-01-25');
INSERT INTO public.booking VALUES (1300, 23, '2019-02-28');
INSERT INTO public.booking VALUES (1301, 47, '2019-02-15');
INSERT INTO public.booking VALUES (1302, 20, '2019-02-08');
INSERT INTO public.booking VALUES (1303, 81, '2019-01-22');
INSERT INTO public.booking VALUES (1304, 46, '2019-02-05');
INSERT INTO public.booking VALUES (1305, 63, '2019-02-27');
INSERT INTO public.booking VALUES (1306, 48, '2019-01-16');
INSERT INTO public.booking VALUES (1307, 52, '2019-01-15');
INSERT INTO public.booking VALUES (1308, 18, '2019-01-15');
INSERT INTO public.booking VALUES (1309, 9, '2019-02-16');
INSERT INTO public.booking VALUES (1310, 8, '2019-02-24');
INSERT INTO public.booking VALUES (1311, 77, '2019-02-26');
INSERT INTO public.booking VALUES (1312, 2, '2019-01-30');
INSERT INTO public.booking VALUES (1313, 17, '2019-02-05');
INSERT INTO public.booking VALUES (1314, 75, '2019-01-21');
INSERT INTO public.booking VALUES (1315, 10, '2019-01-07');
INSERT INTO public.booking VALUES (1316, 9, '2019-02-04');
INSERT INTO public.booking VALUES (1317, 10, '2019-01-05');
INSERT INTO public.booking VALUES (1318, 18, '2019-02-25');
INSERT INTO public.booking VALUES (1319, 79, '2019-01-21');
INSERT INTO public.booking VALUES (1320, 12, '2019-01-09');
INSERT INTO public.booking VALUES (1321, 23, '2019-02-01');
INSERT INTO public.booking VALUES (1322, 54, '2019-02-11');
INSERT INTO public.booking VALUES (1323, 9, '2019-02-15');
INSERT INTO public.booking VALUES (1324, 40, '2019-01-22');
INSERT INTO public.booking VALUES (1325, 32, '2019-01-15');
INSERT INTO public.booking VALUES (1326, 84, '2019-02-12');
INSERT INTO public.booking VALUES (1327, 3, '2019-01-15');
INSERT INTO public.booking VALUES (1328, 37, '2019-02-07');
INSERT INTO public.booking VALUES (1329, 5, '2019-01-08');
INSERT INTO public.booking VALUES (1330, 76, '2019-01-25');
INSERT INTO public.booking VALUES (1331, 16, '2019-01-03');
INSERT INTO public.booking VALUES (1332, 58, '2019-02-26');
INSERT INTO public.booking VALUES (1333, 85, '2019-02-28');
INSERT INTO public.booking VALUES (1334, 68, '2019-02-12');
INSERT INTO public.booking VALUES (1335, 5, '2019-02-03');
INSERT INTO public.booking VALUES (1336, 83, '2019-02-07');
INSERT INTO public.booking VALUES (1337, 3, '2019-02-28');
INSERT INTO public.booking VALUES (1338, 17, '2019-01-29');
INSERT INTO public.booking VALUES (1339, 24, '2019-01-28');
INSERT INTO public.booking VALUES (1340, 76, '2019-02-22');
INSERT INTO public.booking VALUES (1341, 42, '2019-02-18');
INSERT INTO public.booking VALUES (1342, 80, '2019-01-29');
INSERT INTO public.booking VALUES (1343, 23, '2019-01-15');
INSERT INTO public.booking VALUES (1344, 59, '2019-02-25');
INSERT INTO public.booking VALUES (1345, 47, '2019-01-17');
INSERT INTO public.booking VALUES (1346, 71, '2019-02-09');
INSERT INTO public.booking VALUES (1347, 34, '2019-02-26');
INSERT INTO public.booking VALUES (1348, 9, '2019-02-19');
INSERT INTO public.booking VALUES (1349, 15, '2019-01-09');
INSERT INTO public.booking VALUES (1350, 61, '2019-01-06');
INSERT INTO public.booking VALUES (1351, 46, '2019-02-02');
INSERT INTO public.booking VALUES (1352, 22, '2019-01-06');
INSERT INTO public.booking VALUES (1353, 84, '2019-02-16');
INSERT INTO public.booking VALUES (1354, 58, '2019-01-18');
INSERT INTO public.booking VALUES (1355, 40, '2019-01-20');
INSERT INTO public.booking VALUES (1356, 9, '2019-02-13');
INSERT INTO public.booking VALUES (1357, 80, '2019-01-27');
INSERT INTO public.booking VALUES (1358, 65, '2019-02-04');
INSERT INTO public.booking VALUES (1359, 18, '2019-02-17');
INSERT INTO public.booking VALUES (1360, 74, '2019-01-15');
INSERT INTO public.booking VALUES (1361, 24, '2019-02-01');
INSERT INTO public.booking VALUES (1362, 37, '2019-01-07');
INSERT INTO public.booking VALUES (1363, 31, '2019-02-10');
INSERT INTO public.booking VALUES (1364, 75, '2019-01-08');
INSERT INTO public.booking VALUES (1365, 77, '2019-01-03');
INSERT INTO public.booking VALUES (1366, 67, '2019-01-06');
INSERT INTO public.booking VALUES (1367, 1, '2019-01-02');
INSERT INTO public.booking VALUES (1368, 30, '2019-02-08');
INSERT INTO public.booking VALUES (1369, 33, '2019-02-04');
INSERT INTO public.booking VALUES (1370, 37, '2019-01-29');
INSERT INTO public.booking VALUES (1371, 18, '2019-01-21');
INSERT INTO public.booking VALUES (1372, 78, '2019-02-02');
INSERT INTO public.booking VALUES (1373, 41, '2019-01-04');
INSERT INTO public.booking VALUES (1374, 14, '2019-02-26');
INSERT INTO public.booking VALUES (1375, 35, '2019-02-14');
INSERT INTO public.booking VALUES (1376, 73, '2019-02-13');
INSERT INTO public.booking VALUES (1377, 77, '2019-01-13');
INSERT INTO public.booking VALUES (1378, 70, '2019-01-29');
INSERT INTO public.booking VALUES (1379, 12, '2019-01-22');
INSERT INTO public.booking VALUES (1380, 20, '2019-01-19');
INSERT INTO public.booking VALUES (1381, 83, '2019-02-13');
INSERT INTO public.booking VALUES (1382, 12, '2019-01-30');
INSERT INTO public.booking VALUES (1383, 9, '2019-02-12');
INSERT INTO public.booking VALUES (1384, 65, '2019-01-21');
INSERT INTO public.booking VALUES (1385, 7, '2019-01-19');
INSERT INTO public.booking VALUES (1386, 22, '2019-02-19');
INSERT INTO public.booking VALUES (1387, 53, '2019-01-19');
INSERT INTO public.booking VALUES (1388, 43, '2019-02-07');
INSERT INTO public.booking VALUES (1389, 1, '2019-01-26');
INSERT INTO public.booking VALUES (1390, 44, '2019-01-03');
INSERT INTO public.booking VALUES (1391, 45, '2019-01-12');
INSERT INTO public.booking VALUES (1392, 25, '2019-02-09');
INSERT INTO public.booking VALUES (1393, 9, '2019-02-25');
INSERT INTO public.booking VALUES (1394, 82, '2019-01-01');
INSERT INTO public.booking VALUES (1395, 26, '2019-02-14');
INSERT INTO public.booking VALUES (1396, 70, '2019-02-14');
INSERT INTO public.booking VALUES (1397, 41, '2019-01-03');
INSERT INTO public.booking VALUES (1398, 13, '2019-02-07');
INSERT INTO public.booking VALUES (1399, 30, '2019-01-09');
INSERT INTO public.booking VALUES (1400, 26, '2019-02-04');
INSERT INTO public.booking VALUES (1401, 9, '2019-01-01');
INSERT INTO public.booking VALUES (1402, 47, '2019-02-28');
INSERT INTO public.booking VALUES (1403, 18, '2019-02-01');
INSERT INTO public.booking VALUES (1404, 67, '2019-02-09');
INSERT INTO public.booking VALUES (1405, 70, '2019-01-16');
INSERT INTO public.booking VALUES (1406, 53, '2019-01-17');
INSERT INTO public.booking VALUES (1407, 43, '2019-01-11');
INSERT INTO public.booking VALUES (1408, 1, '2019-01-19');
INSERT INTO public.booking VALUES (1409, 62, '2019-02-26');
INSERT INTO public.booking VALUES (1410, 30, '2019-02-07');
INSERT INTO public.booking VALUES (1411, 11, '2019-02-07');
INSERT INTO public.booking VALUES (1412, 79, '2019-02-05');
INSERT INTO public.booking VALUES (1413, 81, '2019-02-19');
INSERT INTO public.booking VALUES (1414, 25, '2019-02-04');
INSERT INTO public.booking VALUES (1415, 49, '2019-01-24');
INSERT INTO public.booking VALUES (1416, 16, '2019-02-20');
INSERT INTO public.booking VALUES (1417, 26, '2019-02-28');
INSERT INTO public.booking VALUES (1418, 58, '2019-01-02');
INSERT INTO public.booking VALUES (1419, 1, '2019-02-23');
INSERT INTO public.booking VALUES (1420, 17, '2019-02-14');
INSERT INTO public.booking VALUES (1421, 10, '2019-01-05');
INSERT INTO public.booking VALUES (1422, 54, '2019-02-01');
INSERT INTO public.booking VALUES (1423, 58, '2019-01-31');
INSERT INTO public.booking VALUES (1424, 65, '2019-02-22');
INSERT INTO public.booking VALUES (1425, 71, '2019-01-09');
INSERT INTO public.booking VALUES (1426, 27, '2019-02-14');
INSERT INTO public.booking VALUES (1427, 24, '2019-02-27');
INSERT INTO public.booking VALUES (1428, 50, '2019-02-18');
INSERT INTO public.booking VALUES (1429, 65, '2019-01-17');
INSERT INTO public.booking VALUES (1430, 70, '2019-01-06');
INSERT INTO public.booking VALUES (1431, 68, '2019-02-09');
INSERT INTO public.booking VALUES (1432, 14, '2019-01-20');
INSERT INTO public.booking VALUES (1433, 41, '2019-01-23');
INSERT INTO public.booking VALUES (1434, 22, '2019-01-19');
INSERT INTO public.booking VALUES (1435, 82, '2019-01-26');
INSERT INTO public.booking VALUES (1436, 69, '2019-02-22');
INSERT INTO public.booking VALUES (1437, 55, '2019-01-07');
INSERT INTO public.booking VALUES (1438, 72, '2019-01-13');
INSERT INTO public.booking VALUES (1439, 58, '2019-02-23');
INSERT INTO public.booking VALUES (1440, 39, '2019-02-11');
INSERT INTO public.booking VALUES (1441, 44, '2019-01-24');
INSERT INTO public.booking VALUES (1442, 14, '2019-02-08');
INSERT INTO public.booking VALUES (1443, 70, '2019-01-06');
INSERT INTO public.booking VALUES (1444, 63, '2019-01-22');
INSERT INTO public.booking VALUES (1445, 40, '2019-01-11');
INSERT INTO public.booking VALUES (1446, 60, '2019-01-23');
INSERT INTO public.booking VALUES (1447, 9, '2019-01-10');
INSERT INTO public.booking VALUES (1448, 19, '2019-02-12');
INSERT INTO public.booking VALUES (1449, 22, '2019-01-25');
INSERT INTO public.booking VALUES (1450, 27, '2019-01-14');
INSERT INTO public.booking VALUES (1451, 85, '2019-02-25');
INSERT INTO public.booking VALUES (1452, 24, '2019-02-19');
INSERT INTO public.booking VALUES (1453, 4, '2019-01-11');
INSERT INTO public.booking VALUES (1454, 71, '2019-01-10');
INSERT INTO public.booking VALUES (1455, 30, '2019-02-09');
INSERT INTO public.booking VALUES (1456, 79, '2019-01-04');
INSERT INTO public.booking VALUES (1457, 11, '2019-01-24');
INSERT INTO public.booking VALUES (1458, 69, '2019-01-21');
INSERT INTO public.booking VALUES (1459, 68, '2019-01-31');
INSERT INTO public.booking VALUES (1460, 30, '2019-01-05');
INSERT INTO public.booking VALUES (1461, 10, '2019-01-02');
INSERT INTO public.booking VALUES (1462, 79, '2019-01-03');
INSERT INTO public.booking VALUES (1463, 12, '2019-02-09');
INSERT INTO public.booking VALUES (1464, 49, '2019-02-14');
INSERT INTO public.booking VALUES (1465, 26, '2019-01-10');
INSERT INTO public.booking VALUES (1466, 6, '2019-01-31');
INSERT INTO public.booking VALUES (1467, 15, '2019-02-10');
INSERT INTO public.booking VALUES (1468, 14, '2019-02-25');
INSERT INTO public.booking VALUES (1469, 15, '2019-01-15');
INSERT INTO public.booking VALUES (1470, 23, '2019-02-27');
INSERT INTO public.booking VALUES (1471, 8, '2019-02-26');
INSERT INTO public.booking VALUES (1472, 30, '2019-02-13');
INSERT INTO public.booking VALUES (1473, 69, '2019-01-13');
INSERT INTO public.booking VALUES (1474, 58, '2019-01-21');
INSERT INTO public.booking VALUES (1475, 71, '2019-02-27');
INSERT INTO public.booking VALUES (1476, 39, '2019-02-02');
INSERT INTO public.booking VALUES (1477, 52, '2019-02-07');
INSERT INTO public.booking VALUES (1478, 76, '2019-02-03');
INSERT INTO public.booking VALUES (1479, 12, '2019-01-15');
INSERT INTO public.booking VALUES (1480, 62, '2019-02-26');
INSERT INTO public.booking VALUES (1481, 63, '2019-02-14');
INSERT INTO public.booking VALUES (1482, 36, '2019-01-10');
INSERT INTO public.booking VALUES (1483, 46, '2019-02-17');
INSERT INTO public.booking VALUES (1484, 42, '2019-01-06');
INSERT INTO public.booking VALUES (1485, 48, '2019-02-14');
INSERT INTO public.booking VALUES (1486, 49, '2019-02-12');
INSERT INTO public.booking VALUES (1487, 72, '2019-01-30');
INSERT INTO public.booking VALUES (1488, 71, '2019-02-12');
INSERT INTO public.booking VALUES (1489, 61, '2019-01-18');
INSERT INTO public.booking VALUES (1490, 21, '2019-01-02');
INSERT INTO public.booking VALUES (1491, 85, '2019-01-03');
INSERT INTO public.booking VALUES (1492, 27, '2019-01-10');
INSERT INTO public.booking VALUES (1493, 82, '2019-01-30');
INSERT INTO public.booking VALUES (1494, 24, '2019-02-27');
INSERT INTO public.booking VALUES (1495, 8, '2019-01-04');
INSERT INTO public.booking VALUES (1496, 20, '2019-01-15');
INSERT INTO public.booking VALUES (1497, 83, '2019-01-24');
INSERT INTO public.booking VALUES (1498, 16, '2019-01-22');
INSERT INTO public.booking VALUES (1499, 32, '2019-02-28');
INSERT INTO public.booking VALUES (1500, 79, '2019-02-11');
INSERT INTO public.booking VALUES (1501, 49, '2019-02-13');
INSERT INTO public.booking VALUES (1502, 64, '2019-02-21');
INSERT INTO public.booking VALUES (1503, 22, '2019-01-11');
INSERT INTO public.booking VALUES (1504, 46, '2019-01-09');
INSERT INTO public.booking VALUES (1505, 1, '2019-01-28');
INSERT INTO public.booking VALUES (1506, 82, '2019-01-21');
INSERT INTO public.booking VALUES (1507, 35, '2019-01-18');
INSERT INTO public.booking VALUES (1508, 74, '2019-02-26');
INSERT INTO public.booking VALUES (1509, 3, '2019-02-05');
INSERT INTO public.booking VALUES (1510, 26, '2019-01-31');
INSERT INTO public.booking VALUES (1511, 64, '2019-02-01');
INSERT INTO public.booking VALUES (1512, 32, '2019-01-12');
INSERT INTO public.booking VALUES (1513, 11, '2019-01-05');
INSERT INTO public.booking VALUES (1514, 76, '2019-02-01');
INSERT INTO public.booking VALUES (1515, 59, '2019-02-22');
INSERT INTO public.booking VALUES (1516, 57, '2019-01-31');
INSERT INTO public.booking VALUES (1517, 38, '2019-02-26');
INSERT INTO public.booking VALUES (1518, 56, '2019-02-26');
INSERT INTO public.booking VALUES (1519, 56, '2019-01-15');
INSERT INTO public.booking VALUES (1520, 74, '2019-01-26');
INSERT INTO public.booking VALUES (1521, 65, '2019-02-24');
INSERT INTO public.booking VALUES (1522, 20, '2019-01-05');
INSERT INTO public.booking VALUES (1523, 44, '2019-01-13');
INSERT INTO public.booking VALUES (1524, 85, '2019-01-21');
INSERT INTO public.booking VALUES (1525, 41, '2019-01-22');
INSERT INTO public.booking VALUES (1526, 64, '2019-02-19');
INSERT INTO public.booking VALUES (1527, 24, '2019-02-14');
INSERT INTO public.booking VALUES (1528, 17, '2019-02-10');
INSERT INTO public.booking VALUES (1529, 59, '2019-02-15');
INSERT INTO public.booking VALUES (1530, 5, '2019-01-31');
INSERT INTO public.booking VALUES (1531, 62, '2019-02-04');
INSERT INTO public.booking VALUES (1532, 1, '2019-01-25');
INSERT INTO public.booking VALUES (1533, 18, '2019-02-28');
INSERT INTO public.booking VALUES (1534, 2, '2019-01-05');
INSERT INTO public.booking VALUES (1535, 50, '2019-01-21');
INSERT INTO public.booking VALUES (1536, 40, '2019-01-02');
INSERT INTO public.booking VALUES (1537, 43, '2019-02-03');
INSERT INTO public.booking VALUES (1538, 1, '2019-01-25');
INSERT INTO public.booking VALUES (1539, 16, '2019-02-03');
INSERT INTO public.booking VALUES (1540, 54, '2019-02-18');
INSERT INTO public.booking VALUES (1541, 6, '2019-01-15');
INSERT INTO public.booking VALUES (1542, 74, '2019-02-27');
INSERT INTO public.booking VALUES (1543, 66, '2019-01-29');
INSERT INTO public.booking VALUES (1544, 49, '2019-01-11');
INSERT INTO public.booking VALUES (1545, 27, '2019-02-10');
INSERT INTO public.booking VALUES (1546, 33, '2019-02-09');
INSERT INTO public.booking VALUES (1547, 47, '2019-02-08');
INSERT INTO public.booking VALUES (1548, 36, '2019-02-21');
INSERT INTO public.booking VALUES (1549, 83, '2019-01-14');
INSERT INTO public.booking VALUES (1550, 19, '2019-01-02');
INSERT INTO public.booking VALUES (1551, 7, '2019-01-13');
INSERT INTO public.booking VALUES (1552, 2, '2019-02-22');
INSERT INTO public.booking VALUES (1553, 50, '2019-01-23');
INSERT INTO public.booking VALUES (1554, 14, '2019-01-29');
INSERT INTO public.booking VALUES (1555, 39, '2019-02-03');
INSERT INTO public.booking VALUES (1556, 1, '2019-02-24');
INSERT INTO public.booking VALUES (1557, 34, '2019-01-13');
INSERT INTO public.booking VALUES (1558, 32, '2019-01-18');
INSERT INTO public.booking VALUES (1559, 8, '2019-02-02');
INSERT INTO public.booking VALUES (1560, 64, '2019-01-20');
INSERT INTO public.booking VALUES (1561, 58, '2019-01-18');
INSERT INTO public.booking VALUES (1562, 13, '2019-02-10');
INSERT INTO public.booking VALUES (1563, 8, '2019-02-06');
INSERT INTO public.booking VALUES (1564, 79, '2019-02-12');
INSERT INTO public.booking VALUES (1565, 12, '2019-02-24');
INSERT INTO public.booking VALUES (1566, 71, '2019-01-31');
INSERT INTO public.booking VALUES (1567, 39, '2019-01-24');
INSERT INTO public.booking VALUES (1568, 83, '2019-02-14');
INSERT INTO public.booking VALUES (1569, 77, '2019-01-03');
INSERT INTO public.booking VALUES (1570, 20, '2019-01-28');
INSERT INTO public.booking VALUES (1571, 18, '2019-02-07');
INSERT INTO public.booking VALUES (1572, 27, '2019-02-01');
INSERT INTO public.booking VALUES (1573, 43, '2019-01-11');
INSERT INTO public.booking VALUES (1574, 2, '2019-02-03');
INSERT INTO public.booking VALUES (1575, 19, '2019-01-01');
INSERT INTO public.booking VALUES (1576, 53, '2019-02-17');
INSERT INTO public.booking VALUES (1577, 76, '2019-02-07');
INSERT INTO public.booking VALUES (1578, 21, '2019-01-10');
INSERT INTO public.booking VALUES (1579, 73, '2019-02-21');
INSERT INTO public.booking VALUES (1580, 43, '2019-01-04');
INSERT INTO public.booking VALUES (1581, 51, '2019-01-03');
INSERT INTO public.booking VALUES (1582, 57, '2019-02-07');
INSERT INTO public.booking VALUES (1583, 85, '2019-01-17');
INSERT INTO public.booking VALUES (1584, 2, '2019-01-24');
INSERT INTO public.booking VALUES (1585, 64, '2019-01-23');
INSERT INTO public.booking VALUES (1586, 15, '2019-02-19');
INSERT INTO public.booking VALUES (1587, 77, '2019-01-19');
INSERT INTO public.booking VALUES (1588, 44, '2019-02-23');
INSERT INTO public.booking VALUES (1589, 15, '2019-01-26');
INSERT INTO public.booking VALUES (1590, 19, '2019-01-23');
INSERT INTO public.booking VALUES (1591, 58, '2019-01-17');
INSERT INTO public.booking VALUES (1592, 54, '2019-02-03');
INSERT INTO public.booking VALUES (1593, 26, '2019-01-17');
INSERT INTO public.booking VALUES (1594, 25, '2019-01-25');
INSERT INTO public.booking VALUES (1595, 7, '2019-01-15');
INSERT INTO public.booking VALUES (1596, 30, '2019-01-27');
INSERT INTO public.booking VALUES (1597, 28, '2019-01-24');
INSERT INTO public.booking VALUES (1598, 5, '2019-02-24');
INSERT INTO public.booking VALUES (1599, 81, '2019-01-30');
INSERT INTO public.booking VALUES (1600, 16, '2019-02-22');
INSERT INTO public.booking VALUES (1601, 71, '2019-01-04');
INSERT INTO public.booking VALUES (1602, 47, '2019-01-21');
INSERT INTO public.booking VALUES (1603, 56, '2019-01-21');
INSERT INTO public.booking VALUES (1604, 16, '2019-01-26');
INSERT INTO public.booking VALUES (1605, 15, '2019-01-27');
INSERT INTO public.booking VALUES (1606, 72, '2019-01-14');
INSERT INTO public.booking VALUES (1607, 55, '2019-01-19');
INSERT INTO public.booking VALUES (1608, 62, '2019-01-11');
INSERT INTO public.booking VALUES (1609, 11, '2019-02-21');
INSERT INTO public.booking VALUES (1610, 6, '2019-02-03');
INSERT INTO public.booking VALUES (1611, 2, '2019-01-26');
INSERT INTO public.booking VALUES (1612, 28, '2019-02-17');
INSERT INTO public.booking VALUES (1613, 66, '2019-02-10');
INSERT INTO public.booking VALUES (1614, 43, '2019-01-20');
INSERT INTO public.booking VALUES (1615, 53, '2019-01-17');
INSERT INTO public.booking VALUES (1616, 5, '2019-02-22');
INSERT INTO public.booking VALUES (1617, 32, '2019-01-14');
INSERT INTO public.booking VALUES (1618, 9, '2019-01-11');
INSERT INTO public.booking VALUES (1619, 7, '2019-02-12');
INSERT INTO public.booking VALUES (1620, 65, '2019-02-04');
INSERT INTO public.booking VALUES (1621, 8, '2019-01-13');
INSERT INTO public.booking VALUES (1622, 65, '2019-01-03');
INSERT INTO public.booking VALUES (1623, 65, '2019-01-03');
INSERT INTO public.booking VALUES (1624, 61, '2019-01-20');
INSERT INTO public.booking VALUES (1625, 34, '2019-02-20');
INSERT INTO public.booking VALUES (1626, 66, '2019-01-18');
INSERT INTO public.booking VALUES (1627, 51, '2019-02-04');
INSERT INTO public.booking VALUES (1628, 8, '2019-01-14');
INSERT INTO public.booking VALUES (1629, 61, '2019-01-22');
INSERT INTO public.booking VALUES (1630, 35, '2019-01-07');
INSERT INTO public.booking VALUES (1631, 66, '2019-02-17');
INSERT INTO public.booking VALUES (1632, 84, '2019-01-24');
INSERT INTO public.booking VALUES (1633, 59, '2019-01-25');
INSERT INTO public.booking VALUES (1634, 72, '2019-02-14');
INSERT INTO public.booking VALUES (1635, 35, '2019-02-02');
INSERT INTO public.booking VALUES (1636, 24, '2019-02-27');
INSERT INTO public.booking VALUES (1637, 66, '2019-02-04');
INSERT INTO public.booking VALUES (1638, 19, '2019-01-22');
INSERT INTO public.booking VALUES (1639, 14, '2019-02-18');
INSERT INTO public.booking VALUES (1640, 61, '2019-02-18');
INSERT INTO public.booking VALUES (1641, 35, '2019-01-07');
INSERT INTO public.booking VALUES (1642, 29, '2019-01-30');
INSERT INTO public.booking VALUES (1643, 13, '2019-02-16');
INSERT INTO public.booking VALUES (1644, 6, '2019-01-14');
INSERT INTO public.booking VALUES (1645, 31, '2019-01-20');
INSERT INTO public.booking VALUES (1646, 18, '2019-01-22');
INSERT INTO public.booking VALUES (1647, 23, '2019-02-07');
INSERT INTO public.booking VALUES (1648, 31, '2019-01-29');
INSERT INTO public.booking VALUES (1649, 78, '2019-01-07');
INSERT INTO public.booking VALUES (1650, 51, '2019-01-02');
INSERT INTO public.booking VALUES (1651, 34, '2019-02-19');
INSERT INTO public.booking VALUES (1652, 81, '2019-02-05');
INSERT INTO public.booking VALUES (1653, 15, '2019-02-14');
INSERT INTO public.booking VALUES (1654, 43, '2019-02-26');
INSERT INTO public.booking VALUES (1655, 74, '2019-02-06');
INSERT INTO public.booking VALUES (1656, 51, '2019-01-27');
INSERT INTO public.booking VALUES (1657, 82, '2019-02-01');
INSERT INTO public.booking VALUES (1658, 11, '2019-02-15');
INSERT INTO public.booking VALUES (1659, 24, '2019-02-28');
INSERT INTO public.booking VALUES (1660, 51, '2019-02-07');
INSERT INTO public.booking VALUES (1661, 11, '2019-02-07');
INSERT INTO public.booking VALUES (1662, 60, '2019-02-07');
INSERT INTO public.booking VALUES (1663, 37, '2019-01-25');
INSERT INTO public.booking VALUES (1664, 13, '2019-01-19');
INSERT INTO public.booking VALUES (1665, 24, '2019-02-19');
INSERT INTO public.booking VALUES (1666, 1, '2019-02-01');
INSERT INTO public.booking VALUES (1667, 30, '2019-01-04');
INSERT INTO public.booking VALUES (1668, 15, '2019-02-05');
INSERT INTO public.booking VALUES (1669, 12, '2019-01-17');
INSERT INTO public.booking VALUES (1670, 65, '2019-01-12');
INSERT INTO public.booking VALUES (1671, 67, '2019-01-07');
INSERT INTO public.booking VALUES (1672, 31, '2019-01-01');
INSERT INTO public.booking VALUES (1673, 1, '2019-01-23');
INSERT INTO public.booking VALUES (1674, 3, '2019-01-02');
INSERT INTO public.booking VALUES (1675, 38, '2019-01-03');
INSERT INTO public.booking VALUES (1676, 75, '2019-02-12');
INSERT INTO public.booking VALUES (1677, 1, '2019-02-22');
INSERT INTO public.booking VALUES (1678, 11, '2019-02-20');
INSERT INTO public.booking VALUES (1679, 82, '2019-02-02');
INSERT INTO public.booking VALUES (1680, 70, '2019-02-03');
INSERT INTO public.booking VALUES (1681, 65, '2019-01-02');
INSERT INTO public.booking VALUES (1682, 53, '2019-02-22');
INSERT INTO public.booking VALUES (1683, 14, '2019-01-12');
INSERT INTO public.booking VALUES (1684, 20, '2019-02-23');
INSERT INTO public.booking VALUES (1685, 78, '2019-02-18');
INSERT INTO public.booking VALUES (1686, 9, '2019-02-20');
INSERT INTO public.booking VALUES (1687, 44, '2019-01-15');
INSERT INTO public.booking VALUES (1688, 67, '2019-02-12');
INSERT INTO public.booking VALUES (1689, 19, '2019-02-22');
INSERT INTO public.booking VALUES (1690, 25, '2019-01-24');
INSERT INTO public.booking VALUES (1691, 67, '2019-01-11');
INSERT INTO public.booking VALUES (1692, 75, '2019-02-07');
INSERT INTO public.booking VALUES (1693, 36, '2019-01-03');
INSERT INTO public.booking VALUES (1694, 39, '2019-02-11');
INSERT INTO public.booking VALUES (1695, 2, '2019-01-27');
INSERT INTO public.booking VALUES (1696, 18, '2019-01-21');
INSERT INTO public.booking VALUES (1697, 80, '2019-02-02');
INSERT INTO public.booking VALUES (1698, 82, '2019-02-11');
INSERT INTO public.booking VALUES (1699, 15, '2019-02-28');
INSERT INTO public.booking VALUES (1700, 27, '2019-01-15');
INSERT INTO public.booking VALUES (1701, 55, '2019-01-23');
INSERT INTO public.booking VALUES (1702, 34, '2019-01-16');
INSERT INTO public.booking VALUES (1703, 35, '2019-02-03');
INSERT INTO public.booking VALUES (1704, 31, '2019-01-11');
INSERT INTO public.booking VALUES (1705, 51, '2019-01-08');
INSERT INTO public.booking VALUES (1706, 57, '2019-02-24');
INSERT INTO public.booking VALUES (1707, 14, '2019-01-10');
INSERT INTO public.booking VALUES (1708, 1, '2019-01-15');
INSERT INTO public.booking VALUES (1709, 12, '2019-02-17');
INSERT INTO public.booking VALUES (1710, 50, '2019-01-27');
INSERT INTO public.booking VALUES (1711, 29, '2019-01-25');
INSERT INTO public.booking VALUES (1712, 2, '2019-01-07');
INSERT INTO public.booking VALUES (1713, 52, '2019-02-06');
INSERT INTO public.booking VALUES (1714, 43, '2019-01-28');
INSERT INTO public.booking VALUES (1715, 51, '2019-01-17');
INSERT INTO public.booking VALUES (1716, 71, '2019-02-15');
INSERT INTO public.booking VALUES (1717, 26, '2019-01-13');
INSERT INTO public.booking VALUES (1718, 42, '2019-01-31');
INSERT INTO public.booking VALUES (1719, 61, '2019-01-15');
INSERT INTO public.booking VALUES (1720, 45, '2019-01-23');
INSERT INTO public.booking VALUES (1721, 59, '2019-01-11');
INSERT INTO public.booking VALUES (1722, 70, '2019-01-29');
INSERT INTO public.booking VALUES (1723, 44, '2019-01-13');
INSERT INTO public.booking VALUES (1724, 35, '2019-02-12');
INSERT INTO public.booking VALUES (1725, 72, '2019-01-25');
INSERT INTO public.booking VALUES (1726, 18, '2019-02-12');
INSERT INTO public.booking VALUES (1727, 48, '2019-02-12');
INSERT INTO public.booking VALUES (1728, 83, '2019-02-01');
INSERT INTO public.booking VALUES (1729, 1, '2019-02-05');
INSERT INTO public.booking VALUES (1730, 4, '2019-02-04');
INSERT INTO public.booking VALUES (1731, 39, '2019-02-18');
INSERT INTO public.booking VALUES (1732, 2, '2019-01-18');
INSERT INTO public.booking VALUES (1733, 39, '2019-01-12');
INSERT INTO public.booking VALUES (1734, 67, '2019-01-22');
INSERT INTO public.booking VALUES (1735, 6, '2019-02-20');
INSERT INTO public.booking VALUES (1736, 45, '2019-01-26');
INSERT INTO public.booking VALUES (1737, 83, '2019-01-12');
INSERT INTO public.booking VALUES (1738, 7, '2019-02-07');
INSERT INTO public.booking VALUES (1739, 38, '2019-01-16');
INSERT INTO public.booking VALUES (1740, 75, '2019-02-27');
INSERT INTO public.booking VALUES (1741, 53, '2019-02-28');
INSERT INTO public.booking VALUES (1742, 33, '2019-02-01');
INSERT INTO public.booking VALUES (1743, 77, '2019-01-19');
INSERT INTO public.booking VALUES (1744, 24, '2019-01-08');
INSERT INTO public.booking VALUES (1745, 6, '2019-02-13');
INSERT INTO public.booking VALUES (1746, 25, '2019-01-12');
INSERT INTO public.booking VALUES (1747, 49, '2019-02-19');
INSERT INTO public.booking VALUES (1748, 16, '2019-01-29');
INSERT INTO public.booking VALUES (1749, 33, '2019-01-01');
INSERT INTO public.booking VALUES (1750, 29, '2019-01-07');
INSERT INTO public.booking VALUES (1751, 40, '2019-01-24');
INSERT INTO public.booking VALUES (1752, 25, '2019-02-27');
INSERT INTO public.booking VALUES (1753, 60, '2019-01-15');
INSERT INTO public.booking VALUES (1754, 82, '2019-01-25');
INSERT INTO public.booking VALUES (1755, 67, '2019-01-24');
INSERT INTO public.booking VALUES (1756, 29, '2019-02-03');
INSERT INTO public.booking VALUES (1757, 44, '2019-02-28');
INSERT INTO public.booking VALUES (1758, 54, '2019-01-30');
INSERT INTO public.booking VALUES (1759, 71, '2019-01-24');
INSERT INTO public.booking VALUES (1760, 11, '2019-02-14');
INSERT INTO public.booking VALUES (1761, 48, '2019-01-12');
INSERT INTO public.booking VALUES (1762, 9, '2019-02-06');
INSERT INTO public.booking VALUES (1763, 21, '2019-01-06');
INSERT INTO public.booking VALUES (1764, 6, '2019-02-24');
INSERT INTO public.booking VALUES (1765, 39, '2019-02-11');
INSERT INTO public.booking VALUES (1766, 55, '2019-01-30');
INSERT INTO public.booking VALUES (1767, 32, '2019-01-14');
INSERT INTO public.booking VALUES (1768, 71, '2019-01-11');
INSERT INTO public.booking VALUES (1769, 33, '2019-01-28');
INSERT INTO public.booking VALUES (1770, 53, '2019-02-12');
INSERT INTO public.booking VALUES (1771, 23, '2019-01-06');
INSERT INTO public.booking VALUES (1772, 22, '2019-01-16');
INSERT INTO public.booking VALUES (1773, 78, '2019-02-19');
INSERT INTO public.booking VALUES (1774, 64, '2019-02-26');
INSERT INTO public.booking VALUES (1775, 50, '2019-02-14');
INSERT INTO public.booking VALUES (1776, 30, '2019-02-16');
INSERT INTO public.booking VALUES (1777, 80, '2019-02-23');
INSERT INTO public.booking VALUES (1778, 56, '2019-02-03');
INSERT INTO public.booking VALUES (1779, 24, '2019-02-24');
INSERT INTO public.booking VALUES (1780, 3, '2019-02-23');
INSERT INTO public.booking VALUES (1781, 27, '2019-01-04');
INSERT INTO public.booking VALUES (1782, 61, '2019-01-30');
INSERT INTO public.booking VALUES (1783, 37, '2019-02-06');
INSERT INTO public.booking VALUES (1784, 72, '2019-02-26');
INSERT INTO public.booking VALUES (1785, 12, '2019-02-14');
INSERT INTO public.booking VALUES (1786, 55, '2019-01-30');
INSERT INTO public.booking VALUES (1787, 35, '2019-01-24');
INSERT INTO public.booking VALUES (1788, 33, '2019-02-15');
INSERT INTO public.booking VALUES (1789, 70, '2019-01-14');
INSERT INTO public.booking VALUES (1790, 18, '2019-02-07');
INSERT INTO public.booking VALUES (1791, 22, '2019-02-18');
INSERT INTO public.booking VALUES (1792, 62, '2019-01-14');
INSERT INTO public.booking VALUES (1793, 51, '2019-02-21');
INSERT INTO public.booking VALUES (1794, 43, '2019-02-15');
INSERT INTO public.booking VALUES (1795, 59, '2019-02-04');
INSERT INTO public.booking VALUES (1796, 22, '2019-02-22');
INSERT INTO public.booking VALUES (1797, 44, '2019-01-14');
INSERT INTO public.booking VALUES (1798, 9, '2019-01-12');
INSERT INTO public.booking VALUES (1799, 60, '2019-02-12');
INSERT INTO public.booking VALUES (1800, 50, '2019-01-08');
INSERT INTO public.booking VALUES (1801, 41, '2019-02-19');
INSERT INTO public.booking VALUES (1802, 32, '2019-01-19');
INSERT INTO public.booking VALUES (1803, 42, '2019-02-09');
INSERT INTO public.booking VALUES (1804, 78, '2019-01-15');
INSERT INTO public.booking VALUES (1805, 60, '2019-02-24');
INSERT INTO public.booking VALUES (1806, 12, '2019-02-12');
INSERT INTO public.booking VALUES (1807, 57, '2019-02-24');
INSERT INTO public.booking VALUES (1808, 72, '2019-01-25');
INSERT INTO public.booking VALUES (1809, 57, '2019-01-05');
INSERT INTO public.booking VALUES (1810, 11, '2019-01-29');
INSERT INTO public.booking VALUES (1811, 78, '2019-02-18');
INSERT INTO public.booking VALUES (1812, 39, '2019-01-28');
INSERT INTO public.booking VALUES (1813, 78, '2019-02-11');
INSERT INTO public.booking VALUES (1814, 25, '2019-01-22');
INSERT INTO public.booking VALUES (1815, 53, '2019-01-25');
INSERT INTO public.booking VALUES (1816, 27, '2019-01-03');
INSERT INTO public.booking VALUES (1817, 34, '2019-01-15');
INSERT INTO public.booking VALUES (1818, 1, '2019-01-22');
INSERT INTO public.booking VALUES (1819, 67, '2019-01-24');
INSERT INTO public.booking VALUES (1820, 55, '2019-02-23');
INSERT INTO public.booking VALUES (1821, 59, '2019-01-19');
INSERT INTO public.booking VALUES (1822, 65, '2019-02-08');
INSERT INTO public.booking VALUES (1823, 25, '2019-01-22');
INSERT INTO public.booking VALUES (1824, 46, '2019-01-05');
INSERT INTO public.booking VALUES (1825, 30, '2019-02-26');
INSERT INTO public.booking VALUES (1826, 2, '2019-01-01');
INSERT INTO public.booking VALUES (1827, 77, '2019-01-24');
INSERT INTO public.booking VALUES (1828, 49, '2019-01-15');
INSERT INTO public.booking VALUES (1829, 22, '2019-01-22');
INSERT INTO public.booking VALUES (1830, 53, '2019-01-29');
INSERT INTO public.booking VALUES (1831, 25, '2019-02-13');
INSERT INTO public.booking VALUES (1832, 76, '2019-01-18');
INSERT INTO public.booking VALUES (1833, 29, '2019-02-08');
INSERT INTO public.booking VALUES (1834, 19, '2019-01-14');
INSERT INTO public.booking VALUES (1835, 20, '2019-02-25');
INSERT INTO public.booking VALUES (1836, 49, '2019-02-24');
INSERT INTO public.booking VALUES (1837, 73, '2019-01-19');
INSERT INTO public.booking VALUES (1838, 66, '2019-02-04');
INSERT INTO public.booking VALUES (1839, 31, '2019-01-31');
INSERT INTO public.booking VALUES (1840, 69, '2019-02-02');
INSERT INTO public.booking VALUES (1841, 32, '2019-02-04');
INSERT INTO public.booking VALUES (1842, 81, '2019-02-24');
INSERT INTO public.booking VALUES (1843, 69, '2019-01-07');
INSERT INTO public.booking VALUES (1844, 42, '2019-02-21');
INSERT INTO public.booking VALUES (1845, 2, '2019-01-12');
INSERT INTO public.booking VALUES (1846, 84, '2019-01-05');
INSERT INTO public.booking VALUES (1847, 69, '2019-02-15');
INSERT INTO public.booking VALUES (1848, 62, '2019-02-23');
INSERT INTO public.booking VALUES (1849, 5, '2019-01-11');
INSERT INTO public.booking VALUES (1850, 21, '2019-02-26');
INSERT INTO public.booking VALUES (1851, 2, '2019-02-27');
INSERT INTO public.booking VALUES (1852, 49, '2019-02-15');
INSERT INTO public.booking VALUES (1853, 58, '2019-01-27');
INSERT INTO public.booking VALUES (1854, 64, '2019-02-02');
INSERT INTO public.booking VALUES (1855, 27, '2019-01-18');
INSERT INTO public.booking VALUES (1856, 17, '2019-01-10');
INSERT INTO public.booking VALUES (1857, 77, '2019-01-27');
INSERT INTO public.booking VALUES (1858, 12, '2019-01-16');
INSERT INTO public.booking VALUES (1859, 59, '2019-01-18');
INSERT INTO public.booking VALUES (1860, 67, '2019-01-11');
INSERT INTO public.booking VALUES (1861, 45, '2019-01-13');
INSERT INTO public.booking VALUES (1862, 42, '2019-01-22');
INSERT INTO public.booking VALUES (1863, 53, '2019-01-31');
INSERT INTO public.booking VALUES (1864, 4, '2019-01-22');
INSERT INTO public.booking VALUES (1865, 41, '2019-02-11');
INSERT INTO public.booking VALUES (1866, 23, '2019-01-28');
INSERT INTO public.booking VALUES (1867, 29, '2019-02-09');
INSERT INTO public.booking VALUES (1868, 34, '2019-02-11');
INSERT INTO public.booking VALUES (1869, 21, '2019-01-12');
INSERT INTO public.booking VALUES (1870, 68, '2019-02-08');
INSERT INTO public.booking VALUES (1871, 80, '2019-01-21');
INSERT INTO public.booking VALUES (1872, 35, '2019-02-25');
INSERT INTO public.booking VALUES (1873, 59, '2019-02-22');
INSERT INTO public.booking VALUES (1874, 40, '2019-02-21');
INSERT INTO public.booking VALUES (1875, 45, '2019-02-01');
INSERT INTO public.booking VALUES (1876, 42, '2019-01-30');
INSERT INTO public.booking VALUES (1877, 29, '2019-01-28');
INSERT INTO public.booking VALUES (1878, 7, '2019-02-22');
INSERT INTO public.booking VALUES (1879, 9, '2019-01-30');
INSERT INTO public.booking VALUES (1880, 37, '2019-02-10');
INSERT INTO public.booking VALUES (1881, 7, '2019-02-28');
INSERT INTO public.booking VALUES (1882, 55, '2019-02-04');
INSERT INTO public.booking VALUES (1883, 51, '2019-01-24');
INSERT INTO public.booking VALUES (1884, 38, '2019-01-27');
INSERT INTO public.booking VALUES (1885, 44, '2019-01-12');
INSERT INTO public.booking VALUES (1886, 11, '2019-01-12');
INSERT INTO public.booking VALUES (1887, 60, '2019-01-20');
INSERT INTO public.booking VALUES (1888, 12, '2019-01-12');
INSERT INTO public.booking VALUES (1889, 18, '2019-02-09');
INSERT INTO public.booking VALUES (1890, 24, '2019-01-26');
INSERT INTO public.booking VALUES (1891, 35, '2019-02-25');
INSERT INTO public.booking VALUES (1892, 60, '2019-01-23');
INSERT INTO public.booking VALUES (1893, 84, '2019-01-09');
INSERT INTO public.booking VALUES (1894, 2, '2019-01-10');
INSERT INTO public.booking VALUES (1895, 53, '2019-01-20');
INSERT INTO public.booking VALUES (1896, 40, '2019-01-05');
INSERT INTO public.booking VALUES (1897, 59, '2019-01-17');
INSERT INTO public.booking VALUES (1898, 69, '2019-01-08');
INSERT INTO public.booking VALUES (1899, 52, '2019-02-26');
INSERT INTO public.booking VALUES (1900, 61, '2019-02-08');
INSERT INTO public.booking VALUES (1901, 16, '2019-02-20');
INSERT INTO public.booking VALUES (1902, 26, '2019-02-13');
INSERT INTO public.booking VALUES (1903, 77, '2019-02-14');
INSERT INTO public.booking VALUES (1904, 65, '2019-01-13');
INSERT INTO public.booking VALUES (1905, 51, '2019-02-26');
INSERT INTO public.booking VALUES (1906, 60, '2019-01-18');
INSERT INTO public.booking VALUES (1907, 32, '2019-02-21');
INSERT INTO public.booking VALUES (1908, 47, '2019-01-14');
INSERT INTO public.booking VALUES (1909, 1, '2019-01-10');
INSERT INTO public.booking VALUES (1910, 25, '2019-01-05');
INSERT INTO public.booking VALUES (1911, 84, '2019-01-06');
INSERT INTO public.booking VALUES (1912, 45, '2019-01-27');
INSERT INTO public.booking VALUES (1913, 9, '2019-02-19');
INSERT INTO public.booking VALUES (1914, 44, '2019-01-03');
INSERT INTO public.booking VALUES (1915, 58, '2019-01-02');
INSERT INTO public.booking VALUES (1916, 60, '2019-02-10');
INSERT INTO public.booking VALUES (1917, 31, '2019-02-01');
INSERT INTO public.booking VALUES (1918, 34, '2019-01-08');
INSERT INTO public.booking VALUES (1919, 20, '2019-02-21');
INSERT INTO public.booking VALUES (1920, 82, '2019-01-22');
INSERT INTO public.booking VALUES (1921, 63, '2019-01-07');
INSERT INTO public.booking VALUES (1922, 11, '2019-01-12');
INSERT INTO public.booking VALUES (1923, 50, '2019-01-20');
INSERT INTO public.booking VALUES (1924, 68, '2019-01-13');
INSERT INTO public.booking VALUES (1925, 28, '2019-02-09');
INSERT INTO public.booking VALUES (1926, 18, '2019-01-14');
INSERT INTO public.booking VALUES (1927, 41, '2019-01-15');
INSERT INTO public.booking VALUES (1928, 82, '2019-01-12');
INSERT INTO public.booking VALUES (1929, 5, '2019-02-24');
INSERT INTO public.booking VALUES (1930, 76, '2019-02-12');
INSERT INTO public.booking VALUES (1931, 28, '2019-02-22');
INSERT INTO public.booking VALUES (1932, 29, '2019-02-11');
INSERT INTO public.booking VALUES (1933, 75, '2019-02-27');
INSERT INTO public.booking VALUES (1934, 1, '2019-02-27');
INSERT INTO public.booking VALUES (1935, 64, '2019-01-05');
INSERT INTO public.booking VALUES (1936, 83, '2019-02-25');
INSERT INTO public.booking VALUES (1937, 9, '2019-01-31');
INSERT INTO public.booking VALUES (1938, 23, '2019-02-04');
INSERT INTO public.booking VALUES (1939, 2, '2019-02-10');
INSERT INTO public.booking VALUES (1940, 53, '2019-01-20');
INSERT INTO public.booking VALUES (1941, 49, '2019-01-23');
INSERT INTO public.booking VALUES (1942, 41, '2019-02-12');
INSERT INTO public.booking VALUES (1943, 74, '2019-02-17');
INSERT INTO public.booking VALUES (1944, 82, '2019-01-15');
INSERT INTO public.booking VALUES (1945, 83, '2019-02-16');
INSERT INTO public.booking VALUES (1946, 2, '2019-01-21');
INSERT INTO public.booking VALUES (1947, 46, '2019-02-25');
INSERT INTO public.booking VALUES (1948, 81, '2019-01-01');
INSERT INTO public.booking VALUES (1949, 33, '2019-01-17');
INSERT INTO public.booking VALUES (1950, 48, '2019-01-21');
INSERT INTO public.booking VALUES (1951, 5, '2019-01-06');
INSERT INTO public.booking VALUES (1952, 47, '2019-02-14');
INSERT INTO public.booking VALUES (1953, 50, '2019-01-11');
INSERT INTO public.booking VALUES (1954, 47, '2019-02-01');
INSERT INTO public.booking VALUES (1955, 12, '2019-01-15');
INSERT INTO public.booking VALUES (1956, 19, '2019-02-07');
INSERT INTO public.booking VALUES (1957, 79, '2019-01-27');
INSERT INTO public.booking VALUES (1958, 50, '2019-01-29');
INSERT INTO public.booking VALUES (1959, 5, '2019-02-27');
INSERT INTO public.booking VALUES (1960, 24, '2019-02-10');
INSERT INTO public.booking VALUES (1961, 30, '2019-02-02');
INSERT INTO public.booking VALUES (1962, 2, '2019-02-09');
INSERT INTO public.booking VALUES (1963, 75, '2019-01-01');
INSERT INTO public.booking VALUES (1964, 46, '2019-02-23');
INSERT INTO public.booking VALUES (1965, 25, '2019-02-05');
INSERT INTO public.booking VALUES (1966, 73, '2019-01-10');
INSERT INTO public.booking VALUES (1967, 1, '2019-01-05');
INSERT INTO public.booking VALUES (1968, 49, '2019-01-18');
INSERT INTO public.booking VALUES (1969, 85, '2019-02-07');
INSERT INTO public.booking VALUES (1970, 38, '2019-01-06');
INSERT INTO public.booking VALUES (1971, 26, '2019-02-11');
INSERT INTO public.booking VALUES (1972, 66, '2019-01-25');
INSERT INTO public.booking VALUES (1973, 21, '2019-01-04');
INSERT INTO public.booking VALUES (1974, 7, '2019-01-04');
INSERT INTO public.booking VALUES (1975, 27, '2019-02-11');
INSERT INTO public.booking VALUES (1976, 84, '2019-01-12');
INSERT INTO public.booking VALUES (1977, 64, '2019-01-30');
INSERT INTO public.booking VALUES (1978, 80, '2019-02-14');
INSERT INTO public.booking VALUES (1979, 78, '2019-02-10');
INSERT INTO public.booking VALUES (1980, 77, '2019-01-19');
INSERT INTO public.booking VALUES (1981, 18, '2019-02-06');
INSERT INTO public.booking VALUES (1982, 69, '2019-02-10');
INSERT INTO public.booking VALUES (1983, 3, '2019-01-25');
INSERT INTO public.booking VALUES (1984, 26, '2019-02-05');
INSERT INTO public.booking VALUES (1985, 8, '2019-02-04');
INSERT INTO public.booking VALUES (1986, 46, '2019-01-09');
INSERT INTO public.booking VALUES (1987, 47, '2019-01-10');
INSERT INTO public.booking VALUES (1988, 69, '2019-02-03');
INSERT INTO public.booking VALUES (1989, 12, '2019-01-16');
INSERT INTO public.booking VALUES (1990, 68, '2019-02-25');
INSERT INTO public.booking VALUES (1991, 62, '2019-02-11');
INSERT INTO public.booking VALUES (1992, 33, '2019-02-05');
INSERT INTO public.booking VALUES (1993, 69, '2019-01-10');
INSERT INTO public.booking VALUES (1994, 75, '2019-02-21');
INSERT INTO public.booking VALUES (1995, 40, '2019-02-20');
INSERT INTO public.booking VALUES (1996, 55, '2019-01-22');
INSERT INTO public.booking VALUES (1997, 85, '2019-01-24');
INSERT INTO public.booking VALUES (1998, 19, '2019-02-27');
INSERT INTO public.booking VALUES (1999, 42, '2019-01-09');
INSERT INTO public.booking VALUES (2000, 18, '2019-01-06');


--
-- Data for Name: client; Type: TABLE DATA; Schema: public; Owner: postgres
--

INSERT INTO public.client VALUES (1, '  ', '7(7800)227-72-32');
INSERT INTO public.client VALUES (2, '  ', '7(676)046-56-35');
INSERT INTO public.client VALUES (3, '  ', '7(13)135-92-59');
INSERT INTO public.client VALUES (4, '  ', '7(823)568-93-66');
INSERT INTO public.client VALUES (5, '  ', '7(600)638-84-26');
INSERT INTO public.client VALUES (6, '  ', '7(515)653-47-70');
INSERT INTO public.client VALUES (7, '  ', '7(48)758-11-92');
INSERT INTO public.client VALUES (8, '  ', '7(651)041-69-32');
INSERT INTO public.client VALUES (9, '  ', '7(9704)858-24-00');
INSERT INTO public.client VALUES (10, '  ', '7(9219)560-71-11');
INSERT INTO public.client VALUES (11, '  ', '7(706)767-81-36');
INSERT INTO public.client VALUES (12, '  ', '7(180)992-11-16');
INSERT INTO public.client VALUES (13, '  ', '7(763)742-54-95');
INSERT INTO public.client VALUES (14, '  ', '7(53)676-38-54');
INSERT INTO public.client VALUES (15, '  ', '7(43)554-11-28');
INSERT INTO public.client VALUES (16, '  ', '7(169)143-76-81');
INSERT INTO public.client VALUES (17, '  ', '7(5839)838-27-18');
INSERT INTO public.client VALUES (18, '  ', '7(59)778-94-73');
INSERT INTO public.client VALUES (19, '  ', '7(163)444-03-79');
INSERT INTO public.client VALUES (20, '  ', '7(62)899-72-56');
INSERT INTO public.client VALUES (21, '  ', '7(343)815-42-17');
INSERT INTO public.client VALUES (22, '  ', '7(62)662-66-99');
INSERT INTO public.client VALUES (23, '  ', '7(894)192-73-60');
INSERT INTO public.client VALUES (24, '  ', '7(511)427-49-09');
INSERT INTO public.client VALUES (25, '  ', '7(622)127-01-15');
INSERT INTO public.client VALUES (26, '  ', '7(17)541-09-22');
INSERT INTO public.client VALUES (27, '  ', '7(7461)610-34-35');
INSERT INTO public.client VALUES (28, '  ', '7(536)519-79-02');
INSERT INTO public.client VALUES (29, '  ', '7(12)441-19-73');
INSERT INTO public.client VALUES (30, '  ', '7(444)873-43-60');
INSERT INTO public.client VALUES (31, '  ', '7(12)810-04-13');
INSERT INTO public.client VALUES (32, '  ', '7(5886)692-14-68');
INSERT INTO public.client VALUES (33, '  ', '7(428)897-01-79');
INSERT INTO public.client VALUES (34, '  ', '7(707)453-23-00');
INSERT INTO public.client VALUES (35, '  ', '7(0215)983-27-10');
INSERT INTO public.client VALUES (36, '  ', '7(8186)241-02-55');
INSERT INTO public.client VALUES (37, '  ', '7(7878)719-20-91');
INSERT INTO public.client VALUES (38, '  ', '7(195)643-40-46');
INSERT INTO public.client VALUES (39, '  ', '7(567)138-01-69');
INSERT INTO public.client VALUES (40, '  ', '7(8818)320-28-28');
INSERT INTO public.client VALUES (41, '  ', '7(63)106-67-37');
INSERT INTO public.client VALUES (42, '  ', '7(7699)871-79-05');
INSERT INTO public.client VALUES (43, '  ', '7(35)184-34-75');
INSERT INTO public.client VALUES (44, '  ', '7(722)603-47-33');
INSERT INTO public.client VALUES (45, '  ', '7(11)912-44-60');
INSERT INTO public.client VALUES (46, '  ', '7(7830)169-89-13');
INSERT INTO public.client VALUES (47, '  ', '7(260)930-15-30');
INSERT INTO public.client VALUES (48, '  ', '7(650)509-44-08');
INSERT INTO public.client VALUES (49, '  ', '7(673)961-23-11');
INSERT INTO public.client VALUES (50, '  ', '7(52)165-72-08');
INSERT INTO public.client VALUES (51, '  ', '7(695)358-82-62');
INSERT INTO public.client VALUES (52, '  ', '7(5907)196-72-08');
INSERT INTO public.client VALUES (53, '  ', '7(5616)624-12-76');
INSERT INTO public.client VALUES (54, '  ', '7(69)973-87-11');
INSERT INTO public.client VALUES (55, '  ', '7(0773)614-22-08');
INSERT INTO public.client VALUES (56, '  ', '7(2205)777-65-64');
INSERT INTO public.client VALUES (57, '  ', '7(5297)049-33-55');
INSERT INTO public.client VALUES (58, '  ', '7(8786)197-70-44');
INSERT INTO public.client VALUES (59, '  ', '7(0934)968-68-81');
INSERT INTO public.client VALUES (60, '  ', '7(2437)251-92-39');
INSERT INTO public.client VALUES (61, '  ', '7(1935)350-84-94');
INSERT INTO public.client VALUES (62, '  ', '7(53)613-15-14');
INSERT INTO public.client VALUES (63, '  ', '7(6678)680-61-62');
INSERT INTO public.client VALUES (64, '  ', '7(233)278-81-95');
INSERT INTO public.client VALUES (65, '  ', '7(36)405-17-29');
INSERT INTO public.client VALUES (66, '  ', '7(9886)494-62-73');
INSERT INTO public.client VALUES (67, '  ', '7(513)189-45-68');
INSERT INTO public.client VALUES (68, '  ', '7(293)904-78-17');
INSERT INTO public.client VALUES (69, '  ', '7(020)037-65-13');
INSERT INTO public.client VALUES (70, '  ', '7(920)991-19-46');
INSERT INTO public.client VALUES (71, '  ', '7(5173)472-77-57');
INSERT INTO public.client VALUES (72, '  ', '7(23)362-39-38');
INSERT INTO public.client VALUES (73, '  ', '7(2902)719-88-31');
INSERT INTO public.client VALUES (74, '  ', '7(040)989-11-65');
INSERT INTO public.client VALUES (75, '  ', '7(9972)658-78-24');
INSERT INTO public.client VALUES (76, '  ', '7(1385)259-34-81');
INSERT INTO public.client VALUES (77, '  ', '7(020)005-82-45');
INSERT INTO public.client VALUES (78, '  ', '7(2264)660-51-57');
INSERT INTO public.client VALUES (79, '  ', '7(4123)645-70-57');
INSERT INTO public.client VALUES (80, '  ', '7(400)921-67-83');
INSERT INTO public.client VALUES (81, '  ', '7(886)638-76-19');
INSERT INTO public.client VALUES (82, '  ', '7(54)608-25-83');
INSERT INTO public.client VALUES (83, '  ', '7(866)447-83-64');
INSERT INTO public.client VALUES (84, '  ', '7(2840)607-25-78');
INSERT INTO public.client VALUES (85, '  ', '7(511)463-12-85');


--
-- Data for Name: hotel; Type: TABLE DATA; Schema: public; Owner: postgres
--

INSERT INTO public.hotel VALUES (1, '', 3);
INSERT INTO public.hotel VALUES (2, ' ', 4);
INSERT INTO public.hotel VALUES (3, '', 3);
INSERT INTO public.hotel VALUES (4, ' ', 4);
INSERT INTO public.hotel VALUES (5, '  ', 4);
INSERT INTO public.hotel VALUES (6, ' ', 4);
INSERT INTO public.hotel VALUES (7, ' ', 3);
INSERT INTO public.hotel VALUES (8, '', 4);
INSERT INTO public.hotel VALUES (9, ' ', 4);


--
-- Data for Name: room; Type: TABLE DATA; Schema: public; Owner: postgres
--

INSERT INTO public.room VALUES (1, 1, 3, '28', '$850,400.00');
INSERT INTO public.room VALUES (2, 1, 4, '23', '$941,200.00');
INSERT INTO public.room VALUES (3, 1, 6, '50', '$235,200.00');
INSERT INTO public.room VALUES (4, 1, 3, '73', '$745,400.00');
INSERT INTO public.room VALUES (5, 1, 6, '69', '$1,072,100.00');
INSERT INTO public.room VALUES (6, 1, 4, '97', '$1,048,300.00');
INSERT INTO public.room VALUES (7, 1, 3, '49', '$471,900.00');
INSERT INTO public.room VALUES (8, 1, 2, '57', '$877,200.00');
INSERT INTO public.room VALUES (9, 1, 6, '24', '$787,700.00');
INSERT INTO public.room VALUES (10, 1, 2, '92', '$271,500.00');
INSERT INTO public.room VALUES (11, 1, 3, '36', '$602,100.00');
INSERT INTO public.room VALUES (12, 1, 4, '60', '$241,200.00');
INSERT INTO public.room VALUES (13, 1, 5, '72', '$1,088,600.00');
INSERT INTO public.room VALUES (14, 2, 6, '72', '$656,000.00');
INSERT INTO public.room VALUES (15, 1, 3, '30', '$1,210,000.00');
INSERT INTO public.room VALUES (16, 1, 5, '85', '$455,400.00');
INSERT INTO public.room VALUES (17, 1, 1, '77', '$641,000.00');
INSERT INTO public.room VALUES (18, 1, 3, '38', '$934,100.00');
INSERT INTO public.room VALUES (19, 1, 1, '84', '$1,136,500.00');
INSERT INTO public.room VALUES (20, 1, 3, '82', '$389,800.00');
INSERT INTO public.room VALUES (21, 1, 2, '96', '$544,400.00');
INSERT INTO public.room VALUES (22, 1, 2, '8', '$326,600.00');
INSERT INTO public.room VALUES (23, 5, 5, '57', '$355,800.00');
INSERT INTO public.room VALUES (24, 1, 4, '58', '$1,219,600.00');
INSERT INTO public.room VALUES (25, 1, 1, '7', '$174,900.00');
INSERT INTO public.room VALUES (26, 2, 2, '21', '$685,800.00');
INSERT INTO public.room VALUES (27, 2, 6, '99', '$896,100.00');
INSERT INTO public.room VALUES (28, 2, 1, '51', '$387,900.00');
INSERT INTO public.room VALUES (29, 2, 6, '36', '$641,700.00');
INSERT INTO public.room VALUES (30, 2, 3, '1', '$539,000.00');
INSERT INTO public.room VALUES (31, 2, 4, '55', '$288,500.00');
INSERT INTO public.room VALUES (32, 2, 2, '43', '$112,700.00');
INSERT INTO public.room VALUES (33, 2, 4, '65', '$731,300.00');
INSERT INTO public.room VALUES (34, 2, 2, '4', '$109,900.00');
INSERT INTO public.room VALUES (35, 2, 6, '29', '$965,800.00');
INSERT INTO public.room VALUES (36, 2, 4, '3', '$169,000.00');
INSERT INTO public.room VALUES (37, 2, 1, '89', '$1,062,400.00');
INSERT INTO public.room VALUES (38, 2, 4, '16', '$873,000.00');
INSERT INTO public.room VALUES (39, 2, 6, '13', '$174,300.00');
INSERT INTO public.room VALUES (40, 2, 1, '34', '$855,100.00');
INSERT INTO public.room VALUES (41, 3, 1, '66', '$742,300.00');
INSERT INTO public.room VALUES (42, 3, 1, '67', '$139,000.00');
INSERT INTO public.room VALUES (43, 3, 3, '81', '$296,400.00');
INSERT INTO public.room VALUES (44, 3, 6, '92', '$334,200.00');
INSERT INTO public.room VALUES (45, 3, 1, '4', '$923,800.00');
INSERT INTO public.room VALUES (46, 3, 3, '19', '$1,001,900.00');
INSERT INTO public.room VALUES (47, 3, 1, '32', '$1,122,900.00');
INSERT INTO public.room VALUES (48, 3, 3, '55', '$371,000.00');
INSERT INTO public.room VALUES (49, 8, 2, '25', '$1,181,900.00');
INSERT INTO public.room VALUES (50, 3, 5, '39', '$718,700.00');
INSERT INTO public.room VALUES (51, 3, 6, '15', '$353,200.00');
INSERT INTO public.room VALUES (52, 3, 6, '68', '$845,000.00');
INSERT INTO public.room VALUES (53, 3, 3, '70', '$771,900.00');
INSERT INTO public.room VALUES (54, 3, 5, '79', '$1,155,200.00');
INSERT INTO public.room VALUES (55, 3, 5, '38', '$1,115,500.00');
INSERT INTO public.room VALUES (56, 3, 4, '57', '$870,500.00');
INSERT INTO public.room VALUES (57, 3, 6, '71', '$107,800.00');
INSERT INTO public.room VALUES (58, 3, 3, '9', '$740,400.00');
INSERT INTO public.room VALUES (59, 3, 5, '22', '$351,900.00');
INSERT INTO public.room VALUES (60, 3, 4, '45', '$689,800.00');
INSERT INTO public.room VALUES (61, 3, 2, '20', '$1,058,100.00');
INSERT INTO public.room VALUES (62, 3, 6, '86', '$280,100.00');
INSERT INTO public.room VALUES (63, 3, 5, '6', '$340,600.00');
INSERT INTO public.room VALUES (64, 3, 3, '96', '$293,500.00');
INSERT INTO public.room VALUES (65, 4, 2, '45', '$548,200.00');
INSERT INTO public.room VALUES (66, 4, 4, '6', '$391,300.00');
INSERT INTO public.room VALUES (67, 4, 4, '95', '$1,145,100.00');
INSERT INTO public.room VALUES (68, 4, 1, '15', '$1,090,000.00');
INSERT INTO public.room VALUES (69, 4, 1, '14', '$560,800.00');
INSERT INTO public.room VALUES (70, 4, 2, '68', '$137,700.00');
INSERT INTO public.room VALUES (71, 4, 6, '17', '$1,096,500.00');
INSERT INTO public.room VALUES (72, 4, 1, '41', '$796,400.00');
INSERT INTO public.room VALUES (73, 4, 1, '100', '$190,500.00');
INSERT INTO public.room VALUES (74, 4, 2, '47', '$242,000.00');
INSERT INTO public.room VALUES (75, 4, 1, '73', '$673,900.00');
INSERT INTO public.room VALUES (76, 4, 5, '40', '$985,400.00');
INSERT INTO public.room VALUES (77, 4, 4, '44', '$735,700.00');
INSERT INTO public.room VALUES (78, 4, 6, '55', '$666,000.00');
INSERT INTO public.room VALUES (79, 4, 5, '2', '$195,100.00');
INSERT INTO public.room VALUES (80, 4, 2, '91', '$586,900.00');
INSERT INTO public.room VALUES (81, 4, 1, '25', '$142,500.00');
INSERT INTO public.room VALUES (82, 4, 3, '24', '$928,200.00');
INSERT INTO public.room VALUES (83, 4, 5, '92', '$173,900.00');
INSERT INTO public.room VALUES (84, 3, 6, '95', '$829,100.00');
INSERT INTO public.room VALUES (85, 4, 4, '81', '$1,112,400.00');
INSERT INTO public.room VALUES (86, 4, 6, '60', '$825,400.00');
INSERT INTO public.room VALUES (87, 4, 2, '11', '$114,200.00');
INSERT INTO public.room VALUES (88, 9, 4, '38', '$128,400.00');
INSERT INTO public.room VALUES (89, 5, 2, '81', '$696,200.00');
INSERT INTO public.room VALUES (90, 5, 4, '68', '$291,200.00');
INSERT INTO public.room VALUES (91, 5, 6, '49', '$755,200.00');
INSERT INTO public.room VALUES (92, 5, 6, '36', '$363,900.00');
INSERT INTO public.room VALUES (93, 5, 1, '77', '$432,000.00');
INSERT INTO public.room VALUES (94, 5, 1, '78', '$317,600.00');
INSERT INTO public.room VALUES (95, 5, 1, '9', '$110,400.00');
INSERT INTO public.room VALUES (96, 5, 5, '43', '$960,000.00');
INSERT INTO public.room VALUES (97, 5, 1, '90', '$780,700.00');
INSERT INTO public.room VALUES (98, 5, 4, '95', '$1,007,400.00');
INSERT INTO public.room VALUES (99, 5, 4, '61', '$504,900.00');
INSERT INTO public.room VALUES (100, 5, 4, '2', '$1,127,700.00');
INSERT INTO public.room VALUES (101, 5, 4, '42', '$794,000.00');
INSERT INTO public.room VALUES (102, 1, 1, '53', '$399,500.00');
INSERT INTO public.room VALUES (103, 5, 5, '37', '$462,600.00');
INSERT INTO public.room VALUES (104, 5, 3, '69', '$1,203,500.00');
INSERT INTO public.room VALUES (105, 5, 3, '23', '$370,400.00');
INSERT INTO public.room VALUES (106, 5, 5, '52', '$443,700.00');
INSERT INTO public.room VALUES (107, 9, 1, '59', '$1,229,200.00');
INSERT INTO public.room VALUES (108, 5, 1, '19', '$464,700.00');
INSERT INTO public.room VALUES (109, 7, 4, '40', '$475,700.00');
INSERT INTO public.room VALUES (110, 5, 2, '15', '$960,700.00');
INSERT INTO public.room VALUES (111, 5, 5, '67', '$726,900.00');
INSERT INTO public.room VALUES (112, 7, 2, '12', '$846,900.00');
INSERT INTO public.room VALUES (113, 6, 6, '74', '$431,700.00');
INSERT INTO public.room VALUES (114, 6, 2, '96', '$518,400.00');
INSERT INTO public.room VALUES (115, 6, 5, '25', '$451,000.00');
INSERT INTO public.room VALUES (116, 6, 3, '90', '$1,244,500.00');
INSERT INTO public.room VALUES (117, 6, 6, '71', '$615,000.00');
INSERT INTO public.room VALUES (118, 6, 1, '6', '$612,100.00');
INSERT INTO public.room VALUES (119, 6, 1, '48', '$448,300.00');
INSERT INTO public.room VALUES (120, 6, 3, '17', '$1,085,100.00');
INSERT INTO public.room VALUES (121, 6, 2, '31', '$368,000.00');
INSERT INTO public.room VALUES (122, 6, 1, '21', '$427,000.00');
INSERT INTO public.room VALUES (123, 6, 4, '87', '$1,131,800.00');
INSERT INTO public.room VALUES (124, 9, 4, '27', '$367,700.00');
INSERT INTO public.room VALUES (125, 6, 1, '33', '$948,100.00');
INSERT INTO public.room VALUES (126, 6, 6, '50', '$699,000.00');
INSERT INTO public.room VALUES (127, 6, 6, '99', '$361,300.00');
INSERT INTO public.room VALUES (128, 6, 6, '86', '$599,400.00');
INSERT INTO public.room VALUES (129, 9, 4, '34', '$350,300.00');
INSERT INTO public.room VALUES (130, 6, 6, '2', '$264,700.00');
INSERT INTO public.room VALUES (131, 6, 4, '61', '$1,161,500.00');
INSERT INTO public.room VALUES (132, 6, 6, '20', '$232,100.00');
INSERT INTO public.room VALUES (133, 3, 3, '77', '$262,700.00');
INSERT INTO public.room VALUES (134, 6, 5, '62', '$409,100.00');
INSERT INTO public.room VALUES (135, 6, 6, '56', '$737,500.00');
INSERT INTO public.room VALUES (136, 6, 4, '38', '$788,000.00');
INSERT INTO public.room VALUES (137, 7, 5, '28', '$1,148,200.00');
INSERT INTO public.room VALUES (138, 5, 3, '41', '$1,160,400.00');
INSERT INTO public.room VALUES (139, 7, 2, '15', '$656,200.00');
INSERT INTO public.room VALUES (140, 7, 2, '19', '$374,000.00');
INSERT INTO public.room VALUES (141, 4, 1, '46', '$799,500.00');
INSERT INTO public.room VALUES (142, 7, 3, '26', '$1,132,100.00');
INSERT INTO public.room VALUES (143, 7, 3, '83', '$1,063,400.00');
INSERT INTO public.room VALUES (144, 7, 6, '33', '$1,045,400.00');
INSERT INTO public.room VALUES (145, 7, 1, '67', '$535,400.00');
INSERT INTO public.room VALUES (146, 7, 3, '56', '$245,000.00');
INSERT INTO public.room VALUES (147, 7, 2, '50', '$1,056,400.00');
INSERT INTO public.room VALUES (148, 2, 3, '33', '$466,800.00');
INSERT INTO public.room VALUES (149, 7, 3, '73', '$805,000.00');
INSERT INTO public.room VALUES (150, 7, 2, '41', '$509,100.00');
INSERT INTO public.room VALUES (151, 7, 5, '91', '$220,000.00');
INSERT INTO public.room VALUES (152, 7, 1, '4', '$866,100.00');
INSERT INTO public.room VALUES (153, 1, 4, '93', '$419,200.00');
INSERT INTO public.room VALUES (154, 1, 6, '47', '$1,189,000.00');
INSERT INTO public.room VALUES (155, 7, 6, '14', '$923,100.00');
INSERT INTO public.room VALUES (156, 7, 4, '92', '$1,142,100.00');
INSERT INTO public.room VALUES (157, 7, 2, '47', '$486,300.00');
INSERT INTO public.room VALUES (158, 7, 6, '27', '$365,400.00');
INSERT INTO public.room VALUES (159, 7, 1, '21', '$487,600.00');
INSERT INTO public.room VALUES (160, 7, 4, '23', '$1,042,800.00');
INSERT INTO public.room VALUES (161, 8, 4, '80', '$387,300.00');
INSERT INTO public.room VALUES (162, 8, 3, '29', '$552,700.00');
INSERT INTO public.room VALUES (163, 8, 1, '33', '$1,106,700.00');
INSERT INTO public.room VALUES (164, 8, 6, '43', '$1,165,100.00');
INSERT INTO public.room VALUES (165, 8, 3, '71', '$1,057,900.00');
INSERT INTO public.room VALUES (166, 8, 4, '74', '$641,000.00');
INSERT INTO public.room VALUES (167, 8, 6, '18', '$957,400.00');
INSERT INTO public.room VALUES (168, 4, 4, '31', '$642,700.00');
INSERT INTO public.room VALUES (169, 8, 3, '45', '$1,090,100.00');
INSERT INTO public.room VALUES (170, 8, 5, '15', '$1,141,900.00');
INSERT INTO public.room VALUES (171, 8, 1, '39', '$169,800.00');
INSERT INTO public.room VALUES (172, 8, 2, '65', '$670,700.00');
INSERT INTO public.room VALUES (173, 8, 3, '58', '$1,050,500.00');
INSERT INTO public.room VALUES (174, 8, 1, '95', '$920,000.00');
INSERT INTO public.room VALUES (175, 8, 3, '13', '$589,000.00');
INSERT INTO public.room VALUES (176, 8, 1, '97', '$1,017,700.00');
INSERT INTO public.room VALUES (177, 8, 5, '96', '$1,080,700.00');
INSERT INTO public.room VALUES (178, 7, 4, '22', '$450,500.00');
INSERT INTO public.room VALUES (179, 2, 2, '63', '$559,000.00');
INSERT INTO public.room VALUES (180, 8, 1, '67', '$562,800.00');
INSERT INTO public.room VALUES (181, 3, 4, '61', '$659,800.00');
INSERT INTO public.room VALUES (182, 8, 1, '69', '$988,200.00');
INSERT INTO public.room VALUES (183, 4, 6, '5', '$434,700.00');
INSERT INTO public.room VALUES (184, 8, 3, '84', '$367,100.00');
INSERT INTO public.room VALUES (185, 9, 4, '37', '$316,900.00');
INSERT INTO public.room VALUES (186, 9, 2, '62', '$261,500.00');
INSERT INTO public.room VALUES (187, 9, 4, '4', '$143,300.00');
INSERT INTO public.room VALUES (188, 9, 1, '74', '$304,900.00');
INSERT INTO public.room VALUES (189, 9, 4, '22', '$676,800.00');
INSERT INTO public.room VALUES (190, 9, 4, '1', '$586,400.00');
INSERT INTO public.room VALUES (191, 9, 5, '35', '$229,700.00');
INSERT INTO public.room VALUES (192, 9, 3, '81', '$907,300.00');
INSERT INTO public.room VALUES (193, 9, 1, '80', '$860,600.00');
INSERT INTO public.room VALUES (194, 9, 4, '31', '$126,800.00');
INSERT INTO public.room VALUES (195, 9, 2, '84', '$386,500.00');
INSERT INTO public.room VALUES (196, 9, 3, '75', '$189,400.00');
INSERT INTO public.room VALUES (197, 9, 5, '85', '$751,400.00');
INSERT INTO public.room VALUES (198, 9, 1, '88', '$101,200.00');
INSERT INTO public.room VALUES (199, 9, 4, '17', '$657,800.00');
INSERT INTO public.room VALUES (200, 8, 3, '48', '$1,094,000.00');
INSERT INTO public.room VALUES (201, 9, 6, '26', '$449,300.00');
INSERT INTO public.room VALUES (202, 9, 4, '50', '$254,000.00');
INSERT INTO public.room VALUES (203, 6, 1, '45', '$608,200.00');
INSERT INTO public.room VALUES (204, 9, 2, '15', '$515,300.00');
INSERT INTO public.room VALUES (205, 9, 4, '98', '$135,200.00');
INSERT INTO public.room VALUES (206, 9, 3, '66', '$643,800.00');
INSERT INTO public.room VALUES (207, 5, 4, '60', '$852,800.00');
INSERT INTO public.room VALUES (208, 9, 6, '58', '$783,400.00');


--
-- Data for Name: room_category; Type: TABLE DATA; Schema: public; Owner: postgres
--

INSERT INTO public.room_category VALUES (1, ' ', 23);
INSERT INTO public.room_category VALUES (2, '', 11);
INSERT INTO public.room_category VALUES (3, '', 30);
INSERT INTO public.room_category VALUES (4, ' -', 31);
INSERT INTO public.room_category VALUES (5, '', 38);
INSERT INTO public.room_category VALUES (6, '', 40);


--
-- Data for Name: room_in_booking; Type: TABLE DATA; Schema: public; Owner: postgres
--

INSERT INTO public.room_in_booking VALUES (1, 1, 71, '2019-03-02', '2019-03-09');
INSERT INTO public.room_in_booking VALUES (2, 2, 147, '2019-05-12', '2019-05-15');
INSERT INTO public.room_in_booking VALUES (3, 3, 93, '2019-05-07', '2019-05-15');
INSERT INTO public.room_in_booking VALUES (4, 4, 108, '2019-03-06', '2019-03-15');
INSERT INTO public.room_in_booking VALUES (5, 5, 42, '2019-03-19', '2019-03-20');
INSERT INTO public.room_in_booking VALUES (6, 6, 132, '2019-03-01', '2019-03-08');
INSERT INTO public.room_in_booking VALUES (7, 7, 161, '2019-03-01', '2019-03-05');
INSERT INTO public.room_in_booking VALUES (8, 8, 84, '2019-04-07', '2019-04-13');
INSERT INTO public.room_in_booking VALUES (9, 9, 22, '2019-04-03', '2019-04-07');
INSERT INTO public.room_in_booking VALUES (10, 10, 174, '2019-05-14', '2019-05-15');
INSERT INTO public.room_in_booking VALUES (11, 11, 128, '2019-04-13', '2019-04-23');
INSERT INTO public.room_in_booking VALUES (12, 12, 98, '2019-05-06', '2019-05-08');
INSERT INTO public.room_in_booking VALUES (13, 13, 21, '2019-03-01', '2019-03-02');
INSERT INTO public.room_in_booking VALUES (14, 14, 64, '2019-04-11', '2019-04-14');
INSERT INTO public.room_in_booking VALUES (15, 15, 157, '2019-04-25', '2019-04-30');
INSERT INTO public.room_in_booking VALUES (16, 16, 93, '2019-03-22', '2019-03-24');
INSERT INTO public.room_in_booking VALUES (17, 17, 9, '2019-03-20', '2019-03-25');
INSERT INTO public.room_in_booking VALUES (18, 18, 63, '2019-03-04', '2019-03-07');
INSERT INTO public.room_in_booking VALUES (19, 19, 122, '2019-05-31', '2019-06-09');
INSERT INTO public.room_in_booking VALUES (20, 20, 26, '2019-03-30', '2019-04-03');
INSERT INTO public.room_in_booking VALUES (21, 21, 144, '2019-03-01', '2019-03-07');
INSERT INTO public.room_in_booking VALUES (22, 22, 162, '2019-03-30', '2019-04-07');
INSERT INTO public.room_in_booking VALUES (23, 23, 2, '2019-04-07', '2019-04-15');
INSERT INTO public.room_in_booking VALUES (24, 24, 147, '2019-03-06', '2019-03-12');
INSERT INTO public.room_in_booking VALUES (25, 25, 23, '2019-05-25', '2019-05-26');
INSERT INTO public.room_in_booking VALUES (26, 26, 134, '2019-05-24', '2019-06-01');
INSERT INTO public.room_in_booking VALUES (27, 27, 140, '2019-05-05', '2019-05-15');
INSERT INTO public.room_in_booking VALUES (28, 28, 33, '2019-03-07', '2019-03-17');
INSERT INTO public.room_in_booking VALUES (29, 29, 15, '2019-04-20', '2019-04-27');
INSERT INTO public.room_in_booking VALUES (30, 30, 124, '2019-04-26', '2019-05-01');
INSERT INTO public.room_in_booking VALUES (31, 31, 138, '2019-05-06', '2019-05-08');
INSERT INTO public.room_in_booking VALUES (32, 32, 66, '2019-04-22', '2019-04-24');
INSERT INTO public.room_in_booking VALUES (33, 33, 41, '2019-03-09', '2019-03-15');
INSERT INTO public.room_in_booking VALUES (34, 34, 30, '2019-04-20', '2019-04-24');
INSERT INTO public.room_in_booking VALUES (35, 35, 94, '2019-05-01', '2019-05-08');
INSERT INTO public.room_in_booking VALUES (36, 36, 9, '2019-04-25', '2019-05-04');
INSERT INTO public.room_in_booking VALUES (37, 37, 17, '2019-04-28', '2019-05-04');
INSERT INTO public.room_in_booking VALUES (38, 38, 113, '2019-03-15', '2019-03-21');
INSERT INTO public.room_in_booking VALUES (39, 39, 172, '2019-03-31', '2019-04-08');
INSERT INTO public.room_in_booking VALUES (40, 40, 170, '2019-03-21', '2019-03-30');
INSERT INTO public.room_in_booking VALUES (41, 41, 56, '2019-03-15', '2019-03-18');
INSERT INTO public.room_in_booking VALUES (42, 42, 162, '2019-03-31', '2019-04-03');
INSERT INTO public.room_in_booking VALUES (43, 43, 74, '2019-03-15', '2019-03-22');
INSERT INTO public.room_in_booking VALUES (44, 44, 150, '2019-05-05', '2019-05-15');
INSERT INTO public.room_in_booking VALUES (45, 45, 10, '2019-04-19', '2019-04-28');
INSERT INTO public.room_in_booking VALUES (46, 46, 126, '2019-03-17', '2019-03-23');
INSERT INTO public.room_in_booking VALUES (47, 47, 4, '2019-04-19', '2019-04-26');
INSERT INTO public.room_in_booking VALUES (48, 48, 122, '2019-03-23', '2019-03-26');
INSERT INTO public.room_in_booking VALUES (49, 49, 77, '2019-03-12', '2019-03-21');
INSERT INTO public.room_in_booking VALUES (50, 50, 153, '2019-03-08', '2019-03-18');
INSERT INTO public.room_in_booking VALUES (51, 51, 82, '2019-03-04', '2019-03-07');
INSERT INTO public.room_in_booking VALUES (52, 52, 51, '2019-03-14', '2019-03-19');
INSERT INTO public.room_in_booking VALUES (53, 53, 142, '2019-04-13', '2019-04-17');
INSERT INTO public.room_in_booking VALUES (54, 54, 101, '2019-03-16', '2019-03-22');
INSERT INTO public.room_in_booking VALUES (55, 55, 103, '2019-03-28', '2019-03-30');
INSERT INTO public.room_in_booking VALUES (56, 56, 118, '2019-04-12', '2019-04-15');
INSERT INTO public.room_in_booking VALUES (57, 57, 150, '2019-03-23', '2019-04-01');
INSERT INTO public.room_in_booking VALUES (58, 58, 32, '2019-04-15', '2019-04-17');
INSERT INTO public.room_in_booking VALUES (59, 59, 87, '2019-04-19', '2019-04-24');
INSERT INTO public.room_in_booking VALUES (60, 60, 128, '2019-04-27', '2019-04-29');
INSERT INTO public.room_in_booking VALUES (61, 61, 52, '2019-03-25', '2019-04-04');
INSERT INTO public.room_in_booking VALUES (62, 62, 17, '2019-03-14', '2019-03-24');
INSERT INTO public.room_in_booking VALUES (63, 63, 60, '2019-03-25', '2019-04-02');
INSERT INTO public.room_in_booking VALUES (64, 64, 83, '2019-03-01', '2019-03-08');
INSERT INTO public.room_in_booking VALUES (65, 65, 66, '2019-03-04', '2019-03-12');
INSERT INTO public.room_in_booking VALUES (66, 66, 134, '2019-03-10', '2019-03-15');
INSERT INTO public.room_in_booking VALUES (67, 67, 29, '2019-03-18', '2019-03-28');
INSERT INTO public.room_in_booking VALUES (68, 68, 73, '2019-03-02', '2019-03-06');
INSERT INTO public.room_in_booking VALUES (69, 69, 111, '2019-03-04', '2019-03-14');
INSERT INTO public.room_in_booking VALUES (70, 70, 8, '2019-04-28', '2019-05-07');
INSERT INTO public.room_in_booking VALUES (71, 71, 64, '2019-05-02', '2019-05-04');
INSERT INTO public.room_in_booking VALUES (72, 72, 180, '2019-05-30', '2019-06-08');
INSERT INTO public.room_in_booking VALUES (73, 73, 71, '2019-03-11', '2019-03-14');
INSERT INTO public.room_in_booking VALUES (74, 74, 180, '2019-03-19', '2019-03-29');
INSERT INTO public.room_in_booking VALUES (75, 75, 99, '2019-03-17', '2019-03-23');
INSERT INTO public.room_in_booking VALUES (76, 76, 27, '2019-05-04', '2019-05-09');
INSERT INTO public.room_in_booking VALUES (77, 77, 146, '2019-03-30', '2019-04-06');
INSERT INTO public.room_in_booking VALUES (78, 78, 105, '2019-05-27', '2019-06-04');
INSERT INTO public.room_in_booking VALUES (79, 79, 15, '2019-05-07', '2019-05-13');
INSERT INTO public.room_in_booking VALUES (80, 80, 57, '2019-05-21', '2019-05-31');
INSERT INTO public.room_in_booking VALUES (81, 81, 140, '2019-03-08', '2019-03-14');
INSERT INTO public.room_in_booking VALUES (82, 82, 179, '2019-03-22', '2019-03-23');
INSERT INTO public.room_in_booking VALUES (83, 83, 136, '2019-05-11', '2019-05-16');
INSERT INTO public.room_in_booking VALUES (84, 84, 88, '2019-04-22', '2019-05-02');
INSERT INTO public.room_in_booking VALUES (85, 85, 167, '2019-04-17', '2019-04-23');
INSERT INTO public.room_in_booking VALUES (86, 86, 70, '2019-05-30', '2019-06-02');
INSERT INTO public.room_in_booking VALUES (87, 87, 56, '2019-04-23', '2019-04-28');
INSERT INTO public.room_in_booking VALUES (88, 88, 29, '2019-05-30', '2019-06-02');
INSERT INTO public.room_in_booking VALUES (89, 89, 135, '2019-04-09', '2019-04-16');
INSERT INTO public.room_in_booking VALUES (90, 90, 86, '2019-05-25', '2019-05-26');
INSERT INTO public.room_in_booking VALUES (91, 91, 89, '2019-05-21', '2019-05-28');
INSERT INTO public.room_in_booking VALUES (92, 92, 63, '2019-05-18', '2019-05-28');
INSERT INTO public.room_in_booking VALUES (93, 93, 164, '2019-04-08', '2019-04-13');
INSERT INTO public.room_in_booking VALUES (94, 94, 152, '2019-03-09', '2019-03-12');
INSERT INTO public.room_in_booking VALUES (95, 95, 119, '2019-05-20', '2019-05-26');
INSERT INTO public.room_in_booking VALUES (96, 96, 19, '2019-03-07', '2019-03-17');
INSERT INTO public.room_in_booking VALUES (97, 97, 39, '2019-04-11', '2019-04-19');
INSERT INTO public.room_in_booking VALUES (98, 98, 154, '2019-03-23', '2019-03-24');
INSERT INTO public.room_in_booking VALUES (99, 99, 140, '2019-04-08', '2019-04-15');
INSERT INTO public.room_in_booking VALUES (100, 100, 41, '2019-04-20', '2019-04-26');
INSERT INTO public.room_in_booking VALUES (101, 101, 148, '2019-04-04', '2019-04-12');
INSERT INTO public.room_in_booking VALUES (102, 102, 32, '2019-04-19', '2019-04-21');
INSERT INTO public.room_in_booking VALUES (103, 103, 44, '2019-03-06', '2019-03-09');
INSERT INTO public.room_in_booking VALUES (104, 104, 125, '2019-04-30', '2019-05-10');
INSERT INTO public.room_in_booking VALUES (105, 105, 97, '2019-05-04', '2019-05-05');
INSERT INTO public.room_in_booking VALUES (106, 106, 151, '2019-04-12', '2019-04-20');
INSERT INTO public.room_in_booking VALUES (107, 107, 29, '2019-05-25', '2019-06-01');
INSERT INTO public.room_in_booking VALUES (108, 108, 78, '2019-04-09', '2019-04-16');
INSERT INTO public.room_in_booking VALUES (109, 109, 80, '2019-05-25', '2019-05-29');
INSERT INTO public.room_in_booking VALUES (110, 110, 35, '2019-05-31', '2019-06-02');
INSERT INTO public.room_in_booking VALUES (111, 111, 174, '2019-05-12', '2019-05-16');
INSERT INTO public.room_in_booking VALUES (112, 112, 23, '2019-03-15', '2019-03-18');
INSERT INTO public.room_in_booking VALUES (113, 113, 96, '2019-03-01', '2019-03-08');
INSERT INTO public.room_in_booking VALUES (114, 114, 9, '2019-03-25', '2019-04-03');
INSERT INTO public.room_in_booking VALUES (115, 115, 67, '2019-04-21', '2019-04-26');
INSERT INTO public.room_in_booking VALUES (116, 116, 79, '2019-04-10', '2019-04-17');
INSERT INTO public.room_in_booking VALUES (117, 117, 13, '2019-04-14', '2019-04-18');
INSERT INTO public.room_in_booking VALUES (118, 118, 15, '2019-05-10', '2019-05-16');
INSERT INTO public.room_in_booking VALUES (119, 119, 68, '2019-05-05', '2019-05-08');
INSERT INTO public.room_in_booking VALUES (120, 120, 158, '2019-04-25', '2019-04-29');
INSERT INTO public.room_in_booking VALUES (121, 121, 138, '2019-03-16', '2019-03-24');
INSERT INTO public.room_in_booking VALUES (122, 122, 72, '2019-03-29', '2019-04-05');
INSERT INTO public.room_in_booking VALUES (123, 123, 145, '2019-04-26', '2019-05-02');
INSERT INTO public.room_in_booking VALUES (124, 124, 80, '2019-03-09', '2019-03-19');
INSERT INTO public.room_in_booking VALUES (125, 125, 124, '2019-03-06', '2019-03-15');
INSERT INTO public.room_in_booking VALUES (126, 126, 180, '2019-03-29', '2019-04-03');
INSERT INTO public.room_in_booking VALUES (127, 127, 164, '2019-03-18', '2019-03-20');
INSERT INTO public.room_in_booking VALUES (128, 128, 23, '2019-05-15', '2019-05-24');
INSERT INTO public.room_in_booking VALUES (129, 129, 171, '2019-05-03', '2019-05-04');
INSERT INTO public.room_in_booking VALUES (130, 130, 127, '2019-04-13', '2019-04-14');
INSERT INTO public.room_in_booking VALUES (131, 131, 17, '2019-04-25', '2019-05-02');
INSERT INTO public.room_in_booking VALUES (132, 132, 128, '2019-04-18', '2019-04-26');
INSERT INTO public.room_in_booking VALUES (133, 133, 1, '2019-04-10', '2019-04-15');
INSERT INTO public.room_in_booking VALUES (134, 134, 14, '2019-04-05', '2019-04-13');
INSERT INTO public.room_in_booking VALUES (135, 135, 108, '2019-03-17', '2019-03-19');
INSERT INTO public.room_in_booking VALUES (136, 136, 34, '2019-03-29', '2019-04-06');
INSERT INTO public.room_in_booking VALUES (137, 137, 168, '2019-05-12', '2019-05-18');
INSERT INTO public.room_in_booking VALUES (138, 138, 90, '2019-05-07', '2019-05-12');
INSERT INTO public.room_in_booking VALUES (139, 139, 147, '2019-04-20', '2019-04-21');
INSERT INTO public.room_in_booking VALUES (140, 140, 11, '2019-03-30', '2019-04-07');
INSERT INTO public.room_in_booking VALUES (141, 141, 170, '2019-05-29', '2019-06-03');
INSERT INTO public.room_in_booking VALUES (142, 142, 49, '2019-05-16', '2019-05-23');
INSERT INTO public.room_in_booking VALUES (143, 143, 14, '2019-05-17', '2019-05-24');
INSERT INTO public.room_in_booking VALUES (144, 144, 112, '2019-03-28', '2019-03-31');
INSERT INTO public.room_in_booking VALUES (145, 145, 140, '2019-03-22', '2019-03-28');
INSERT INTO public.room_in_booking VALUES (146, 146, 64, '2019-04-15', '2019-04-16');
INSERT INTO public.room_in_booking VALUES (147, 147, 107, '2019-05-04', '2019-05-05');
INSERT INTO public.room_in_booking VALUES (148, 148, 160, '2019-04-02', '2019-04-09');
INSERT INTO public.room_in_booking VALUES (149, 149, 80, '2019-03-28', '2019-03-30');
INSERT INTO public.room_in_booking VALUES (150, 150, 72, '2019-03-11', '2019-03-12');
INSERT INTO public.room_in_booking VALUES (151, 151, 22, '2019-03-07', '2019-03-13');
INSERT INTO public.room_in_booking VALUES (152, 152, 68, '2019-03-24', '2019-03-28');
INSERT INTO public.room_in_booking VALUES (153, 153, 164, '2019-03-19', '2019-03-28');
INSERT INTO public.room_in_booking VALUES (154, 154, 176, '2019-05-10', '2019-05-16');
INSERT INTO public.room_in_booking VALUES (155, 155, 1, '2019-05-07', '2019-05-09');
INSERT INTO public.room_in_booking VALUES (156, 156, 8, '2019-05-11', '2019-05-14');
INSERT INTO public.room_in_booking VALUES (157, 157, 111, '2019-05-09', '2019-05-19');
INSERT INTO public.room_in_booking VALUES (158, 158, 8, '2019-04-07', '2019-04-11');
INSERT INTO public.room_in_booking VALUES (159, 159, 81, '2019-04-10', '2019-04-16');
INSERT INTO public.room_in_booking VALUES (160, 160, 114, '2019-03-17', '2019-03-19');
INSERT INTO public.room_in_booking VALUES (161, 161, 165, '2019-05-05', '2019-05-08');
INSERT INTO public.room_in_booking VALUES (162, 162, 95, '2019-05-23', '2019-05-30');
INSERT INTO public.room_in_booking VALUES (163, 163, 4, '2019-03-06', '2019-03-07');
INSERT INTO public.room_in_booking VALUES (164, 164, 177, '2019-04-03', '2019-04-12');
INSERT INTO public.room_in_booking VALUES (165, 165, 97, '2019-03-29', '2019-03-30');
INSERT INTO public.room_in_booking VALUES (166, 166, 16, '2019-04-24', '2019-04-30');
INSERT INTO public.room_in_booking VALUES (167, 167, 3, '2019-05-13', '2019-05-17');
INSERT INTO public.room_in_booking VALUES (168, 168, 10, '2019-04-14', '2019-04-24');
INSERT INTO public.room_in_booking VALUES (169, 169, 145, '2019-04-20', '2019-04-28');
INSERT INTO public.room_in_booking VALUES (170, 170, 104, '2019-04-11', '2019-04-20');
INSERT INTO public.room_in_booking VALUES (171, 171, 132, '2019-03-11', '2019-03-18');
INSERT INTO public.room_in_booking VALUES (172, 172, 58, '2019-04-27', '2019-05-03');
INSERT INTO public.room_in_booking VALUES (173, 173, 81, '2019-03-05', '2019-03-07');
INSERT INTO public.room_in_booking VALUES (174, 174, 6, '2019-03-22', '2019-03-24');
INSERT INTO public.room_in_booking VALUES (175, 175, 124, '2019-04-17', '2019-04-22');
INSERT INTO public.room_in_booking VALUES (176, 176, 41, '2019-03-23', '2019-04-01');
INSERT INTO public.room_in_booking VALUES (177, 177, 72, '2019-05-04', '2019-05-09');
INSERT INTO public.room_in_booking VALUES (178, 178, 77, '2019-04-28', '2019-04-29');
INSERT INTO public.room_in_booking VALUES (179, 179, 151, '2019-04-20', '2019-04-26');
INSERT INTO public.room_in_booking VALUES (180, 180, 98, '2019-04-18', '2019-04-28');
INSERT INTO public.room_in_booking VALUES (181, 181, 101, '2019-05-18', '2019-05-19');
INSERT INTO public.room_in_booking VALUES (182, 182, 57, '2019-03-06', '2019-03-08');
INSERT INTO public.room_in_booking VALUES (183, 183, 52, '2019-05-31', '2019-06-02');
INSERT INTO public.room_in_booking VALUES (184, 184, 146, '2019-05-14', '2019-05-24');
INSERT INTO public.room_in_booking VALUES (185, 185, 104, '2019-04-29', '2019-05-08');
INSERT INTO public.room_in_booking VALUES (186, 186, 108, '2019-03-30', '2019-04-04');
INSERT INTO public.room_in_booking VALUES (187, 187, 6, '2019-05-09', '2019-05-19');
INSERT INTO public.room_in_booking VALUES (188, 188, 117, '2019-04-16', '2019-04-22');
INSERT INTO public.room_in_booking VALUES (189, 189, 40, '2019-03-06', '2019-03-08');
INSERT INTO public.room_in_booking VALUES (190, 190, 160, '2019-04-27', '2019-04-30');
INSERT INTO public.room_in_booking VALUES (191, 191, 178, '2019-05-16', '2019-05-21');
INSERT INTO public.room_in_booking VALUES (192, 192, 72, '2019-04-27', '2019-04-30');
INSERT INTO public.room_in_booking VALUES (193, 193, 71, '2019-04-24', '2019-04-25');
INSERT INTO public.room_in_booking VALUES (194, 194, 121, '2019-04-07', '2019-04-13');
INSERT INTO public.room_in_booking VALUES (195, 195, 50, '2019-05-27', '2019-06-02');
INSERT INTO public.room_in_booking VALUES (196, 196, 173, '2019-04-06', '2019-04-07');
INSERT INTO public.room_in_booking VALUES (197, 197, 120, '2019-03-31', '2019-04-05');
INSERT INTO public.room_in_booking VALUES (198, 198, 175, '2019-03-20', '2019-03-26');
INSERT INTO public.room_in_booking VALUES (199, 199, 33, '2019-03-21', '2019-03-28');
INSERT INTO public.room_in_booking VALUES (200, 200, 25, '2019-03-26', '2019-04-04');
INSERT INTO public.room_in_booking VALUES (201, 201, 18, '2019-05-27', '2019-05-30');
INSERT INTO public.room_in_booking VALUES (202, 202, 51, '2019-05-09', '2019-05-15');
INSERT INTO public.room_in_booking VALUES (203, 203, 19, '2019-03-09', '2019-03-11');
INSERT INTO public.room_in_booking VALUES (204, 204, 180, '2019-05-26', '2019-06-05');
INSERT INTO public.room_in_booking VALUES (205, 205, 31, '2019-03-08', '2019-03-18');
INSERT INTO public.room_in_booking VALUES (206, 206, 17, '2019-05-30', '2019-06-06');
INSERT INTO public.room_in_booking VALUES (207, 207, 120, '2019-03-25', '2019-03-30');
INSERT INTO public.room_in_booking VALUES (208, 208, 177, '2019-05-11', '2019-05-16');
INSERT INTO public.room_in_booking VALUES (209, 209, 85, '2019-04-12', '2019-04-16');
INSERT INTO public.room_in_booking VALUES (210, 210, 22, '2019-05-28', '2019-05-29');
INSERT INTO public.room_in_booking VALUES (211, 211, 8, '2019-04-10', '2019-04-14');
INSERT INTO public.room_in_booking VALUES (212, 212, 153, '2019-03-15', '2019-03-18');
INSERT INTO public.room_in_booking VALUES (213, 213, 21, '2019-05-21', '2019-05-22');
INSERT INTO public.room_in_booking VALUES (214, 214, 98, '2019-03-11', '2019-03-13');
INSERT INTO public.room_in_booking VALUES (215, 215, 21, '2019-04-09', '2019-04-10');
INSERT INTO public.room_in_booking VALUES (216, 216, 78, '2019-04-22', '2019-04-27');
INSERT INTO public.room_in_booking VALUES (217, 217, 140, '2019-05-16', '2019-05-18');
INSERT INTO public.room_in_booking VALUES (218, 218, 70, '2019-03-19', '2019-03-28');
INSERT INTO public.room_in_booking VALUES (219, 219, 66, '2019-03-03', '2019-03-05');
INSERT INTO public.room_in_booking VALUES (220, 220, 25, '2019-05-24', '2019-06-02');
INSERT INTO public.room_in_booking VALUES (221, 221, 31, '2019-05-27', '2019-05-28');
INSERT INTO public.room_in_booking VALUES (222, 222, 43, '2019-05-31', '2019-06-01');
INSERT INTO public.room_in_booking VALUES (223, 223, 128, '2019-03-11', '2019-03-13');
INSERT INTO public.room_in_booking VALUES (224, 224, 177, '2019-04-12', '2019-04-14');
INSERT INTO public.room_in_booking VALUES (225, 225, 68, '2019-03-11', '2019-03-21');
INSERT INTO public.room_in_booking VALUES (226, 226, 125, '2019-05-08', '2019-05-13');
INSERT INTO public.room_in_booking VALUES (227, 227, 79, '2019-04-06', '2019-04-15');
INSERT INTO public.room_in_booking VALUES (228, 228, 137, '2019-05-11', '2019-05-13');
INSERT INTO public.room_in_booking VALUES (229, 229, 104, '2019-05-30', '2019-06-02');
INSERT INTO public.room_in_booking VALUES (230, 230, 29, '2019-04-13', '2019-04-14');
INSERT INTO public.room_in_booking VALUES (231, 231, 168, '2019-03-07', '2019-03-10');
INSERT INTO public.room_in_booking VALUES (232, 232, 30, '2019-03-29', '2019-04-03');
INSERT INTO public.room_in_booking VALUES (233, 233, 169, '2019-03-26', '2019-04-05');
INSERT INTO public.room_in_booking VALUES (234, 234, 51, '2019-03-28', '2019-04-06');
INSERT INTO public.room_in_booking VALUES (235, 235, 120, '2019-03-20', '2019-03-27');
INSERT INTO public.room_in_booking VALUES (236, 236, 119, '2019-05-28', '2019-06-03');
INSERT INTO public.room_in_booking VALUES (237, 237, 174, '2019-05-05', '2019-05-15');
INSERT INTO public.room_in_booking VALUES (238, 238, 103, '2019-04-25', '2019-05-02');
INSERT INTO public.room_in_booking VALUES (239, 239, 8, '2019-05-27', '2019-05-28');
INSERT INTO public.room_in_booking VALUES (240, 240, 137, '2019-05-10', '2019-05-14');
INSERT INTO public.room_in_booking VALUES (241, 241, 145, '2019-04-27', '2019-05-06');
INSERT INTO public.room_in_booking VALUES (242, 242, 144, '2019-05-13', '2019-05-17');
INSERT INTO public.room_in_booking VALUES (243, 243, 180, '2019-04-15', '2019-04-16');
INSERT INTO public.room_in_booking VALUES (244, 244, 162, '2019-03-14', '2019-03-24');
INSERT INTO public.room_in_booking VALUES (245, 245, 69, '2019-05-17', '2019-05-27');
INSERT INTO public.room_in_booking VALUES (246, 246, 115, '2019-04-25', '2019-04-29');
INSERT INTO public.room_in_booking VALUES (247, 247, 122, '2019-04-01', '2019-04-08');
INSERT INTO public.room_in_booking VALUES (248, 248, 9, '2019-04-15', '2019-04-23');
INSERT INTO public.room_in_booking VALUES (249, 249, 35, '2019-05-17', '2019-05-27');
INSERT INTO public.room_in_booking VALUES (250, 250, 135, '2019-03-16', '2019-03-17');
INSERT INTO public.room_in_booking VALUES (251, 251, 94, '2019-04-29', '2019-05-06');
INSERT INTO public.room_in_booking VALUES (252, 252, 145, '2019-05-03', '2019-05-05');
INSERT INTO public.room_in_booking VALUES (253, 253, 114, '2019-03-04', '2019-03-09');
INSERT INTO public.room_in_booking VALUES (254, 254, 54, '2019-03-05', '2019-03-12');
INSERT INTO public.room_in_booking VALUES (255, 255, 140, '2019-04-13', '2019-04-17');
INSERT INTO public.room_in_booking VALUES (256, 256, 141, '2019-05-26', '2019-06-03');
INSERT INTO public.room_in_booking VALUES (257, 257, 127, '2019-04-12', '2019-04-22');
INSERT INTO public.room_in_booking VALUES (258, 258, 10, '2019-05-13', '2019-05-17');
INSERT INTO public.room_in_booking VALUES (259, 259, 68, '2019-05-01', '2019-05-10');
INSERT INTO public.room_in_booking VALUES (260, 260, 31, '2019-04-18', '2019-04-28');
INSERT INTO public.room_in_booking VALUES (261, 261, 75, '2019-03-01', '2019-03-11');
INSERT INTO public.room_in_booking VALUES (262, 262, 22, '2019-04-06', '2019-04-10');
INSERT INTO public.room_in_booking VALUES (263, 263, 99, '2019-03-01', '2019-03-11');
INSERT INTO public.room_in_booking VALUES (264, 264, 135, '2019-03-31', '2019-04-04');
INSERT INTO public.room_in_booking VALUES (265, 265, 84, '2019-04-08', '2019-04-17');
INSERT INTO public.room_in_booking VALUES (266, 266, 67, '2019-05-18', '2019-05-25');
INSERT INTO public.room_in_booking VALUES (267, 267, 36, '2019-04-09', '2019-04-18');
INSERT INTO public.room_in_booking VALUES (268, 268, 163, '2019-03-08', '2019-03-17');
INSERT INTO public.room_in_booking VALUES (269, 269, 61, '2019-05-01', '2019-05-11');
INSERT INTO public.room_in_booking VALUES (270, 270, 161, '2019-03-06', '2019-03-11');
INSERT INTO public.room_in_booking VALUES (271, 271, 57, '2019-03-17', '2019-03-22');
INSERT INTO public.room_in_booking VALUES (272, 272, 12, '2019-04-11', '2019-04-14');
INSERT INTO public.room_in_booking VALUES (273, 273, 26, '2019-03-22', '2019-03-23');
INSERT INTO public.room_in_booking VALUES (274, 274, 20, '2019-05-24', '2019-05-31');
INSERT INTO public.room_in_booking VALUES (275, 275, 153, '2019-03-18', '2019-03-27');
INSERT INTO public.room_in_booking VALUES (276, 276, 4, '2019-05-22', '2019-05-29');
INSERT INTO public.room_in_booking VALUES (277, 277, 154, '2019-05-25', '2019-05-28');
INSERT INTO public.room_in_booking VALUES (278, 278, 154, '2019-04-17', '2019-04-26');
INSERT INTO public.room_in_booking VALUES (279, 279, 119, '2019-03-25', '2019-03-27');
INSERT INTO public.room_in_booking VALUES (280, 280, 152, '2019-04-08', '2019-04-15');
INSERT INTO public.room_in_booking VALUES (281, 281, 132, '2019-05-06', '2019-05-11');
INSERT INTO public.room_in_booking VALUES (282, 282, 20, '2019-03-25', '2019-04-02');
INSERT INTO public.room_in_booking VALUES (283, 283, 20, '2019-03-06', '2019-03-13');
INSERT INTO public.room_in_booking VALUES (284, 284, 34, '2019-03-11', '2019-03-17');
INSERT INTO public.room_in_booking VALUES (285, 285, 12, '2019-03-20', '2019-03-25');
INSERT INTO public.room_in_booking VALUES (286, 286, 149, '2019-04-22', '2019-04-26');
INSERT INTO public.room_in_booking VALUES (287, 287, 55, '2019-03-16', '2019-03-17');
INSERT INTO public.room_in_booking VALUES (288, 288, 44, '2019-05-12', '2019-05-13');
INSERT INTO public.room_in_booking VALUES (289, 289, 52, '2019-03-29', '2019-04-04');
INSERT INTO public.room_in_booking VALUES (290, 290, 62, '2019-04-16', '2019-04-19');
INSERT INTO public.room_in_booking VALUES (291, 291, 161, '2019-03-15', '2019-03-17');
INSERT INTO public.room_in_booking VALUES (292, 292, 105, '2019-05-13', '2019-05-19');
INSERT INTO public.room_in_booking VALUES (293, 293, 161, '2019-03-10', '2019-03-17');
INSERT INTO public.room_in_booking VALUES (294, 294, 24, '2019-03-08', '2019-03-14');
INSERT INTO public.room_in_booking VALUES (295, 295, 48, '2019-03-18', '2019-03-28');
INSERT INTO public.room_in_booking VALUES (296, 296, 93, '2019-05-19', '2019-05-26');
INSERT INTO public.room_in_booking VALUES (297, 297, 29, '2019-05-21', '2019-05-27');
INSERT INTO public.room_in_booking VALUES (298, 298, 63, '2019-05-07', '2019-05-08');
INSERT INTO public.room_in_booking VALUES (299, 299, 126, '2019-03-13', '2019-03-23');
INSERT INTO public.room_in_booking VALUES (300, 300, 32, '2019-03-06', '2019-03-07');
INSERT INTO public.room_in_booking VALUES (301, 301, 140, '2019-05-09', '2019-05-13');
INSERT INTO public.room_in_booking VALUES (302, 302, 173, '2019-03-19', '2019-03-29');
INSERT INTO public.room_in_booking VALUES (303, 303, 134, '2019-04-22', '2019-04-29');
INSERT INTO public.room_in_booking VALUES (304, 304, 115, '2019-05-28', '2019-06-04');
INSERT INTO public.room_in_booking VALUES (305, 305, 108, '2019-05-02', '2019-05-10');
INSERT INTO public.room_in_booking VALUES (306, 306, 64, '2019-03-06', '2019-03-16');
INSERT INTO public.room_in_booking VALUES (307, 307, 8, '2019-03-12', '2019-03-19');
INSERT INTO public.room_in_booking VALUES (308, 308, 167, '2019-04-13', '2019-04-23');
INSERT INTO public.room_in_booking VALUES (309, 309, 43, '2019-05-07', '2019-05-10');
INSERT INTO public.room_in_booking VALUES (310, 310, 135, '2019-04-30', '2019-05-01');
INSERT INTO public.room_in_booking VALUES (311, 311, 165, '2019-03-17', '2019-03-27');
INSERT INTO public.room_in_booking VALUES (312, 312, 133, '2019-05-25', '2019-05-31');
INSERT INTO public.room_in_booking VALUES (313, 313, 65, '2019-05-30', '2019-06-07');
INSERT INTO public.room_in_booking VALUES (314, 314, 151, '2019-04-13', '2019-04-21');
INSERT INTO public.room_in_booking VALUES (315, 315, 159, '2019-05-18', '2019-05-28');
INSERT INTO public.room_in_booking VALUES (316, 316, 95, '2019-03-17', '2019-03-24');
INSERT INTO public.room_in_booking VALUES (317, 317, 114, '2019-05-15', '2019-05-23');
INSERT INTO public.room_in_booking VALUES (318, 318, 17, '2019-04-08', '2019-04-13');
INSERT INTO public.room_in_booking VALUES (319, 319, 37, '2019-04-18', '2019-04-21');
INSERT INTO public.room_in_booking VALUES (320, 320, 54, '2019-03-02', '2019-03-05');
INSERT INTO public.room_in_booking VALUES (321, 321, 39, '2019-03-04', '2019-03-06');
INSERT INTO public.room_in_booking VALUES (322, 322, 38, '2019-04-03', '2019-04-10');
INSERT INTO public.room_in_booking VALUES (323, 323, 150, '2019-05-30', '2019-06-08');
INSERT INTO public.room_in_booking VALUES (324, 324, 98, '2019-05-18', '2019-05-23');
INSERT INTO public.room_in_booking VALUES (325, 325, 5, '2019-03-16', '2019-03-19');
INSERT INTO public.room_in_booking VALUES (326, 326, 174, '2019-03-19', '2019-03-29');
INSERT INTO public.room_in_booking VALUES (327, 327, 70, '2019-03-02', '2019-03-06');
INSERT INTO public.room_in_booking VALUES (328, 328, 149, '2019-04-21', '2019-04-25');
INSERT INTO public.room_in_booking VALUES (329, 329, 8, '2019-03-23', '2019-03-26');
INSERT INTO public.room_in_booking VALUES (330, 330, 53, '2019-03-24', '2019-03-25');
INSERT INTO public.room_in_booking VALUES (331, 331, 135, '2019-05-12', '2019-05-20');
INSERT INTO public.room_in_booking VALUES (332, 332, 88, '2019-05-09', '2019-05-11');
INSERT INTO public.room_in_booking VALUES (333, 333, 145, '2019-05-26', '2019-06-02');
INSERT INTO public.room_in_booking VALUES (334, 334, 77, '2019-03-16', '2019-03-20');
INSERT INTO public.room_in_booking VALUES (335, 335, 120, '2019-04-24', '2019-04-27');
INSERT INTO public.room_in_booking VALUES (336, 336, 67, '2019-05-23', '2019-05-28');
INSERT INTO public.room_in_booking VALUES (337, 337, 7, '2019-05-22', '2019-05-25');
INSERT INTO public.room_in_booking VALUES (338, 338, 37, '2019-04-23', '2019-04-27');
INSERT INTO public.room_in_booking VALUES (339, 339, 144, '2019-05-23', '2019-06-01');
INSERT INTO public.room_in_booking VALUES (340, 340, 126, '2019-05-22', '2019-05-29');
INSERT INTO public.room_in_booking VALUES (341, 341, 32, '2019-03-23', '2019-04-02');
INSERT INTO public.room_in_booking VALUES (342, 342, 123, '2019-03-17', '2019-03-18');
INSERT INTO public.room_in_booking VALUES (343, 343, 113, '2019-03-25', '2019-04-03');
INSERT INTO public.room_in_booking VALUES (344, 344, 120, '2019-04-28', '2019-05-05');
INSERT INTO public.room_in_booking VALUES (345, 345, 162, '2019-04-05', '2019-04-10');
INSERT INTO public.room_in_booking VALUES (346, 346, 19, '2019-05-13', '2019-05-18');
INSERT INTO public.room_in_booking VALUES (347, 347, 158, '2019-03-19', '2019-03-24');
INSERT INTO public.room_in_booking VALUES (348, 348, 174, '2019-05-27', '2019-05-29');
INSERT INTO public.room_in_booking VALUES (349, 349, 177, '2019-05-01', '2019-05-07');
INSERT INTO public.room_in_booking VALUES (350, 350, 36, '2019-03-22', '2019-03-31');
INSERT INTO public.room_in_booking VALUES (351, 351, 149, '2019-04-23', '2019-05-01');
INSERT INTO public.room_in_booking VALUES (352, 352, 3, '2019-04-05', '2019-04-06');
INSERT INTO public.room_in_booking VALUES (353, 353, 2, '2019-05-19', '2019-05-22');
INSERT INTO public.room_in_booking VALUES (354, 354, 5, '2019-05-31', '2019-06-06');
INSERT INTO public.room_in_booking VALUES (355, 355, 67, '2019-04-20', '2019-04-28');
INSERT INTO public.room_in_booking VALUES (356, 356, 122, '2019-05-08', '2019-05-13');
INSERT INTO public.room_in_booking VALUES (357, 357, 9, '2019-05-14', '2019-05-21');
INSERT INTO public.room_in_booking VALUES (358, 358, 73, '2019-05-07', '2019-05-11');
INSERT INTO public.room_in_booking VALUES (359, 359, 51, '2019-04-12', '2019-04-13');
INSERT INTO public.room_in_booking VALUES (360, 360, 58, '2019-03-21', '2019-03-22');
INSERT INTO public.room_in_booking VALUES (361, 361, 2, '2019-04-16', '2019-04-26');
INSERT INTO public.room_in_booking VALUES (362, 362, 24, '2019-04-24', '2019-04-30');
INSERT INTO public.room_in_booking VALUES (363, 363, 114, '2019-05-30', '2019-06-04');
INSERT INTO public.room_in_booking VALUES (364, 364, 131, '2019-04-09', '2019-04-11');
INSERT INTO public.room_in_booking VALUES (365, 365, 152, '2019-05-21', '2019-05-28');
INSERT INTO public.room_in_booking VALUES (366, 366, 167, '2019-04-20', '2019-04-27');
INSERT INTO public.room_in_booking VALUES (367, 367, 2, '2019-03-21', '2019-03-29');
INSERT INTO public.room_in_booking VALUES (368, 368, 100, '2019-03-25', '2019-03-30');
INSERT INTO public.room_in_booking VALUES (369, 369, 172, '2019-04-19', '2019-04-29');
INSERT INTO public.room_in_booking VALUES (370, 370, 77, '2019-03-14', '2019-03-24');
INSERT INTO public.room_in_booking VALUES (371, 371, 20, '2019-03-17', '2019-03-23');
INSERT INTO public.room_in_booking VALUES (372, 372, 181, '2019-03-05', '2019-03-06');
INSERT INTO public.room_in_booking VALUES (373, 373, 32, '2019-04-03', '2019-04-12');
INSERT INTO public.room_in_booking VALUES (374, 374, 173, '2019-04-19', '2019-04-29');
INSERT INTO public.room_in_booking VALUES (375, 375, 134, '2019-05-28', '2019-06-04');
INSERT INTO public.room_in_booking VALUES (376, 376, 37, '2019-04-06', '2019-04-09');
INSERT INTO public.room_in_booking VALUES (377, 377, 63, '2019-05-05', '2019-05-14');
INSERT INTO public.room_in_booking VALUES (378, 378, 42, '2019-03-13', '2019-03-15');
INSERT INTO public.room_in_booking VALUES (379, 379, 118, '2019-03-24', '2019-03-31');
INSERT INTO public.room_in_booking VALUES (380, 380, 65, '2019-03-28', '2019-03-31');
INSERT INTO public.room_in_booking VALUES (381, 381, 50, '2019-04-19', '2019-04-25');
INSERT INTO public.room_in_booking VALUES (382, 382, 42, '2019-04-20', '2019-04-30');
INSERT INTO public.room_in_booking VALUES (383, 383, 113, '2019-04-17', '2019-04-24');
INSERT INTO public.room_in_booking VALUES (384, 384, 108, '2019-03-21', '2019-03-31');
INSERT INTO public.room_in_booking VALUES (385, 385, 2, '2019-03-31', '2019-04-10');
INSERT INTO public.room_in_booking VALUES (386, 386, 121, '2019-04-27', '2019-05-07');
INSERT INTO public.room_in_booking VALUES (387, 387, 122, '2019-03-06', '2019-03-09');
INSERT INTO public.room_in_booking VALUES (388, 388, 2, '2019-05-12', '2019-05-17');
INSERT INTO public.room_in_booking VALUES (389, 389, 127, '2019-05-05', '2019-05-11');
INSERT INTO public.room_in_booking VALUES (390, 390, 141, '2019-03-17', '2019-03-25');
INSERT INTO public.room_in_booking VALUES (391, 391, 37, '2019-03-21', '2019-03-31');
INSERT INTO public.room_in_booking VALUES (392, 392, 165, '2019-03-10', '2019-03-13');
INSERT INTO public.room_in_booking VALUES (393, 393, 24, '2019-05-04', '2019-05-11');
INSERT INTO public.room_in_booking VALUES (394, 394, 117, '2019-03-07', '2019-03-12');
INSERT INTO public.room_in_booking VALUES (395, 395, 102, '2019-03-27', '2019-04-04');
INSERT INTO public.room_in_booking VALUES (396, 396, 135, '2019-04-02', '2019-04-10');
INSERT INTO public.room_in_booking VALUES (397, 397, 46, '2019-04-02', '2019-04-11');
INSERT INTO public.room_in_booking VALUES (398, 398, 172, '2019-05-31', '2019-06-10');
INSERT INTO public.room_in_booking VALUES (399, 399, 47, '2019-03-21', '2019-03-28');
INSERT INTO public.room_in_booking VALUES (400, 400, 51, '2019-04-07', '2019-04-14');
INSERT INTO public.room_in_booking VALUES (401, 401, 38, '2019-04-09', '2019-04-15');
INSERT INTO public.room_in_booking VALUES (402, 402, 28, '2019-03-13', '2019-03-20');
INSERT INTO public.room_in_booking VALUES (403, 403, 14, '2019-05-11', '2019-05-20');
INSERT INTO public.room_in_booking VALUES (404, 404, 104, '2019-03-31', '2019-04-04');
INSERT INTO public.room_in_booking VALUES (405, 405, 117, '2019-05-09', '2019-05-17');
INSERT INTO public.room_in_booking VALUES (406, 406, 87, '2019-04-02', '2019-04-04');
INSERT INTO public.room_in_booking VALUES (407, 407, 127, '2019-04-18', '2019-04-24');
INSERT INTO public.room_in_booking VALUES (408, 408, 99, '2019-03-10', '2019-03-14');
INSERT INTO public.room_in_booking VALUES (409, 409, 20, '2019-03-07', '2019-03-08');
INSERT INTO public.room_in_booking VALUES (410, 410, 168, '2019-04-13', '2019-04-21');
INSERT INTO public.room_in_booking VALUES (411, 411, 3, '2019-05-25', '2019-06-03');
INSERT INTO public.room_in_booking VALUES (412, 412, 160, '2019-03-17', '2019-03-27');
INSERT INTO public.room_in_booking VALUES (413, 413, 88, '2019-05-20', '2019-05-26');
INSERT INTO public.room_in_booking VALUES (414, 414, 95, '2019-04-24', '2019-05-02');
INSERT INTO public.room_in_booking VALUES (415, 415, 139, '2019-03-22', '2019-03-28');
INSERT INTO public.room_in_booking VALUES (416, 416, 160, '2019-03-28', '2019-04-04');
INSERT INTO public.room_in_booking VALUES (417, 417, 29, '2019-04-07', '2019-04-14');
INSERT INTO public.room_in_booking VALUES (418, 418, 29, '2019-04-30', '2019-05-09');
INSERT INTO public.room_in_booking VALUES (419, 419, 150, '2019-03-24', '2019-03-26');
INSERT INTO public.room_in_booking VALUES (420, 420, 110, '2019-04-11', '2019-04-17');
INSERT INTO public.room_in_booking VALUES (421, 421, 137, '2019-04-19', '2019-04-21');
INSERT INTO public.room_in_booking VALUES (422, 422, 9, '2019-04-17', '2019-04-20');
INSERT INTO public.room_in_booking VALUES (423, 423, 56, '2019-04-29', '2019-05-01');
INSERT INTO public.room_in_booking VALUES (424, 424, 8, '2019-03-25', '2019-03-31');
INSERT INTO public.room_in_booking VALUES (425, 425, 83, '2019-03-21', '2019-03-28');
INSERT INTO public.room_in_booking VALUES (426, 426, 47, '2019-05-24', '2019-06-02');
INSERT INTO public.room_in_booking VALUES (427, 427, 102, '2019-04-02', '2019-04-10');
INSERT INTO public.room_in_booking VALUES (428, 428, 82, '2019-05-26', '2019-05-29');
INSERT INTO public.room_in_booking VALUES (429, 429, 77, '2019-03-28', '2019-04-05');
INSERT INTO public.room_in_booking VALUES (430, 430, 15, '2019-04-15', '2019-04-22');
INSERT INTO public.room_in_booking VALUES (431, 431, 112, '2019-03-23', '2019-03-27');
INSERT INTO public.room_in_booking VALUES (432, 432, 52, '2019-03-01', '2019-03-08');
INSERT INTO public.room_in_booking VALUES (433, 433, 178, '2019-04-05', '2019-04-07');
INSERT INTO public.room_in_booking VALUES (434, 434, 176, '2019-03-09', '2019-03-15');
INSERT INTO public.room_in_booking VALUES (435, 435, 90, '2019-03-16', '2019-03-17');
INSERT INTO public.room_in_booking VALUES (436, 436, 136, '2019-04-22', '2019-05-02');
INSERT INTO public.room_in_booking VALUES (437, 437, 144, '2019-04-01', '2019-04-06');
INSERT INTO public.room_in_booking VALUES (438, 438, 51, '2019-04-02', '2019-04-08');
INSERT INTO public.room_in_booking VALUES (439, 439, 72, '2019-04-25', '2019-05-01');
INSERT INTO public.room_in_booking VALUES (440, 440, 145, '2019-03-19', '2019-03-23');
INSERT INTO public.room_in_booking VALUES (441, 441, 62, '2019-04-23', '2019-04-27');
INSERT INTO public.room_in_booking VALUES (442, 442, 100, '2019-05-31', '2019-06-08');
INSERT INTO public.room_in_booking VALUES (443, 443, 43, '2019-05-08', '2019-05-18');
INSERT INTO public.room_in_booking VALUES (444, 444, 158, '2019-05-18', '2019-05-21');
INSERT INTO public.room_in_booking VALUES (445, 445, 112, '2019-05-10', '2019-05-17');
INSERT INTO public.room_in_booking VALUES (446, 446, 153, '2019-05-06', '2019-05-10');
INSERT INTO public.room_in_booking VALUES (447, 447, 120, '2019-05-24', '2019-05-31');
INSERT INTO public.room_in_booking VALUES (448, 448, 39, '2019-05-15', '2019-05-25');
INSERT INTO public.room_in_booking VALUES (449, 449, 63, '2019-04-01', '2019-04-07');
INSERT INTO public.room_in_booking VALUES (450, 450, 102, '2019-03-23', '2019-03-28');
INSERT INTO public.room_in_booking VALUES (451, 451, 166, '2019-03-12', '2019-03-19');
INSERT INTO public.room_in_booking VALUES (452, 452, 49, '2019-04-10', '2019-04-15');
INSERT INTO public.room_in_booking VALUES (453, 453, 173, '2019-03-11', '2019-03-20');
INSERT INTO public.room_in_booking VALUES (454, 454, 128, '2019-03-06', '2019-03-13');
INSERT INTO public.room_in_booking VALUES (455, 455, 30, '2019-03-23', '2019-03-27');
INSERT INTO public.room_in_booking VALUES (456, 456, 72, '2019-03-12', '2019-03-21');
INSERT INTO public.room_in_booking VALUES (457, 457, 120, '2019-05-27', '2019-05-29');
INSERT INTO public.room_in_booking VALUES (458, 458, 117, '2019-04-25', '2019-05-05');
INSERT INTO public.room_in_booking VALUES (459, 459, 54, '2019-05-09', '2019-05-18');
INSERT INTO public.room_in_booking VALUES (460, 460, 95, '2019-04-11', '2019-04-13');
INSERT INTO public.room_in_booking VALUES (461, 461, 135, '2019-04-21', '2019-04-27');
INSERT INTO public.room_in_booking VALUES (462, 462, 171, '2019-03-13', '2019-03-23');
INSERT INTO public.room_in_booking VALUES (463, 463, 18, '2019-03-31', '2019-04-01');
INSERT INTO public.room_in_booking VALUES (464, 464, 16, '2019-04-10', '2019-04-12');
INSERT INTO public.room_in_booking VALUES (465, 465, 65, '2019-04-21', '2019-04-25');
INSERT INTO public.room_in_booking VALUES (466, 466, 87, '2019-05-29', '2019-06-07');
INSERT INTO public.room_in_booking VALUES (467, 467, 20, '2019-03-09', '2019-03-16');
INSERT INTO public.room_in_booking VALUES (468, 468, 154, '2019-03-04', '2019-03-14');
INSERT INTO public.room_in_booking VALUES (469, 469, 69, '2019-05-02', '2019-05-04');
INSERT INTO public.room_in_booking VALUES (470, 470, 167, '2019-04-25', '2019-04-27');
INSERT INTO public.room_in_booking VALUES (471, 471, 113, '2019-04-11', '2019-04-18');
INSERT INTO public.room_in_booking VALUES (472, 472, 174, '2019-03-15', '2019-03-23');
INSERT INTO public.room_in_booking VALUES (473, 473, 180, '2019-04-02', '2019-04-09');
INSERT INTO public.room_in_booking VALUES (474, 474, 172, '2019-03-18', '2019-03-24');
INSERT INTO public.room_in_booking VALUES (475, 475, 128, '2019-03-12', '2019-03-22');
INSERT INTO public.room_in_booking VALUES (476, 476, 16, '2019-05-05', '2019-05-15');
INSERT INTO public.room_in_booking VALUES (477, 477, 73, '2019-03-14', '2019-03-23');
INSERT INTO public.room_in_booking VALUES (478, 478, 88, '2019-04-02', '2019-04-08');
INSERT INTO public.room_in_booking VALUES (479, 479, 124, '2019-04-07', '2019-04-11');
INSERT INTO public.room_in_booking VALUES (480, 480, 151, '2019-04-07', '2019-04-10');
INSERT INTO public.room_in_booking VALUES (481, 481, 7, '2019-04-12', '2019-04-17');
INSERT INTO public.room_in_booking VALUES (482, 482, 49, '2019-03-05', '2019-03-09');
INSERT INTO public.room_in_booking VALUES (483, 483, 157, '2019-03-02', '2019-03-05');
INSERT INTO public.room_in_booking VALUES (484, 484, 146, '2019-03-06', '2019-03-11');
INSERT INTO public.room_in_booking VALUES (485, 485, 31, '2019-04-20', '2019-04-28');
INSERT INTO public.room_in_booking VALUES (486, 486, 97, '2019-04-29', '2019-05-08');
INSERT INTO public.room_in_booking VALUES (487, 487, 154, '2019-05-05', '2019-05-13');
INSERT INTO public.room_in_booking VALUES (488, 488, 80, '2019-04-26', '2019-04-29');
INSERT INTO public.room_in_booking VALUES (489, 489, 50, '2019-04-27', '2019-05-02');
INSERT INTO public.room_in_booking VALUES (490, 490, 45, '2019-04-28', '2019-04-30');
INSERT INTO public.room_in_booking VALUES (491, 491, 56, '2019-03-11', '2019-03-16');
INSERT INTO public.room_in_booking VALUES (492, 492, 134, '2019-04-05', '2019-04-08');
INSERT INTO public.room_in_booking VALUES (493, 493, 41, '2019-04-01', '2019-04-09');
INSERT INTO public.room_in_booking VALUES (494, 494, 149, '2019-05-13', '2019-05-15');
INSERT INTO public.room_in_booking VALUES (495, 495, 41, '2019-05-27', '2019-05-31');
INSERT INTO public.room_in_booking VALUES (496, 496, 133, '2019-03-24', '2019-03-29');
INSERT INTO public.room_in_booking VALUES (497, 497, 109, '2019-04-07', '2019-04-16');
INSERT INTO public.room_in_booking VALUES (498, 498, 47, '2019-03-05', '2019-03-13');
INSERT INTO public.room_in_booking VALUES (499, 499, 173, '2019-03-24', '2019-03-29');
INSERT INTO public.room_in_booking VALUES (500, 500, 100, '2019-05-09', '2019-05-19');
INSERT INTO public.room_in_booking VALUES (501, 501, 139, '2019-03-18', '2019-03-26');
INSERT INTO public.room_in_booking VALUES (502, 502, 54, '2019-03-03', '2019-03-09');
INSERT INTO public.room_in_booking VALUES (503, 503, 164, '2019-03-14', '2019-03-16');
INSERT INTO public.room_in_booking VALUES (504, 504, 121, '2019-05-13', '2019-05-23');
INSERT INTO public.room_in_booking VALUES (505, 505, 2, '2019-04-05', '2019-04-09');
INSERT INTO public.room_in_booking VALUES (506, 506, 48, '2019-03-27', '2019-03-30');
INSERT INTO public.room_in_booking VALUES (507, 507, 134, '2019-05-22', '2019-05-26');
INSERT INTO public.room_in_booking VALUES (508, 508, 64, '2019-05-11', '2019-05-19');
INSERT INTO public.room_in_booking VALUES (509, 509, 59, '2019-05-19', '2019-05-26');
INSERT INTO public.room_in_booking VALUES (510, 510, 106, '2019-05-26', '2019-05-30');
INSERT INTO public.room_in_booking VALUES (511, 511, 143, '2019-03-09', '2019-03-13');
INSERT INTO public.room_in_booking VALUES (512, 512, 23, '2019-05-30', '2019-05-31');
INSERT INTO public.room_in_booking VALUES (513, 513, 174, '2019-03-03', '2019-03-11');
INSERT INTO public.room_in_booking VALUES (514, 514, 124, '2019-04-08', '2019-04-16');
INSERT INTO public.room_in_booking VALUES (515, 515, 25, '2019-03-09', '2019-03-13');
INSERT INTO public.room_in_booking VALUES (516, 516, 109, '2019-03-27', '2019-04-05');
INSERT INTO public.room_in_booking VALUES (517, 517, 7, '2019-04-22', '2019-04-23');
INSERT INTO public.room_in_booking VALUES (518, 518, 128, '2019-04-14', '2019-04-20');
INSERT INTO public.room_in_booking VALUES (519, 519, 156, '2019-03-28', '2019-04-05');
INSERT INTO public.room_in_booking VALUES (520, 520, 172, '2019-04-24', '2019-04-26');
INSERT INTO public.room_in_booking VALUES (521, 521, 122, '2019-05-21', '2019-05-30');
INSERT INTO public.room_in_booking VALUES (522, 522, 82, '2019-04-26', '2019-05-02');
INSERT INTO public.room_in_booking VALUES (523, 523, 4, '2019-05-14', '2019-05-20');
INSERT INTO public.room_in_booking VALUES (524, 524, 47, '2019-03-01', '2019-03-05');
INSERT INTO public.room_in_booking VALUES (525, 525, 4, '2019-03-02', '2019-03-10');
INSERT INTO public.room_in_booking VALUES (526, 526, 1, '2019-04-12', '2019-04-20');
INSERT INTO public.room_in_booking VALUES (527, 527, 157, '2019-05-20', '2019-05-21');
INSERT INTO public.room_in_booking VALUES (528, 528, 114, '2019-05-16', '2019-05-20');
INSERT INTO public.room_in_booking VALUES (529, 529, 160, '2019-04-28', '2019-05-01');
INSERT INTO public.room_in_booking VALUES (530, 530, 59, '2019-04-30', '2019-05-01');
INSERT INTO public.room_in_booking VALUES (531, 531, 131, '2019-03-13', '2019-03-22');
INSERT INTO public.room_in_booking VALUES (532, 532, 79, '2019-03-01', '2019-03-08');
INSERT INTO public.room_in_booking VALUES (533, 533, 121, '2019-05-27', '2019-06-02');
INSERT INTO public.room_in_booking VALUES (534, 534, 108, '2019-04-04', '2019-04-09');
INSERT INTO public.room_in_booking VALUES (535, 535, 173, '2019-03-22', '2019-03-28');
INSERT INTO public.room_in_booking VALUES (536, 536, 102, '2019-03-04', '2019-03-11');
INSERT INTO public.room_in_booking VALUES (537, 537, 29, '2019-05-29', '2019-06-04');
INSERT INTO public.room_in_booking VALUES (538, 538, 61, '2019-04-28', '2019-05-01');
INSERT INTO public.room_in_booking VALUES (539, 539, 62, '2019-04-18', '2019-04-25');
INSERT INTO public.room_in_booking VALUES (540, 540, 84, '2019-04-01', '2019-04-02');
INSERT INTO public.room_in_booking VALUES (541, 541, 62, '2019-03-17', '2019-03-24');
INSERT INTO public.room_in_booking VALUES (542, 542, 102, '2019-05-04', '2019-05-14');
INSERT INTO public.room_in_booking VALUES (543, 543, 11, '2019-04-26', '2019-05-03');
INSERT INTO public.room_in_booking VALUES (544, 544, 131, '2019-04-05', '2019-04-10');
INSERT INTO public.room_in_booking VALUES (545, 545, 151, '2019-03-11', '2019-03-21');
INSERT INTO public.room_in_booking VALUES (546, 546, 148, '2019-04-09', '2019-04-17');
INSERT INTO public.room_in_booking VALUES (547, 547, 137, '2019-03-26', '2019-04-04');
INSERT INTO public.room_in_booking VALUES (548, 548, 100, '2019-04-27', '2019-05-03');
INSERT INTO public.room_in_booking VALUES (549, 549, 114, '2019-03-01', '2019-03-10');
INSERT INTO public.room_in_booking VALUES (550, 550, 99, '2019-04-29', '2019-05-09');
INSERT INTO public.room_in_booking VALUES (551, 551, 128, '2019-03-16', '2019-03-20');
INSERT INTO public.room_in_booking VALUES (552, 552, 91, '2019-04-26', '2019-05-05');
INSERT INTO public.room_in_booking VALUES (553, 553, 148, '2019-03-13', '2019-03-20');
INSERT INTO public.room_in_booking VALUES (554, 554, 64, '2019-03-28', '2019-03-30');
INSERT INTO public.room_in_booking VALUES (555, 555, 79, '2019-04-13', '2019-04-16');
INSERT INTO public.room_in_booking VALUES (556, 556, 38, '2019-04-10', '2019-04-12');
INSERT INTO public.room_in_booking VALUES (557, 557, 55, '2019-03-19', '2019-03-23');
INSERT INTO public.room_in_booking VALUES (558, 558, 164, '2019-04-21', '2019-04-25');
INSERT INTO public.room_in_booking VALUES (559, 559, 94, '2019-03-19', '2019-03-25');
INSERT INTO public.room_in_booking VALUES (560, 560, 94, '2019-05-12', '2019-05-17');
INSERT INTO public.room_in_booking VALUES (561, 561, 54, '2019-05-16', '2019-05-17');
INSERT INTO public.room_in_booking VALUES (562, 562, 40, '2019-03-29', '2019-03-31');
INSERT INTO public.room_in_booking VALUES (563, 563, 56, '2019-04-02', '2019-04-11');
INSERT INTO public.room_in_booking VALUES (564, 564, 72, '2019-03-28', '2019-04-05');
INSERT INTO public.room_in_booking VALUES (565, 565, 8, '2019-04-06', '2019-04-16');
INSERT INTO public.room_in_booking VALUES (566, 566, 172, '2019-03-03', '2019-03-11');
INSERT INTO public.room_in_booking VALUES (567, 567, 84, '2019-04-03', '2019-04-13');
INSERT INTO public.room_in_booking VALUES (568, 568, 63, '2019-03-22', '2019-03-26');
INSERT INTO public.room_in_booking VALUES (569, 569, 67, '2019-04-08', '2019-04-13');
INSERT INTO public.room_in_booking VALUES (570, 570, 39, '2019-04-14', '2019-04-17');
INSERT INTO public.room_in_booking VALUES (571, 571, 69, '2019-05-30', '2019-06-08');
INSERT INTO public.room_in_booking VALUES (572, 572, 114, '2019-03-15', '2019-03-22');
INSERT INTO public.room_in_booking VALUES (573, 573, 178, '2019-05-28', '2019-06-01');
INSERT INTO public.room_in_booking VALUES (574, 574, 136, '2019-05-13', '2019-05-22');
INSERT INTO public.room_in_booking VALUES (575, 575, 75, '2019-03-05', '2019-03-07');
INSERT INTO public.room_in_booking VALUES (576, 576, 31, '2019-05-18', '2019-05-20');
INSERT INTO public.room_in_booking VALUES (577, 577, 27, '2019-03-16', '2019-03-20');
INSERT INTO public.room_in_booking VALUES (578, 578, 90, '2019-05-22', '2019-05-26');
INSERT INTO public.room_in_booking VALUES (579, 579, 113, '2019-03-17', '2019-03-24');
INSERT INTO public.room_in_booking VALUES (580, 580, 54, '2019-03-22', '2019-03-26');
INSERT INTO public.room_in_booking VALUES (581, 581, 134, '2019-05-31', '2019-06-09');
INSERT INTO public.room_in_booking VALUES (582, 582, 174, '2019-04-09', '2019-04-13');
INSERT INTO public.room_in_booking VALUES (583, 583, 55, '2019-04-08', '2019-04-10');
INSERT INTO public.room_in_booking VALUES (584, 584, 97, '2019-03-11', '2019-03-12');
INSERT INTO public.room_in_booking VALUES (585, 585, 110, '2019-05-15', '2019-05-16');
INSERT INTO public.room_in_booking VALUES (586, 586, 90, '2019-03-08', '2019-03-17');
INSERT INTO public.room_in_booking VALUES (587, 587, 107, '2019-04-17', '2019-04-18');
INSERT INTO public.room_in_booking VALUES (588, 588, 37, '2019-03-05', '2019-03-10');
INSERT INTO public.room_in_booking VALUES (589, 589, 4, '2019-04-08', '2019-04-15');
INSERT INTO public.room_in_booking VALUES (590, 590, 102, '2019-03-18', '2019-03-24');
INSERT INTO public.room_in_booking VALUES (591, 591, 28, '2019-05-12', '2019-05-17');
INSERT INTO public.room_in_booking VALUES (592, 592, 70, '2019-03-08', '2019-03-16');
INSERT INTO public.room_in_booking VALUES (593, 593, 55, '2019-04-13', '2019-04-18');
INSERT INTO public.room_in_booking VALUES (594, 594, 2, '2019-04-27', '2019-04-30');
INSERT INTO public.room_in_booking VALUES (595, 595, 127, '2019-03-09', '2019-03-17');
INSERT INTO public.room_in_booking VALUES (596, 596, 42, '2019-04-03', '2019-04-07');
INSERT INTO public.room_in_booking VALUES (597, 597, 87, '2019-05-23', '2019-05-28');
INSERT INTO public.room_in_booking VALUES (598, 598, 6, '2019-05-31', '2019-06-10');
INSERT INTO public.room_in_booking VALUES (599, 599, 64, '2019-03-17', '2019-03-18');
INSERT INTO public.room_in_booking VALUES (600, 600, 3, '2019-04-06', '2019-04-09');
INSERT INTO public.room_in_booking VALUES (601, 601, 43, '2019-04-02', '2019-04-09');
INSERT INTO public.room_in_booking VALUES (602, 602, 23, '2019-03-20', '2019-03-22');
INSERT INTO public.room_in_booking VALUES (603, 603, 94, '2019-04-10', '2019-04-16');
INSERT INTO public.room_in_booking VALUES (604, 604, 111, '2019-03-26', '2019-03-27');
INSERT INTO public.room_in_booking VALUES (605, 605, 109, '2019-03-14', '2019-03-16');
INSERT INTO public.room_in_booking VALUES (606, 606, 74, '2019-04-01', '2019-04-02');
INSERT INTO public.room_in_booking VALUES (607, 607, 55, '2019-05-24', '2019-06-02');
INSERT INTO public.room_in_booking VALUES (608, 608, 10, '2019-03-02', '2019-03-03');
INSERT INTO public.room_in_booking VALUES (609, 609, 67, '2019-04-19', '2019-04-21');
INSERT INTO public.room_in_booking VALUES (610, 610, 15, '2019-05-27', '2019-05-31');
INSERT INTO public.room_in_booking VALUES (611, 611, 101, '2019-03-02', '2019-03-05');
INSERT INTO public.room_in_booking VALUES (612, 612, 12, '2019-05-22', '2019-05-26');
INSERT INTO public.room_in_booking VALUES (613, 613, 139, '2019-03-07', '2019-03-16');
INSERT INTO public.room_in_booking VALUES (614, 614, 168, '2019-03-20', '2019-03-29');
INSERT INTO public.room_in_booking VALUES (615, 615, 25, '2019-04-10', '2019-04-16');
INSERT INTO public.room_in_booking VALUES (616, 616, 128, '2019-05-27', '2019-05-28');
INSERT INTO public.room_in_booking VALUES (617, 617, 24, '2019-05-06', '2019-05-15');
INSERT INTO public.room_in_booking VALUES (618, 618, 162, '2019-03-04', '2019-03-09');
INSERT INTO public.room_in_booking VALUES (619, 619, 39, '2019-03-22', '2019-03-31');
INSERT INTO public.room_in_booking VALUES (620, 620, 16, '2019-05-16', '2019-05-23');
INSERT INTO public.room_in_booking VALUES (621, 621, 77, '2019-05-11', '2019-05-12');
INSERT INTO public.room_in_booking VALUES (622, 622, 17, '2019-05-16', '2019-05-20');
INSERT INTO public.room_in_booking VALUES (623, 623, 97, '2019-04-08', '2019-04-11');
INSERT INTO public.room_in_booking VALUES (624, 624, 4, '2019-05-10', '2019-05-15');
INSERT INTO public.room_in_booking VALUES (625, 625, 175, '2019-03-30', '2019-04-04');
INSERT INTO public.room_in_booking VALUES (626, 626, 173, '2019-03-21', '2019-03-28');
INSERT INTO public.room_in_booking VALUES (627, 627, 157, '2019-03-10', '2019-03-14');
INSERT INTO public.room_in_booking VALUES (628, 628, 80, '2019-04-02', '2019-04-09');
INSERT INTO public.room_in_booking VALUES (629, 629, 101, '2019-05-10', '2019-05-14');
INSERT INTO public.room_in_booking VALUES (630, 630, 148, '2019-04-05', '2019-04-14');
INSERT INTO public.room_in_booking VALUES (631, 631, 115, '2019-04-19', '2019-04-27');
INSERT INTO public.room_in_booking VALUES (632, 632, 77, '2019-03-23', '2019-03-24');
INSERT INTO public.room_in_booking VALUES (633, 633, 41, '2019-04-29', '2019-04-30');
INSERT INTO public.room_in_booking VALUES (634, 634, 50, '2019-04-07', '2019-04-08');
INSERT INTO public.room_in_booking VALUES (635, 635, 43, '2019-05-27', '2019-06-01');
INSERT INTO public.room_in_booking VALUES (636, 636, 13, '2019-03-09', '2019-03-17');
INSERT INTO public.room_in_booking VALUES (637, 637, 109, '2019-03-03', '2019-03-12');
INSERT INTO public.room_in_booking VALUES (638, 638, 73, '2019-04-02', '2019-04-03');
INSERT INTO public.room_in_booking VALUES (639, 639, 176, '2019-05-18', '2019-05-23');
INSERT INTO public.room_in_booking VALUES (640, 640, 148, '2019-05-12', '2019-05-16');
INSERT INTO public.room_in_booking VALUES (641, 641, 9, '2019-04-05', '2019-04-06');
INSERT INTO public.room_in_booking VALUES (642, 642, 92, '2019-04-28', '2019-05-07');
INSERT INTO public.room_in_booking VALUES (643, 643, 15, '2019-05-02', '2019-05-11');
INSERT INTO public.room_in_booking VALUES (644, 644, 181, '2019-03-25', '2019-03-30');
INSERT INTO public.room_in_booking VALUES (645, 645, 156, '2019-04-15', '2019-04-24');
INSERT INTO public.room_in_booking VALUES (646, 646, 172, '2019-05-02', '2019-05-05');
INSERT INTO public.room_in_booking VALUES (647, 647, 157, '2019-03-16', '2019-03-19');
INSERT INTO public.room_in_booking VALUES (648, 648, 159, '2019-04-10', '2019-04-20');
INSERT INTO public.room_in_booking VALUES (649, 649, 34, '2019-05-08', '2019-05-10');
INSERT INTO public.room_in_booking VALUES (650, 650, 50, '2019-04-10', '2019-04-13');
INSERT INTO public.room_in_booking VALUES (651, 651, 167, '2019-04-15', '2019-04-16');
INSERT INTO public.room_in_booking VALUES (652, 652, 58, '2019-05-07', '2019-05-14');
INSERT INTO public.room_in_booking VALUES (653, 653, 130, '2019-03-11', '2019-03-19');
INSERT INTO public.room_in_booking VALUES (654, 654, 149, '2019-04-09', '2019-04-10');
INSERT INTO public.room_in_booking VALUES (655, 655, 48, '2019-03-20', '2019-03-23');
INSERT INTO public.room_in_booking VALUES (656, 656, 142, '2019-05-26', '2019-05-28');
INSERT INTO public.room_in_booking VALUES (657, 657, 166, '2019-05-22', '2019-05-30');
INSERT INTO public.room_in_booking VALUES (658, 658, 61, '2019-04-07', '2019-04-12');
INSERT INTO public.room_in_booking VALUES (659, 659, 173, '2019-05-25', '2019-05-31');
INSERT INTO public.room_in_booking VALUES (660, 660, 123, '2019-05-18', '2019-05-23');
INSERT INTO public.room_in_booking VALUES (661, 661, 158, '2019-04-15', '2019-04-18');
INSERT INTO public.room_in_booking VALUES (662, 662, 98, '2019-05-02', '2019-05-07');
INSERT INTO public.room_in_booking VALUES (663, 663, 180, '2019-04-17', '2019-04-24');
INSERT INTO public.room_in_booking VALUES (664, 664, 57, '2019-03-12', '2019-03-17');
INSERT INTO public.room_in_booking VALUES (665, 665, 106, '2019-05-08', '2019-05-17');
INSERT INTO public.room_in_booking VALUES (666, 666, 142, '2019-05-08', '2019-05-12');
INSERT INTO public.room_in_booking VALUES (667, 667, 103, '2019-05-19', '2019-05-29');
INSERT INTO public.room_in_booking VALUES (668, 668, 181, '2019-03-15', '2019-03-22');
INSERT INTO public.room_in_booking VALUES (669, 669, 65, '2019-03-22', '2019-03-25');
INSERT INTO public.room_in_booking VALUES (670, 670, 138, '2019-03-25', '2019-03-28');
INSERT INTO public.room_in_booking VALUES (671, 671, 133, '2019-03-20', '2019-03-25');
INSERT INTO public.room_in_booking VALUES (672, 672, 75, '2019-04-18', '2019-04-25');
INSERT INTO public.room_in_booking VALUES (673, 673, 51, '2019-03-24', '2019-04-01');
INSERT INTO public.room_in_booking VALUES (674, 674, 18, '2019-05-19', '2019-05-22');
INSERT INTO public.room_in_booking VALUES (675, 675, 24, '2019-03-26', '2019-04-01');
INSERT INTO public.room_in_booking VALUES (676, 676, 128, '2019-04-28', '2019-04-29');
INSERT INTO public.room_in_booking VALUES (677, 677, 177, '2019-03-23', '2019-03-26');
INSERT INTO public.room_in_booking VALUES (678, 678, 13, '2019-05-17', '2019-05-27');
INSERT INTO public.room_in_booking VALUES (679, 679, 24, '2019-04-12', '2019-04-22');
INSERT INTO public.room_in_booking VALUES (680, 680, 58, '2019-03-07', '2019-03-13');
INSERT INTO public.room_in_booking VALUES (681, 681, 99, '2019-05-15', '2019-05-20');
INSERT INTO public.room_in_booking VALUES (682, 682, 96, '2019-04-05', '2019-04-08');
INSERT INTO public.room_in_booking VALUES (683, 683, 116, '2019-05-15', '2019-05-18');
INSERT INTO public.room_in_booking VALUES (684, 684, 36, '2019-03-18', '2019-03-23');
INSERT INTO public.room_in_booking VALUES (685, 685, 118, '2019-04-28', '2019-05-07');
INSERT INTO public.room_in_booking VALUES (686, 686, 146, '2019-05-27', '2019-06-05');
INSERT INTO public.room_in_booking VALUES (687, 687, 155, '2019-03-06', '2019-03-14');
INSERT INTO public.room_in_booking VALUES (688, 688, 103, '2019-04-13', '2019-04-21');
INSERT INTO public.room_in_booking VALUES (689, 689, 170, '2019-03-26', '2019-03-30');
INSERT INTO public.room_in_booking VALUES (690, 690, 67, '2019-05-19', '2019-05-29');
INSERT INTO public.room_in_booking VALUES (691, 691, 161, '2019-03-27', '2019-04-02');
INSERT INTO public.room_in_booking VALUES (692, 692, 139, '2019-05-13', '2019-05-14');
INSERT INTO public.room_in_booking VALUES (693, 693, 100, '2019-04-23', '2019-04-27');
INSERT INTO public.room_in_booking VALUES (694, 694, 86, '2019-04-20', '2019-04-22');
INSERT INTO public.room_in_booking VALUES (695, 695, 107, '2019-04-04', '2019-04-11');
INSERT INTO public.room_in_booking VALUES (696, 696, 144, '2019-05-18', '2019-05-23');
INSERT INTO public.room_in_booking VALUES (697, 697, 118, '2019-04-09', '2019-04-16');
INSERT INTO public.room_in_booking VALUES (698, 698, 3, '2019-05-28', '2019-06-03');
INSERT INTO public.room_in_booking VALUES (699, 699, 157, '2019-04-11', '2019-04-21');
INSERT INTO public.room_in_booking VALUES (700, 700, 128, '2019-05-17', '2019-05-24');
INSERT INTO public.room_in_booking VALUES (701, 701, 22, '2019-04-26', '2019-04-28');
INSERT INTO public.room_in_booking VALUES (702, 702, 80, '2019-05-30', '2019-06-05');
INSERT INTO public.room_in_booking VALUES (703, 703, 150, '2019-03-21', '2019-03-29');
INSERT INTO public.room_in_booking VALUES (704, 704, 56, '2019-03-21', '2019-03-29');
INSERT INTO public.room_in_booking VALUES (705, 705, 92, '2019-03-28', '2019-03-31');
INSERT INTO public.room_in_booking VALUES (706, 706, 157, '2019-03-04', '2019-03-07');
INSERT INTO public.room_in_booking VALUES (707, 707, 167, '2019-04-11', '2019-04-15');
INSERT INTO public.room_in_booking VALUES (708, 708, 86, '2019-05-09', '2019-05-18');
INSERT INTO public.room_in_booking VALUES (709, 709, 39, '2019-04-03', '2019-04-08');
INSERT INTO public.room_in_booking VALUES (710, 710, 144, '2019-03-04', '2019-03-08');
INSERT INTO public.room_in_booking VALUES (711, 711, 180, '2019-03-27', '2019-03-30');
INSERT INTO public.room_in_booking VALUES (712, 712, 127, '2019-05-18', '2019-05-23');
INSERT INTO public.room_in_booking VALUES (713, 713, 150, '2019-03-20', '2019-03-29');
INSERT INTO public.room_in_booking VALUES (714, 714, 79, '2019-04-01', '2019-04-03');
INSERT INTO public.room_in_booking VALUES (715, 715, 81, '2019-04-14', '2019-04-20');
INSERT INTO public.room_in_booking VALUES (716, 716, 19, '2019-04-23', '2019-04-28');
INSERT INTO public.room_in_booking VALUES (717, 717, 170, '2019-04-17', '2019-04-24');
INSERT INTO public.room_in_booking VALUES (718, 718, 55, '2019-04-04', '2019-04-14');
INSERT INTO public.room_in_booking VALUES (719, 719, 76, '2019-05-04', '2019-05-11');
INSERT INTO public.room_in_booking VALUES (720, 720, 55, '2019-03-15', '2019-03-25');
INSERT INTO public.room_in_booking VALUES (721, 721, 98, '2019-04-24', '2019-04-30');
INSERT INTO public.room_in_booking VALUES (722, 722, 99, '2019-03-20', '2019-03-21');
INSERT INTO public.room_in_booking VALUES (723, 723, 113, '2019-05-21', '2019-05-29');
INSERT INTO public.room_in_booking VALUES (724, 724, 128, '2019-03-05', '2019-03-06');
INSERT INTO public.room_in_booking VALUES (725, 725, 150, '2019-04-28', '2019-05-05');
INSERT INTO public.room_in_booking VALUES (726, 726, 9, '2019-03-23', '2019-04-01');
INSERT INTO public.room_in_booking VALUES (727, 727, 136, '2019-04-03', '2019-04-11');
INSERT INTO public.room_in_booking VALUES (728, 728, 163, '2019-04-19', '2019-04-22');
INSERT INTO public.room_in_booking VALUES (729, 729, 50, '2019-03-15', '2019-03-17');
INSERT INTO public.room_in_booking VALUES (730, 730, 30, '2019-03-31', '2019-04-06');
INSERT INTO public.room_in_booking VALUES (731, 731, 151, '2019-04-28', '2019-04-30');
INSERT INTO public.room_in_booking VALUES (732, 732, 2, '2019-03-03', '2019-03-04');
INSERT INTO public.room_in_booking VALUES (733, 733, 20, '2019-04-20', '2019-04-21');
INSERT INTO public.room_in_booking VALUES (734, 734, 140, '2019-05-25', '2019-05-31');
INSERT INTO public.room_in_booking VALUES (735, 735, 135, '2019-05-18', '2019-05-19');
INSERT INTO public.room_in_booking VALUES (736, 736, 102, '2019-04-08', '2019-04-12');
INSERT INTO public.room_in_booking VALUES (737, 737, 27, '2019-04-08', '2019-04-12');
INSERT INTO public.room_in_booking VALUES (738, 738, 129, '2019-03-14', '2019-03-16');
INSERT INTO public.room_in_booking VALUES (739, 739, 57, '2019-05-15', '2019-05-23');
INSERT INTO public.room_in_booking VALUES (740, 740, 127, '2019-05-26', '2019-05-28');
INSERT INTO public.room_in_booking VALUES (741, 741, 126, '2019-04-08', '2019-04-15');
INSERT INTO public.room_in_booking VALUES (742, 742, 97, '2019-04-09', '2019-04-14');
INSERT INTO public.room_in_booking VALUES (743, 743, 130, '2019-03-05', '2019-03-11');
INSERT INTO public.room_in_booking VALUES (744, 744, 144, '2019-05-16', '2019-05-20');
INSERT INTO public.room_in_booking VALUES (745, 745, 132, '2019-04-09', '2019-04-13');
INSERT INTO public.room_in_booking VALUES (746, 746, 181, '2019-05-27', '2019-05-31');
INSERT INTO public.room_in_booking VALUES (747, 747, 127, '2019-04-02', '2019-04-09');
INSERT INTO public.room_in_booking VALUES (748, 748, 161, '2019-04-20', '2019-04-29');
INSERT INTO public.room_in_booking VALUES (749, 749, 2, '2019-04-25', '2019-05-05');
INSERT INTO public.room_in_booking VALUES (750, 750, 76, '2019-03-13', '2019-03-19');
INSERT INTO public.room_in_booking VALUES (751, 751, 164, '2019-03-12', '2019-03-16');
INSERT INTO public.room_in_booking VALUES (752, 752, 164, '2019-04-10', '2019-04-17');
INSERT INTO public.room_in_booking VALUES (753, 753, 100, '2019-03-31', '2019-04-09');
INSERT INTO public.room_in_booking VALUES (754, 754, 181, '2019-03-31', '2019-04-06');
INSERT INTO public.room_in_booking VALUES (755, 755, 126, '2019-04-15', '2019-04-23');
INSERT INTO public.room_in_booking VALUES (756, 756, 124, '2019-04-14', '2019-04-23');
INSERT INTO public.room_in_booking VALUES (757, 757, 102, '2019-04-15', '2019-04-23');
INSERT INTO public.room_in_booking VALUES (758, 758, 96, '2019-05-31', '2019-06-10');
INSERT INTO public.room_in_booking VALUES (759, 759, 94, '2019-03-11', '2019-03-13');
INSERT INTO public.room_in_booking VALUES (760, 760, 13, '2019-05-07', '2019-05-10');
INSERT INTO public.room_in_booking VALUES (761, 761, 13, '2019-03-23', '2019-04-01');
INSERT INTO public.room_in_booking VALUES (762, 762, 12, '2019-04-25', '2019-04-27');
INSERT INTO public.room_in_booking VALUES (763, 763, 105, '2019-05-25', '2019-06-03');
INSERT INTO public.room_in_booking VALUES (764, 764, 21, '2019-04-21', '2019-04-22');
INSERT INTO public.room_in_booking VALUES (765, 765, 52, '2019-05-29', '2019-05-31');
INSERT INTO public.room_in_booking VALUES (766, 766, 114, '2019-04-07', '2019-04-15');
INSERT INTO public.room_in_booking VALUES (767, 767, 129, '2019-04-02', '2019-04-11');
INSERT INTO public.room_in_booking VALUES (768, 768, 20, '2019-05-31', '2019-06-08');
INSERT INTO public.room_in_booking VALUES (769, 769, 14, '2019-04-12', '2019-04-20');
INSERT INTO public.room_in_booking VALUES (770, 770, 13, '2019-04-10', '2019-04-17');
INSERT INTO public.room_in_booking VALUES (771, 771, 43, '2019-03-26', '2019-03-31');
INSERT INTO public.room_in_booking VALUES (772, 772, 34, '2019-05-10', '2019-05-15');
INSERT INTO public.room_in_booking VALUES (773, 773, 138, '2019-05-24', '2019-06-02');
INSERT INTO public.room_in_booking VALUES (774, 774, 126, '2019-05-21', '2019-05-29');
INSERT INTO public.room_in_booking VALUES (775, 775, 40, '2019-05-08', '2019-05-10');
INSERT INTO public.room_in_booking VALUES (776, 776, 138, '2019-03-27', '2019-03-29');
INSERT INTO public.room_in_booking VALUES (777, 777, 81, '2019-05-01', '2019-05-05');
INSERT INTO public.room_in_booking VALUES (778, 778, 31, '2019-03-10', '2019-03-11');
INSERT INTO public.room_in_booking VALUES (779, 779, 104, '2019-03-29', '2019-04-05');
INSERT INTO public.room_in_booking VALUES (780, 780, 130, '2019-04-05', '2019-04-15');
INSERT INTO public.room_in_booking VALUES (781, 781, 67, '2019-04-27', '2019-05-05');
INSERT INTO public.room_in_booking VALUES (782, 782, 149, '2019-03-06', '2019-03-15');
INSERT INTO public.room_in_booking VALUES (783, 783, 136, '2019-05-20', '2019-05-22');
INSERT INTO public.room_in_booking VALUES (784, 784, 23, '2019-03-04', '2019-03-09');
INSERT INTO public.room_in_booking VALUES (785, 785, 122, '2019-05-14', '2019-05-22');
INSERT INTO public.room_in_booking VALUES (786, 786, 158, '2019-04-18', '2019-04-21');
INSERT INTO public.room_in_booking VALUES (787, 787, 74, '2019-05-23', '2019-05-28');
INSERT INTO public.room_in_booking VALUES (788, 788, 34, '2019-04-09', '2019-04-11');
INSERT INTO public.room_in_booking VALUES (789, 789, 119, '2019-03-30', '2019-04-07');
INSERT INTO public.room_in_booking VALUES (790, 790, 29, '2019-05-26', '2019-06-02');
INSERT INTO public.room_in_booking VALUES (791, 791, 98, '2019-04-10', '2019-04-19');
INSERT INTO public.room_in_booking VALUES (792, 792, 28, '2019-05-13', '2019-05-16');
INSERT INTO public.room_in_booking VALUES (793, 793, 22, '2019-03-23', '2019-03-31');
INSERT INTO public.room_in_booking VALUES (794, 794, 72, '2019-05-08', '2019-05-09');
INSERT INTO public.room_in_booking VALUES (795, 795, 4, '2019-05-29', '2019-06-06');
INSERT INTO public.room_in_booking VALUES (796, 796, 55, '2019-04-14', '2019-04-24');
INSERT INTO public.room_in_booking VALUES (797, 797, 146, '2019-03-04', '2019-03-08');
INSERT INTO public.room_in_booking VALUES (798, 798, 161, '2019-04-11', '2019-04-14');
INSERT INTO public.room_in_booking VALUES (799, 799, 53, '2019-05-28', '2019-06-06');
INSERT INTO public.room_in_booking VALUES (800, 800, 18, '2019-05-18', '2019-05-22');
INSERT INTO public.room_in_booking VALUES (801, 801, 115, '2019-05-24', '2019-05-26');
INSERT INTO public.room_in_booking VALUES (802, 802, 165, '2019-03-24', '2019-03-27');
INSERT INTO public.room_in_booking VALUES (803, 803, 178, '2019-05-22', '2019-05-28');
INSERT INTO public.room_in_booking VALUES (804, 804, 115, '2019-03-04', '2019-03-05');
INSERT INTO public.room_in_booking VALUES (805, 805, 158, '2019-04-04', '2019-04-05');
INSERT INTO public.room_in_booking VALUES (806, 806, 64, '2019-03-02', '2019-03-04');
INSERT INTO public.room_in_booking VALUES (807, 807, 52, '2019-03-12', '2019-03-18');
INSERT INTO public.room_in_booking VALUES (808, 808, 113, '2019-04-08', '2019-04-15');
INSERT INTO public.room_in_booking VALUES (809, 809, 23, '2019-03-31', '2019-04-08');
INSERT INTO public.room_in_booking VALUES (810, 810, 91, '2019-04-20', '2019-04-21');
INSERT INTO public.room_in_booking VALUES (811, 811, 178, '2019-03-09', '2019-03-12');
INSERT INTO public.room_in_booking VALUES (812, 812, 165, '2019-03-14', '2019-03-17');
INSERT INTO public.room_in_booking VALUES (813, 813, 5, '2019-04-08', '2019-04-18');
INSERT INTO public.room_in_booking VALUES (814, 814, 142, '2019-05-07', '2019-05-12');
INSERT INTO public.room_in_booking VALUES (815, 815, 142, '2019-03-16', '2019-03-19');
INSERT INTO public.room_in_booking VALUES (816, 816, 149, '2019-03-30', '2019-04-01');
INSERT INTO public.room_in_booking VALUES (817, 817, 133, '2019-05-02', '2019-05-04');
INSERT INTO public.room_in_booking VALUES (818, 818, 48, '2019-05-28', '2019-06-02');
INSERT INTO public.room_in_booking VALUES (819, 819, 16, '2019-04-29', '2019-05-09');
INSERT INTO public.room_in_booking VALUES (820, 820, 134, '2019-05-01', '2019-05-06');
INSERT INTO public.room_in_booking VALUES (821, 821, 125, '2019-03-07', '2019-03-15');
INSERT INTO public.room_in_booking VALUES (822, 822, 107, '2019-04-14', '2019-04-24');
INSERT INTO public.room_in_booking VALUES (823, 823, 129, '2019-05-12', '2019-05-19');
INSERT INTO public.room_in_booking VALUES (824, 824, 69, '2019-04-13', '2019-04-15');
INSERT INTO public.room_in_booking VALUES (825, 825, 92, '2019-04-05', '2019-04-13');
INSERT INTO public.room_in_booking VALUES (826, 826, 13, '2019-05-13', '2019-05-15');
INSERT INTO public.room_in_booking VALUES (827, 827, 114, '2019-05-10', '2019-05-15');
INSERT INTO public.room_in_booking VALUES (828, 828, 164, '2019-04-11', '2019-04-14');
INSERT INTO public.room_in_booking VALUES (829, 829, 83, '2019-03-05', '2019-03-11');
INSERT INTO public.room_in_booking VALUES (830, 830, 23, '2019-03-24', '2019-03-28');
INSERT INTO public.room_in_booking VALUES (831, 831, 24, '2019-04-20', '2019-04-28');
INSERT INTO public.room_in_booking VALUES (832, 832, 23, '2019-03-29', '2019-04-06');
INSERT INTO public.room_in_booking VALUES (833, 833, 1, '2019-05-23', '2019-05-30');
INSERT INTO public.room_in_booking VALUES (834, 834, 32, '2019-05-18', '2019-05-20');
INSERT INTO public.room_in_booking VALUES (835, 835, 86, '2019-04-11', '2019-04-21');
INSERT INTO public.room_in_booking VALUES (836, 836, 55, '2019-05-08', '2019-05-10');
INSERT INTO public.room_in_booking VALUES (837, 837, 142, '2019-04-09', '2019-04-10');
INSERT INTO public.room_in_booking VALUES (838, 838, 48, '2019-04-13', '2019-04-19');
INSERT INTO public.room_in_booking VALUES (839, 839, 103, '2019-03-01', '2019-03-08');
INSERT INTO public.room_in_booking VALUES (840, 840, 118, '2019-03-14', '2019-03-19');
INSERT INTO public.room_in_booking VALUES (841, 841, 74, '2019-04-28', '2019-05-08');
INSERT INTO public.room_in_booking VALUES (842, 842, 103, '2019-05-04', '2019-05-08');
INSERT INTO public.room_in_booking VALUES (843, 843, 73, '2019-04-21', '2019-04-28');
INSERT INTO public.room_in_booking VALUES (844, 844, 83, '2019-04-30', '2019-05-09');
INSERT INTO public.room_in_booking VALUES (845, 845, 160, '2019-03-25', '2019-04-03');
INSERT INTO public.room_in_booking VALUES (846, 846, 154, '2019-05-23', '2019-06-01');
INSERT INTO public.room_in_booking VALUES (847, 847, 22, '2019-03-16', '2019-03-25');
INSERT INTO public.room_in_booking VALUES (848, 848, 85, '2019-05-07', '2019-05-17');
INSERT INTO public.room_in_booking VALUES (849, 849, 137, '2019-03-28', '2019-03-30');
INSERT INTO public.room_in_booking VALUES (850, 850, 48, '2019-05-24', '2019-05-25');
INSERT INTO public.room_in_booking VALUES (851, 851, 163, '2019-04-07', '2019-04-17');
INSERT INTO public.room_in_booking VALUES (852, 852, 177, '2019-04-29', '2019-04-30');
INSERT INTO public.room_in_booking VALUES (853, 853, 83, '2019-04-09', '2019-04-10');
INSERT INTO public.room_in_booking VALUES (854, 854, 140, '2019-04-28', '2019-04-30');
INSERT INTO public.room_in_booking VALUES (855, 855, 12, '2019-03-15', '2019-03-22');
INSERT INTO public.room_in_booking VALUES (856, 856, 131, '2019-03-12', '2019-03-21');
INSERT INTO public.room_in_booking VALUES (857, 857, 158, '2019-04-27', '2019-05-07');
INSERT INTO public.room_in_booking VALUES (858, 858, 165, '2019-05-29', '2019-06-02');
INSERT INTO public.room_in_booking VALUES (859, 859, 11, '2019-05-15', '2019-05-23');
INSERT INTO public.room_in_booking VALUES (860, 860, 152, '2019-03-31', '2019-04-05');
INSERT INTO public.room_in_booking VALUES (861, 861, 106, '2019-04-02', '2019-04-11');
INSERT INTO public.room_in_booking VALUES (862, 862, 35, '2019-03-21', '2019-03-22');
INSERT INTO public.room_in_booking VALUES (863, 863, 84, '2019-04-25', '2019-05-02');
INSERT INTO public.room_in_booking VALUES (864, 864, 53, '2019-03-25', '2019-03-29');
INSERT INTO public.room_in_booking VALUES (865, 865, 173, '2019-03-31', '2019-04-07');
INSERT INTO public.room_in_booking VALUES (866, 866, 166, '2019-03-29', '2019-04-08');
INSERT INTO public.room_in_booking VALUES (867, 867, 45, '2019-04-08', '2019-04-09');
INSERT INTO public.room_in_booking VALUES (868, 868, 74, '2019-04-21', '2019-04-27');
INSERT INTO public.room_in_booking VALUES (869, 869, 127, '2019-03-13', '2019-03-15');
INSERT INTO public.room_in_booking VALUES (870, 870, 145, '2019-04-23', '2019-05-02');
INSERT INTO public.room_in_booking VALUES (871, 871, 163, '2019-04-15', '2019-04-18');
INSERT INTO public.room_in_booking VALUES (872, 872, 119, '2019-03-31', '2019-04-01');
INSERT INTO public.room_in_booking VALUES (873, 873, 146, '2019-05-21', '2019-05-27');
INSERT INTO public.room_in_booking VALUES (874, 874, 165, '2019-05-08', '2019-05-18');
INSERT INTO public.room_in_booking VALUES (875, 875, 18, '2019-03-21', '2019-03-27');
INSERT INTO public.room_in_booking VALUES (876, 876, 91, '2019-05-31', '2019-06-07');
INSERT INTO public.room_in_booking VALUES (877, 877, 25, '2019-03-25', '2019-04-02');
INSERT INTO public.room_in_booking VALUES (878, 878, 162, '2019-04-16', '2019-04-23');
INSERT INTO public.room_in_booking VALUES (879, 879, 26, '2019-04-13', '2019-04-22');
INSERT INTO public.room_in_booking VALUES (880, 880, 118, '2019-05-13', '2019-05-19');
INSERT INTO public.room_in_booking VALUES (881, 881, 14, '2019-03-25', '2019-03-29');
INSERT INTO public.room_in_booking VALUES (882, 882, 130, '2019-03-08', '2019-03-09');
INSERT INTO public.room_in_booking VALUES (883, 883, 68, '2019-05-19', '2019-05-28');
INSERT INTO public.room_in_booking VALUES (884, 884, 109, '2019-03-21', '2019-03-24');
INSERT INTO public.room_in_booking VALUES (885, 885, 9, '2019-03-08', '2019-03-12');
INSERT INTO public.room_in_booking VALUES (886, 886, 179, '2019-03-23', '2019-03-31');
INSERT INTO public.room_in_booking VALUES (887, 887, 122, '2019-03-04', '2019-03-07');
INSERT INTO public.room_in_booking VALUES (888, 888, 126, '2019-05-17', '2019-05-24');
INSERT INTO public.room_in_booking VALUES (889, 889, 22, '2019-04-25', '2019-04-28');
INSERT INTO public.room_in_booking VALUES (890, 890, 78, '2019-04-08', '2019-04-16');
INSERT INTO public.room_in_booking VALUES (891, 891, 127, '2019-04-15', '2019-04-18');
INSERT INTO public.room_in_booking VALUES (892, 892, 98, '2019-03-09', '2019-03-15');
INSERT INTO public.room_in_booking VALUES (893, 893, 6, '2019-04-11', '2019-04-13');
INSERT INTO public.room_in_booking VALUES (894, 894, 8, '2019-05-10', '2019-05-17');
INSERT INTO public.room_in_booking VALUES (895, 895, 49, '2019-05-30', '2019-06-04');
INSERT INTO public.room_in_booking VALUES (896, 896, 152, '2019-03-02', '2019-03-08');
INSERT INTO public.room_in_booking VALUES (897, 897, 125, '2019-04-22', '2019-05-02');
INSERT INTO public.room_in_booking VALUES (898, 898, 49, '2019-03-30', '2019-04-02');
INSERT INTO public.room_in_booking VALUES (899, 899, 173, '2019-03-02', '2019-03-03');
INSERT INTO public.room_in_booking VALUES (900, 900, 49, '2019-03-01', '2019-03-06');
INSERT INTO public.room_in_booking VALUES (901, 901, 106, '2019-04-01', '2019-04-09');
INSERT INTO public.room_in_booking VALUES (902, 902, 65, '2019-03-23', '2019-03-31');
INSERT INTO public.room_in_booking VALUES (903, 903, 142, '2019-04-16', '2019-04-20');
INSERT INTO public.room_in_booking VALUES (904, 904, 57, '2019-05-29', '2019-06-02');
INSERT INTO public.room_in_booking VALUES (905, 905, 53, '2019-04-19', '2019-04-21');
INSERT INTO public.room_in_booking VALUES (906, 906, 179, '2019-03-20', '2019-03-21');
INSERT INTO public.room_in_booking VALUES (907, 907, 53, '2019-04-02', '2019-04-11');
INSERT INTO public.room_in_booking VALUES (908, 908, 74, '2019-05-31', '2019-06-02');
INSERT INTO public.room_in_booking VALUES (909, 909, 145, '2019-04-30', '2019-05-08');
INSERT INTO public.room_in_booking VALUES (910, 910, 142, '2019-03-09', '2019-03-14');
INSERT INTO public.room_in_booking VALUES (911, 911, 177, '2019-04-25', '2019-05-03');
INSERT INTO public.room_in_booking VALUES (912, 912, 126, '2019-03-10', '2019-03-18');
INSERT INTO public.room_in_booking VALUES (913, 913, 36, '2019-03-04', '2019-03-06');
INSERT INTO public.room_in_booking VALUES (914, 914, 154, '2019-03-17', '2019-03-27');
INSERT INTO public.room_in_booking VALUES (915, 915, 59, '2019-04-27', '2019-05-01');
INSERT INTO public.room_in_booking VALUES (916, 916, 95, '2019-03-26', '2019-04-02');
INSERT INTO public.room_in_booking VALUES (917, 917, 156, '2019-04-09', '2019-04-18');
INSERT INTO public.room_in_booking VALUES (918, 918, 29, '2019-04-26', '2019-05-05');
INSERT INTO public.room_in_booking VALUES (919, 919, 111, '2019-05-22', '2019-06-01');
INSERT INTO public.room_in_booking VALUES (920, 920, 22, '2019-03-24', '2019-03-26');
INSERT INTO public.room_in_booking VALUES (921, 921, 169, '2019-05-09', '2019-05-15');
INSERT INTO public.room_in_booking VALUES (922, 922, 128, '2019-05-02', '2019-05-12');
INSERT INTO public.room_in_booking VALUES (923, 923, 9, '2019-05-06', '2019-05-07');
INSERT INTO public.room_in_booking VALUES (924, 924, 95, '2019-04-05', '2019-04-14');
INSERT INTO public.room_in_booking VALUES (925, 925, 109, '2019-04-06', '2019-04-10');
INSERT INTO public.room_in_booking VALUES (926, 926, 14, '2019-03-08', '2019-03-11');
INSERT INTO public.room_in_booking VALUES (927, 927, 27, '2019-04-25', '2019-05-01');
INSERT INTO public.room_in_booking VALUES (928, 928, 7, '2019-05-10', '2019-05-15');
INSERT INTO public.room_in_booking VALUES (929, 929, 43, '2019-03-04', '2019-03-07');
INSERT INTO public.room_in_booking VALUES (930, 930, 75, '2019-05-28', '2019-06-02');
INSERT INTO public.room_in_booking VALUES (931, 931, 62, '2019-05-02', '2019-05-03');
INSERT INTO public.room_in_booking VALUES (932, 932, 3, '2019-05-31', '2019-06-07');
INSERT INTO public.room_in_booking VALUES (933, 933, 9, '2019-03-15', '2019-03-16');
INSERT INTO public.room_in_booking VALUES (934, 934, 44, '2019-04-23', '2019-05-01');
INSERT INTO public.room_in_booking VALUES (935, 935, 89, '2019-05-02', '2019-05-11');
INSERT INTO public.room_in_booking VALUES (936, 936, 4, '2019-03-25', '2019-03-30');
INSERT INTO public.room_in_booking VALUES (937, 937, 144, '2019-04-08', '2019-04-13');
INSERT INTO public.room_in_booking VALUES (938, 938, 32, '2019-05-05', '2019-05-11');
INSERT INTO public.room_in_booking VALUES (939, 939, 167, '2019-05-15', '2019-05-18');
INSERT INTO public.room_in_booking VALUES (940, 940, 166, '2019-05-07', '2019-05-11');
INSERT INTO public.room_in_booking VALUES (941, 941, 163, '2019-05-02', '2019-05-08');
INSERT INTO public.room_in_booking VALUES (942, 942, 123, '2019-04-13', '2019-04-19');
INSERT INTO public.room_in_booking VALUES (943, 943, 116, '2019-03-26', '2019-03-30');
INSERT INTO public.room_in_booking VALUES (944, 944, 162, '2019-05-02', '2019-05-10');
INSERT INTO public.room_in_booking VALUES (945, 945, 150, '2019-05-06', '2019-05-13');
INSERT INTO public.room_in_booking VALUES (946, 946, 91, '2019-03-25', '2019-04-04');
INSERT INTO public.room_in_booking VALUES (947, 947, 55, '2019-04-30', '2019-05-01');
INSERT INTO public.room_in_booking VALUES (948, 948, 38, '2019-05-06', '2019-05-11');
INSERT INTO public.room_in_booking VALUES (949, 949, 49, '2019-05-05', '2019-05-08');
INSERT INTO public.room_in_booking VALUES (950, 950, 15, '2019-05-31', '2019-06-08');
INSERT INTO public.room_in_booking VALUES (951, 951, 100, '2019-03-14', '2019-03-19');
INSERT INTO public.room_in_booking VALUES (952, 952, 22, '2019-05-20', '2019-05-25');
INSERT INTO public.room_in_booking VALUES (953, 953, 39, '2019-03-09', '2019-03-10');
INSERT INTO public.room_in_booking VALUES (954, 954, 178, '2019-05-01', '2019-05-10');
INSERT INTO public.room_in_booking VALUES (955, 955, 167, '2019-03-05', '2019-03-09');
INSERT INTO public.room_in_booking VALUES (956, 956, 43, '2019-05-15', '2019-05-16');
INSERT INTO public.room_in_booking VALUES (957, 957, 144, '2019-03-24', '2019-03-29');
INSERT INTO public.room_in_booking VALUES (958, 958, 23, '2019-04-19', '2019-04-29');
INSERT INTO public.room_in_booking VALUES (959, 959, 43, '2019-03-24', '2019-03-25');
INSERT INTO public.room_in_booking VALUES (960, 960, 46, '2019-04-30', '2019-05-02');
INSERT INTO public.room_in_booking VALUES (961, 961, 165, '2019-04-27', '2019-05-01');
INSERT INTO public.room_in_booking VALUES (962, 962, 58, '2019-03-28', '2019-04-07');
INSERT INTO public.room_in_booking VALUES (963, 963, 85, '2019-03-24', '2019-03-26');
INSERT INTO public.room_in_booking VALUES (964, 964, 23, '2019-04-16', '2019-04-20');
INSERT INTO public.room_in_booking VALUES (965, 965, 34, '2019-05-04', '2019-05-10');
INSERT INTO public.room_in_booking VALUES (966, 966, 167, '2019-05-27', '2019-06-03');
INSERT INTO public.room_in_booking VALUES (967, 967, 130, '2019-04-12', '2019-04-13');
INSERT INTO public.room_in_booking VALUES (968, 968, 58, '2019-05-19', '2019-05-22');
INSERT INTO public.room_in_booking VALUES (969, 969, 85, '2019-04-06', '2019-04-13');
INSERT INTO public.room_in_booking VALUES (970, 970, 139, '2019-04-17', '2019-04-22');
INSERT INTO public.room_in_booking VALUES (971, 971, 13, '2019-05-03', '2019-05-06');
INSERT INTO public.room_in_booking VALUES (972, 972, 17, '2019-05-27', '2019-05-29');
INSERT INTO public.room_in_booking VALUES (973, 973, 97, '2019-05-26', '2019-06-03');
INSERT INTO public.room_in_booking VALUES (974, 974, 88, '2019-04-20', '2019-04-26');
INSERT INTO public.room_in_booking VALUES (975, 975, 130, '2019-04-07', '2019-04-15');
INSERT INTO public.room_in_booking VALUES (976, 976, 162, '2019-05-09', '2019-05-16');
INSERT INTO public.room_in_booking VALUES (977, 977, 26, '2019-04-10', '2019-04-20');
INSERT INTO public.room_in_booking VALUES (978, 978, 167, '2019-03-24', '2019-03-30');
INSERT INTO public.room_in_booking VALUES (979, 979, 6, '2019-03-31', '2019-04-06');
INSERT INTO public.room_in_booking VALUES (980, 980, 11, '2019-04-19', '2019-04-22');
INSERT INTO public.room_in_booking VALUES (981, 981, 42, '2019-04-25', '2019-05-01');
INSERT INTO public.room_in_booking VALUES (982, 982, 121, '2019-04-01', '2019-04-09');
INSERT INTO public.room_in_booking VALUES (983, 983, 56, '2019-04-18', '2019-04-20');
INSERT INTO public.room_in_booking VALUES (984, 984, 102, '2019-05-11', '2019-05-18');
INSERT INTO public.room_in_booking VALUES (985, 985, 175, '2019-03-14', '2019-03-21');
INSERT INTO public.room_in_booking VALUES (986, 986, 93, '2019-05-13', '2019-05-19');
INSERT INTO public.room_in_booking VALUES (987, 987, 122, '2019-05-10', '2019-05-15');
INSERT INTO public.room_in_booking VALUES (988, 988, 95, '2019-04-19', '2019-04-21');
INSERT INTO public.room_in_booking VALUES (989, 989, 165, '2019-03-16', '2019-03-19');
INSERT INTO public.room_in_booking VALUES (990, 990, 49, '2019-04-14', '2019-04-18');
INSERT INTO public.room_in_booking VALUES (991, 991, 91, '2019-05-19', '2019-05-22');
INSERT INTO public.room_in_booking VALUES (992, 992, 78, '2019-05-14', '2019-05-17');
INSERT INTO public.room_in_booking VALUES (993, 993, 78, '2019-05-12', '2019-05-18');
INSERT INTO public.room_in_booking VALUES (994, 994, 109, '2019-04-15', '2019-04-25');
INSERT INTO public.room_in_booking VALUES (995, 995, 181, '2019-05-30', '2019-06-07');
INSERT INTO public.room_in_booking VALUES (996, 996, 91, '2019-03-03', '2019-03-12');
INSERT INTO public.room_in_booking VALUES (997, 997, 38, '2019-04-16', '2019-04-17');
INSERT INTO public.room_in_booking VALUES (998, 998, 18, '2019-03-05', '2019-03-15');
INSERT INTO public.room_in_booking VALUES (999, 999, 17, '2019-03-10', '2019-03-18');
INSERT INTO public.room_in_booking VALUES (1000, 1000, 9, '2019-05-20', '2019-05-25');
INSERT INTO public.room_in_booking VALUES (1001, 1001, 38, '2019-03-03', '2019-03-08');
INSERT INTO public.room_in_booking VALUES (1002, 1002, 55, '2019-03-11', '2019-03-12');
INSERT INTO public.room_in_booking VALUES (1003, 1003, 51, '2019-04-13', '2019-04-21');
INSERT INTO public.room_in_booking VALUES (1004, 1004, 30, '2019-05-29', '2019-06-03');
INSERT INTO public.room_in_booking VALUES (1005, 1005, 12, '2019-04-07', '2019-04-14');
INSERT INTO public.room_in_booking VALUES (1006, 1006, 10, '2019-05-17', '2019-05-27');
INSERT INTO public.room_in_booking VALUES (1007, 1007, 111, '2019-05-16', '2019-05-23');
INSERT INTO public.room_in_booking VALUES (1008, 1008, 20, '2019-04-17', '2019-04-26');
INSERT INTO public.room_in_booking VALUES (1009, 1009, 131, '2019-05-20', '2019-05-23');
INSERT INTO public.room_in_booking VALUES (1010, 1010, 136, '2019-04-01', '2019-04-04');
INSERT INTO public.room_in_booking VALUES (1011, 1011, 87, '2019-04-30', '2019-05-04');
INSERT INTO public.room_in_booking VALUES (1012, 1012, 56, '2019-03-04', '2019-03-13');
INSERT INTO public.room_in_booking VALUES (1013, 1013, 15, '2019-05-05', '2019-05-15');
INSERT INTO public.room_in_booking VALUES (1014, 1014, 25, '2019-04-17', '2019-04-25');
INSERT INTO public.room_in_booking VALUES (1015, 1015, 9, '2019-04-13', '2019-04-20');
INSERT INTO public.room_in_booking VALUES (1016, 1016, 45, '2019-05-18', '2019-05-26');
INSERT INTO public.room_in_booking VALUES (1017, 1017, 168, '2019-03-05', '2019-03-13');
INSERT INTO public.room_in_booking VALUES (1018, 1018, 23, '2019-05-06', '2019-05-14');
INSERT INTO public.room_in_booking VALUES (1019, 1019, 80, '2019-03-05', '2019-03-12');
INSERT INTO public.room_in_booking VALUES (1020, 1020, 49, '2019-05-25', '2019-05-27');
INSERT INTO public.room_in_booking VALUES (1021, 1021, 165, '2019-04-18', '2019-04-25');
INSERT INTO public.room_in_booking VALUES (1022, 1022, 63, '2019-04-10', '2019-04-19');
INSERT INTO public.room_in_booking VALUES (1023, 1023, 67, '2019-03-22', '2019-03-24');
INSERT INTO public.room_in_booking VALUES (1024, 1024, 70, '2019-05-13', '2019-05-14');
INSERT INTO public.room_in_booking VALUES (1025, 1025, 10, '2019-03-27', '2019-04-06');
INSERT INTO public.room_in_booking VALUES (1026, 1026, 38, '2019-04-14', '2019-04-15');
INSERT INTO public.room_in_booking VALUES (1027, 1027, 31, '2019-03-06', '2019-03-12');
INSERT INTO public.room_in_booking VALUES (1028, 1028, 78, '2019-04-02', '2019-04-07');
INSERT INTO public.room_in_booking VALUES (1029, 1029, 14, '2019-03-14', '2019-03-18');
INSERT INTO public.room_in_booking VALUES (1030, 1030, 114, '2019-05-20', '2019-05-23');
INSERT INTO public.room_in_booking VALUES (1031, 1031, 131, '2019-04-30', '2019-05-06');
INSERT INTO public.room_in_booking VALUES (1032, 1032, 174, '2019-03-22', '2019-03-25');
INSERT INTO public.room_in_booking VALUES (1033, 1033, 180, '2019-03-10', '2019-03-19');
INSERT INTO public.room_in_booking VALUES (1034, 1034, 28, '2019-03-28', '2019-04-02');
INSERT INTO public.room_in_booking VALUES (1035, 1035, 70, '2019-03-27', '2019-04-01');
INSERT INTO public.room_in_booking VALUES (1036, 1036, 60, '2019-04-09', '2019-04-14');
INSERT INTO public.room_in_booking VALUES (1037, 1037, 78, '2019-03-19', '2019-03-28');
INSERT INTO public.room_in_booking VALUES (1038, 1038, 151, '2019-03-10', '2019-03-11');
INSERT INTO public.room_in_booking VALUES (1039, 1039, 168, '2019-04-21', '2019-04-25');
INSERT INTO public.room_in_booking VALUES (1040, 1040, 178, '2019-04-13', '2019-04-16');
INSERT INTO public.room_in_booking VALUES (1041, 1041, 139, '2019-03-21', '2019-03-24');
INSERT INTO public.room_in_booking VALUES (1042, 1042, 168, '2019-05-22', '2019-05-30');
INSERT INTO public.room_in_booking VALUES (1043, 1043, 47, '2019-04-27', '2019-04-28');
INSERT INTO public.room_in_booking VALUES (1044, 1044, 3, '2019-03-11', '2019-03-14');
INSERT INTO public.room_in_booking VALUES (1045, 1045, 137, '2019-03-08', '2019-03-15');
INSERT INTO public.room_in_booking VALUES (1046, 1046, 180, '2019-05-29', '2019-06-03');
INSERT INTO public.room_in_booking VALUES (1047, 1047, 42, '2019-05-28', '2019-06-03');
INSERT INTO public.room_in_booking VALUES (1048, 1048, 54, '2019-04-13', '2019-04-14');
INSERT INTO public.room_in_booking VALUES (1049, 1049, 82, '2019-04-04', '2019-04-08');
INSERT INTO public.room_in_booking VALUES (1050, 1050, 92, '2019-05-05', '2019-05-06');
INSERT INTO public.room_in_booking VALUES (1051, 1051, 168, '2019-03-13', '2019-03-17');
INSERT INTO public.room_in_booking VALUES (1052, 1052, 73, '2019-05-20', '2019-05-21');
INSERT INTO public.room_in_booking VALUES (1053, 1053, 73, '2019-04-29', '2019-05-05');
INSERT INTO public.room_in_booking VALUES (1054, 1054, 72, '2019-03-08', '2019-03-11');
INSERT INTO public.room_in_booking VALUES (1055, 1055, 132, '2019-05-07', '2019-05-13');
INSERT INTO public.room_in_booking VALUES (1056, 1056, 52, '2019-03-18', '2019-03-25');
INSERT INTO public.room_in_booking VALUES (1057, 1057, 123, '2019-04-28', '2019-05-08');
INSERT INTO public.room_in_booking VALUES (1058, 1058, 31, '2019-04-15', '2019-04-20');
INSERT INTO public.room_in_booking VALUES (1059, 1059, 136, '2019-03-18', '2019-03-27');
INSERT INTO public.room_in_booking VALUES (1060, 1060, 107, '2019-05-01', '2019-05-06');
INSERT INTO public.room_in_booking VALUES (1061, 1061, 121, '2019-03-06', '2019-03-09');
INSERT INTO public.room_in_booking VALUES (1062, 1062, 105, '2019-04-10', '2019-04-13');
INSERT INTO public.room_in_booking VALUES (1063, 1063, 59, '2019-04-22', '2019-04-27');
INSERT INTO public.room_in_booking VALUES (1064, 1064, 10, '2019-03-12', '2019-03-20');
INSERT INTO public.room_in_booking VALUES (1065, 1065, 140, '2019-04-07', '2019-04-17');
INSERT INTO public.room_in_booking VALUES (1066, 1066, 1, '2019-03-22', '2019-04-01');
INSERT INTO public.room_in_booking VALUES (1067, 1067, 128, '2019-03-29', '2019-04-08');
INSERT INTO public.room_in_booking VALUES (1068, 1068, 35, '2019-04-29', '2019-05-04');
INSERT INTO public.room_in_booking VALUES (1069, 1069, 26, '2019-04-20', '2019-04-26');
INSERT INTO public.room_in_booking VALUES (1070, 1070, 139, '2019-03-31', '2019-04-07');
INSERT INTO public.room_in_booking VALUES (1071, 1071, 122, '2019-05-16', '2019-05-21');
INSERT INTO public.room_in_booking VALUES (1072, 1072, 78, '2019-03-18', '2019-03-19');
INSERT INTO public.room_in_booking VALUES (1073, 1073, 34, '2019-04-17', '2019-04-26');
INSERT INTO public.room_in_booking VALUES (1074, 1074, 116, '2019-03-15', '2019-03-16');
INSERT INTO public.room_in_booking VALUES (1075, 1075, 160, '2019-03-19', '2019-03-26');
INSERT INTO public.room_in_booking VALUES (1076, 1076, 4, '2019-03-08', '2019-03-14');
INSERT INTO public.room_in_booking VALUES (1077, 1077, 121, '2019-03-16', '2019-03-26');
INSERT INTO public.room_in_booking VALUES (1078, 1078, 125, '2019-05-01', '2019-05-11');
INSERT INTO public.room_in_booking VALUES (1079, 1079, 149, '2019-04-17', '2019-04-23');
INSERT INTO public.room_in_booking VALUES (1080, 1080, 111, '2019-03-16', '2019-03-25');
INSERT INTO public.room_in_booking VALUES (1081, 1081, 73, '2019-03-06', '2019-03-13');
INSERT INTO public.room_in_booking VALUES (1082, 1082, 85, '2019-04-10', '2019-04-12');
INSERT INTO public.room_in_booking VALUES (1083, 1083, 32, '2019-03-17', '2019-03-19');
INSERT INTO public.room_in_booking VALUES (1084, 1084, 137, '2019-05-03', '2019-05-04');
INSERT INTO public.room_in_booking VALUES (1085, 1085, 32, '2019-03-14', '2019-03-19');
INSERT INTO public.room_in_booking VALUES (1086, 1086, 77, '2019-05-12', '2019-05-20');
INSERT INTO public.room_in_booking VALUES (1087, 1087, 129, '2019-03-17', '2019-03-24');
INSERT INTO public.room_in_booking VALUES (1088, 1088, 174, '2019-05-21', '2019-05-22');
INSERT INTO public.room_in_booking VALUES (1089, 1089, 40, '2019-03-15', '2019-03-25');
INSERT INTO public.room_in_booking VALUES (1090, 1090, 110, '2019-04-30', '2019-05-06');
INSERT INTO public.room_in_booking VALUES (1091, 1091, 23, '2019-04-28', '2019-04-29');
INSERT INTO public.room_in_booking VALUES (1092, 1092, 57, '2019-03-08', '2019-03-15');
INSERT INTO public.room_in_booking VALUES (1093, 1093, 8, '2019-05-03', '2019-05-07');
INSERT INTO public.room_in_booking VALUES (1094, 1094, 71, '2019-03-15', '2019-03-18');
INSERT INTO public.room_in_booking VALUES (1095, 1095, 95, '2019-04-17', '2019-04-19');
INSERT INTO public.room_in_booking VALUES (1096, 1096, 140, '2019-04-06', '2019-04-11');
INSERT INTO public.room_in_booking VALUES (1097, 1097, 110, '2019-05-31', '2019-06-08');
INSERT INTO public.room_in_booking VALUES (1098, 1098, 10, '2019-05-18', '2019-05-25');
INSERT INTO public.room_in_booking VALUES (1099, 1099, 52, '2019-03-13', '2019-03-15');
INSERT INTO public.room_in_booking VALUES (1100, 1100, 49, '2019-03-17', '2019-03-26');
INSERT INTO public.room_in_booking VALUES (1101, 1101, 54, '2019-04-30', '2019-05-04');
INSERT INTO public.room_in_booking VALUES (1102, 1102, 81, '2019-04-04', '2019-04-11');
INSERT INTO public.room_in_booking VALUES (1103, 1103, 35, '2019-05-20', '2019-05-30');
INSERT INTO public.room_in_booking VALUES (1104, 1104, 165, '2019-03-23', '2019-03-29');
INSERT INTO public.room_in_booking VALUES (1105, 1105, 42, '2019-04-04', '2019-04-10');
INSERT INTO public.room_in_booking VALUES (1106, 1106, 72, '2019-04-04', '2019-04-11');
INSERT INTO public.room_in_booking VALUES (1107, 1107, 71, '2019-03-16', '2019-03-21');
INSERT INTO public.room_in_booking VALUES (1108, 1108, 21, '2019-03-19', '2019-03-26');
INSERT INTO public.room_in_booking VALUES (1109, 1109, 113, '2019-04-20', '2019-04-26');
INSERT INTO public.room_in_booking VALUES (1110, 1110, 19, '2019-04-18', '2019-04-27');
INSERT INTO public.room_in_booking VALUES (1111, 1111, 77, '2019-03-31', '2019-04-10');
INSERT INTO public.room_in_booking VALUES (1112, 1112, 156, '2019-05-21', '2019-05-27');
INSERT INTO public.room_in_booking VALUES (1113, 1113, 168, '2019-03-23', '2019-03-29');
INSERT INTO public.room_in_booking VALUES (1114, 1114, 111, '2019-04-21', '2019-04-27');
INSERT INTO public.room_in_booking VALUES (1115, 1115, 124, '2019-04-27', '2019-05-02');
INSERT INTO public.room_in_booking VALUES (1116, 1116, 6, '2019-03-04', '2019-03-07');
INSERT INTO public.room_in_booking VALUES (1117, 1117, 128, '2019-04-04', '2019-04-05');
INSERT INTO public.room_in_booking VALUES (1118, 1118, 142, '2019-05-30', '2019-06-04');
INSERT INTO public.room_in_booking VALUES (1119, 1119, 15, '2019-05-13', '2019-05-20');
INSERT INTO public.room_in_booking VALUES (1120, 1120, 37, '2019-04-08', '2019-04-09');
INSERT INTO public.room_in_booking VALUES (1121, 1121, 116, '2019-05-18', '2019-05-23');
INSERT INTO public.room_in_booking VALUES (1122, 1122, 136, '2019-05-17', '2019-05-23');
INSERT INTO public.room_in_booking VALUES (1123, 1123, 71, '2019-04-11', '2019-04-15');
INSERT INTO public.room_in_booking VALUES (1124, 1124, 128, '2019-03-24', '2019-03-29');
INSERT INTO public.room_in_booking VALUES (1125, 1125, 32, '2019-03-29', '2019-04-02');
INSERT INTO public.room_in_booking VALUES (1126, 1126, 76, '2019-04-16', '2019-04-23');
INSERT INTO public.room_in_booking VALUES (1127, 1127, 49, '2019-03-18', '2019-03-20');
INSERT INTO public.room_in_booking VALUES (1128, 1128, 179, '2019-03-25', '2019-03-31');
INSERT INTO public.room_in_booking VALUES (1129, 1129, 19, '2019-03-15', '2019-03-24');
INSERT INTO public.room_in_booking VALUES (1130, 1130, 66, '2019-05-25', '2019-05-26');
INSERT INTO public.room_in_booking VALUES (1131, 1131, 30, '2019-05-05', '2019-05-08');
INSERT INTO public.room_in_booking VALUES (1132, 1132, 154, '2019-05-19', '2019-05-29');
INSERT INTO public.room_in_booking VALUES (1133, 1133, 100, '2019-03-02', '2019-03-09');
INSERT INTO public.room_in_booking VALUES (1134, 1134, 168, '2019-03-06', '2019-03-12');
INSERT INTO public.room_in_booking VALUES (1135, 1135, 70, '2019-04-01', '2019-04-03');
INSERT INTO public.room_in_booking VALUES (1136, 1136, 84, '2019-03-18', '2019-03-23');
INSERT INTO public.room_in_booking VALUES (1137, 1137, 53, '2019-05-20', '2019-05-29');
INSERT INTO public.room_in_booking VALUES (1138, 1138, 156, '2019-04-16', '2019-04-22');
INSERT INTO public.room_in_booking VALUES (1139, 1139, 130, '2019-04-02', '2019-04-05');
INSERT INTO public.room_in_booking VALUES (1140, 1140, 139, '2019-03-16', '2019-03-23');
INSERT INTO public.room_in_booking VALUES (1141, 1141, 57, '2019-03-05', '2019-03-08');
INSERT INTO public.room_in_booking VALUES (1142, 1142, 114, '2019-05-22', '2019-05-23');
INSERT INTO public.room_in_booking VALUES (1143, 1143, 21, '2019-04-20', '2019-04-26');
INSERT INTO public.room_in_booking VALUES (1144, 1144, 85, '2019-04-16', '2019-04-19');
INSERT INTO public.room_in_booking VALUES (1145, 1145, 18, '2019-03-15', '2019-03-17');
INSERT INTO public.room_in_booking VALUES (1146, 1146, 146, '2019-04-10', '2019-04-11');
INSERT INTO public.room_in_booking VALUES (1147, 1147, 49, '2019-05-14', '2019-05-15');
INSERT INTO public.room_in_booking VALUES (1148, 1148, 100, '2019-05-21', '2019-05-23');
INSERT INTO public.room_in_booking VALUES (1149, 1149, 96, '2019-05-15', '2019-05-20');
INSERT INTO public.room_in_booking VALUES (1150, 1150, 27, '2019-05-21', '2019-05-23');
INSERT INTO public.room_in_booking VALUES (1151, 1151, 96, '2019-05-16', '2019-05-23');
INSERT INTO public.room_in_booking VALUES (1152, 1152, 86, '2019-03-14', '2019-03-16');
INSERT INTO public.room_in_booking VALUES (1153, 1153, 76, '2019-04-08', '2019-04-12');
INSERT INTO public.room_in_booking VALUES (1154, 1154, 156, '2019-03-02', '2019-03-06');
INSERT INTO public.room_in_booking VALUES (1155, 1155, 151, '2019-03-21', '2019-03-22');
INSERT INTO public.room_in_booking VALUES (1156, 1156, 175, '2019-04-17', '2019-04-25');
INSERT INTO public.room_in_booking VALUES (1157, 1157, 134, '2019-03-05', '2019-03-12');
INSERT INTO public.room_in_booking VALUES (1158, 1158, 55, '2019-04-05', '2019-04-07');
INSERT INTO public.room_in_booking VALUES (1159, 1159, 33, '2019-05-03', '2019-05-06');
INSERT INTO public.room_in_booking VALUES (1160, 1160, 33, '2019-03-04', '2019-03-14');
INSERT INTO public.room_in_booking VALUES (1161, 1161, 56, '2019-03-25', '2019-03-28');
INSERT INTO public.room_in_booking VALUES (1162, 1162, 15, '2019-03-03', '2019-03-06');
INSERT INTO public.room_in_booking VALUES (1163, 1163, 63, '2019-04-06', '2019-04-16');
INSERT INTO public.room_in_booking VALUES (1164, 1164, 53, '2019-04-30', '2019-05-02');
INSERT INTO public.room_in_booking VALUES (1165, 1165, 41, '2019-04-09', '2019-04-14');
INSERT INTO public.room_in_booking VALUES (1166, 1166, 128, '2019-05-13', '2019-05-18');
INSERT INTO public.room_in_booking VALUES (1167, 1167, 38, '2019-05-10', '2019-05-13');
INSERT INTO public.room_in_booking VALUES (1168, 1168, 72, '2019-04-08', '2019-04-17');
INSERT INTO public.room_in_booking VALUES (1169, 1169, 109, '2019-04-12', '2019-04-19');
INSERT INTO public.room_in_booking VALUES (1170, 1170, 174, '2019-05-18', '2019-05-23');
INSERT INTO public.room_in_booking VALUES (1171, 1171, 16, '2019-04-26', '2019-04-27');
INSERT INTO public.room_in_booking VALUES (1172, 1172, 43, '2019-05-19', '2019-05-28');
INSERT INTO public.room_in_booking VALUES (1173, 1173, 99, '2019-05-05', '2019-05-06');
INSERT INTO public.room_in_booking VALUES (1174, 1174, 11, '2019-04-21', '2019-04-26');
INSERT INTO public.room_in_booking VALUES (1175, 1175, 17, '2019-03-06', '2019-03-14');
INSERT INTO public.room_in_booking VALUES (1176, 1176, 128, '2019-04-07', '2019-04-13');
INSERT INTO public.room_in_booking VALUES (1177, 1177, 10, '2019-05-28', '2019-05-31');
INSERT INTO public.room_in_booking VALUES (1178, 1178, 70, '2019-05-05', '2019-05-09');
INSERT INTO public.room_in_booking VALUES (1179, 1179, 116, '2019-05-05', '2019-05-13');
INSERT INTO public.room_in_booking VALUES (1180, 1180, 49, '2019-03-02', '2019-03-11');
INSERT INTO public.room_in_booking VALUES (1181, 1181, 45, '2019-05-17', '2019-05-26');
INSERT INTO public.room_in_booking VALUES (1182, 1182, 90, '2019-05-23', '2019-05-30');
INSERT INTO public.room_in_booking VALUES (1183, 1183, 107, '2019-05-15', '2019-05-19');
INSERT INTO public.room_in_booking VALUES (1184, 1184, 86, '2019-03-13', '2019-03-23');
INSERT INTO public.room_in_booking VALUES (1185, 1185, 44, '2019-03-24', '2019-04-01');
INSERT INTO public.room_in_booking VALUES (1186, 1186, 145, '2019-05-02', '2019-05-04');
INSERT INTO public.room_in_booking VALUES (1187, 1187, 47, '2019-05-14', '2019-05-15');
INSERT INTO public.room_in_booking VALUES (1188, 1188, 170, '2019-03-07', '2019-03-14');
INSERT INTO public.room_in_booking VALUES (1189, 1189, 174, '2019-05-02', '2019-05-04');
INSERT INTO public.room_in_booking VALUES (1190, 1190, 176, '2019-04-21', '2019-04-29');
INSERT INTO public.room_in_booking VALUES (1191, 1191, 171, '2019-04-29', '2019-05-01');
INSERT INTO public.room_in_booking VALUES (1192, 1192, 178, '2019-04-03', '2019-04-13');
INSERT INTO public.room_in_booking VALUES (1193, 1193, 94, '2019-04-04', '2019-04-10');
INSERT INTO public.room_in_booking VALUES (1194, 1194, 161, '2019-04-25', '2019-05-03');
INSERT INTO public.room_in_booking VALUES (1195, 1195, 178, '2019-04-25', '2019-05-03');
INSERT INTO public.room_in_booking VALUES (1196, 1196, 3, '2019-03-04', '2019-03-14');
INSERT INTO public.room_in_booking VALUES (1197, 1197, 84, '2019-05-18', '2019-05-20');
INSERT INTO public.room_in_booking VALUES (1198, 1198, 163, '2019-04-13', '2019-04-20');
INSERT INTO public.room_in_booking VALUES (1199, 1199, 24, '2019-03-23', '2019-03-28');
INSERT INTO public.room_in_booking VALUES (1200, 1200, 60, '2019-05-21', '2019-05-28');
INSERT INTO public.room_in_booking VALUES (1201, 1201, 59, '2019-05-09', '2019-05-13');
INSERT INTO public.room_in_booking VALUES (1202, 1202, 134, '2019-03-19', '2019-03-25');
INSERT INTO public.room_in_booking VALUES (1203, 1203, 156, '2019-04-14', '2019-04-15');
INSERT INTO public.room_in_booking VALUES (1204, 1204, 85, '2019-03-25', '2019-04-04');
INSERT INTO public.room_in_booking VALUES (1205, 1205, 15, '2019-04-04', '2019-04-06');
INSERT INTO public.room_in_booking VALUES (1206, 1206, 18, '2019-05-25', '2019-05-28');
INSERT INTO public.room_in_booking VALUES (1207, 1207, 63, '2019-05-13', '2019-05-17');
INSERT INTO public.room_in_booking VALUES (1208, 1208, 14, '2019-03-30', '2019-04-05');
INSERT INTO public.room_in_booking VALUES (1209, 1209, 41, '2019-04-30', '2019-05-04');
INSERT INTO public.room_in_booking VALUES (1210, 1210, 71, '2019-04-25', '2019-05-03');
INSERT INTO public.room_in_booking VALUES (1211, 1211, 21, '2019-03-05', '2019-03-08');
INSERT INTO public.room_in_booking VALUES (1212, 1212, 15, '2019-05-30', '2019-06-04');
INSERT INTO public.room_in_booking VALUES (1213, 1213, 143, '2019-05-16', '2019-05-26');
INSERT INTO public.room_in_booking VALUES (1214, 1214, 87, '2019-05-08', '2019-05-12');
INSERT INTO public.room_in_booking VALUES (1215, 1215, 38, '2019-03-14', '2019-03-21');
INSERT INTO public.room_in_booking VALUES (1216, 1216, 127, '2019-05-06', '2019-05-11');
INSERT INTO public.room_in_booking VALUES (1217, 1217, 38, '2019-04-02', '2019-04-08');
INSERT INTO public.room_in_booking VALUES (1218, 1218, 87, '2019-05-09', '2019-05-15');
INSERT INTO public.room_in_booking VALUES (1219, 1219, 177, '2019-04-21', '2019-04-28');
INSERT INTO public.room_in_booking VALUES (1220, 1220, 54, '2019-04-20', '2019-04-25');
INSERT INTO public.room_in_booking VALUES (1221, 1221, 13, '2019-05-11', '2019-05-17');
INSERT INTO public.room_in_booking VALUES (1222, 1222, 18, '2019-04-22', '2019-04-24');
INSERT INTO public.room_in_booking VALUES (1223, 1223, 135, '2019-04-24', '2019-04-25');
INSERT INTO public.room_in_booking VALUES (1224, 1224, 125, '2019-04-18', '2019-04-22');
INSERT INTO public.room_in_booking VALUES (1225, 1225, 21, '2019-05-25', '2019-06-03');
INSERT INTO public.room_in_booking VALUES (1226, 1226, 145, '2019-03-10', '2019-03-17');
INSERT INTO public.room_in_booking VALUES (1227, 1227, 4, '2019-04-27', '2019-05-01');
INSERT INTO public.room_in_booking VALUES (1228, 1228, 103, '2019-04-07', '2019-04-16');
INSERT INTO public.room_in_booking VALUES (1229, 1229, 135, '2019-03-08', '2019-03-09');
INSERT INTO public.room_in_booking VALUES (1230, 1230, 145, '2019-03-22', '2019-03-29');
INSERT INTO public.room_in_booking VALUES (1231, 1231, 159, '2019-03-01', '2019-03-10');
INSERT INTO public.room_in_booking VALUES (1232, 1232, 140, '2019-03-15', '2019-03-23');
INSERT INTO public.room_in_booking VALUES (1233, 1233, 118, '2019-03-08', '2019-03-10');
INSERT INTO public.room_in_booking VALUES (1234, 1234, 70, '2019-03-16', '2019-03-22');
INSERT INTO public.room_in_booking VALUES (1235, 1235, 11, '2019-03-16', '2019-03-19');
INSERT INTO public.room_in_booking VALUES (1236, 1236, 160, '2019-03-09', '2019-03-12');
INSERT INTO public.room_in_booking VALUES (1237, 1237, 98, '2019-03-18', '2019-03-25');
INSERT INTO public.room_in_booking VALUES (1238, 1238, 102, '2019-05-18', '2019-05-20');
INSERT INTO public.room_in_booking VALUES (1239, 1239, 27, '2019-04-10', '2019-04-13');
INSERT INTO public.room_in_booking VALUES (1240, 1240, 133, '2019-04-07', '2019-04-17');
INSERT INTO public.room_in_booking VALUES (1241, 1241, 70, '2019-04-11', '2019-04-20');
INSERT INTO public.room_in_booking VALUES (1242, 1242, 45, '2019-05-15', '2019-05-24');
INSERT INTO public.room_in_booking VALUES (1243, 1243, 141, '2019-04-25', '2019-04-28');
INSERT INTO public.room_in_booking VALUES (1244, 1244, 4, '2019-05-12', '2019-05-13');
INSERT INTO public.room_in_booking VALUES (1245, 1245, 74, '2019-05-17', '2019-05-24');
INSERT INTO public.room_in_booking VALUES (1246, 1246, 79, '2019-04-22', '2019-04-25');
INSERT INTO public.room_in_booking VALUES (1247, 1247, 154, '2019-03-11', '2019-03-19');
INSERT INTO public.room_in_booking VALUES (1248, 1248, 113, '2019-05-03', '2019-05-09');
INSERT INTO public.room_in_booking VALUES (1249, 1249, 28, '2019-04-30', '2019-05-07');
INSERT INTO public.room_in_booking VALUES (1250, 1250, 75, '2019-03-16', '2019-03-25');
INSERT INTO public.room_in_booking VALUES (1251, 1251, 74, '2019-03-05', '2019-03-10');
INSERT INTO public.room_in_booking VALUES (1252, 1252, 80, '2019-04-17', '2019-04-23');
INSERT INTO public.room_in_booking VALUES (1253, 1253, 95, '2019-05-25', '2019-06-04');
INSERT INTO public.room_in_booking VALUES (1254, 1254, 13, '2019-04-05', '2019-04-07');
INSERT INTO public.room_in_booking VALUES (1255, 1255, 132, '2019-03-20', '2019-03-23');
INSERT INTO public.room_in_booking VALUES (1256, 1256, 68, '2019-04-18', '2019-04-25');
INSERT INTO public.room_in_booking VALUES (1257, 1257, 65, '2019-05-20', '2019-05-25');
INSERT INTO public.room_in_booking VALUES (1258, 1258, 78, '2019-03-16', '2019-03-24');
INSERT INTO public.room_in_booking VALUES (1259, 1259, 141, '2019-03-09', '2019-03-11');
INSERT INTO public.room_in_booking VALUES (1260, 1260, 73, '2019-05-04', '2019-05-05');
INSERT INTO public.room_in_booking VALUES (1261, 1261, 119, '2019-04-01', '2019-04-07');
INSERT INTO public.room_in_booking VALUES (1262, 1262, 122, '2019-05-19', '2019-05-24');
INSERT INTO public.room_in_booking VALUES (1263, 1263, 63, '2019-03-03', '2019-03-13');
INSERT INTO public.room_in_booking VALUES (1264, 1264, 4, '2019-03-10', '2019-03-14');
INSERT INTO public.room_in_booking VALUES (1265, 1265, 33, '2019-05-31', '2019-06-09');
INSERT INTO public.room_in_booking VALUES (1266, 1266, 149, '2019-04-20', '2019-04-27');
INSERT INTO public.room_in_booking VALUES (1267, 1267, 174, '2019-03-04', '2019-03-07');
INSERT INTO public.room_in_booking VALUES (1268, 1268, 1, '2019-04-07', '2019-04-08');
INSERT INTO public.room_in_booking VALUES (1269, 1269, 113, '2019-04-04', '2019-04-14');
INSERT INTO public.room_in_booking VALUES (1270, 1270, 26, '2019-05-10', '2019-05-14');
INSERT INTO public.room_in_booking VALUES (1271, 1271, 110, '2019-05-17', '2019-05-23');
INSERT INTO public.room_in_booking VALUES (1272, 1272, 74, '2019-03-27', '2019-04-01');
INSERT INTO public.room_in_booking VALUES (1273, 1273, 47, '2019-03-12', '2019-03-22');
INSERT INTO public.room_in_booking VALUES (1274, 1274, 23, '2019-05-13', '2019-05-14');
INSERT INTO public.room_in_booking VALUES (1275, 1275, 112, '2019-04-06', '2019-04-13');
INSERT INTO public.room_in_booking VALUES (1276, 1276, 2, '2019-04-14', '2019-04-24');
INSERT INTO public.room_in_booking VALUES (1277, 1277, 154, '2019-03-05', '2019-03-12');
INSERT INTO public.room_in_booking VALUES (1278, 1278, 16, '2019-04-03', '2019-04-08');
INSERT INTO public.room_in_booking VALUES (1279, 1279, 181, '2019-03-21', '2019-03-25');
INSERT INTO public.room_in_booking VALUES (1280, 1280, 40, '2019-03-02', '2019-03-04');
INSERT INTO public.room_in_booking VALUES (1281, 1281, 128, '2019-03-22', '2019-03-24');
INSERT INTO public.room_in_booking VALUES (1282, 1282, 133, '2019-04-25', '2019-05-02');
INSERT INTO public.room_in_booking VALUES (1283, 1283, 68, '2019-04-21', '2019-04-24');
INSERT INTO public.room_in_booking VALUES (1284, 1284, 109, '2019-03-30', '2019-03-31');
INSERT INTO public.room_in_booking VALUES (1285, 1285, 85, '2019-03-17', '2019-03-19');
INSERT INTO public.room_in_booking VALUES (1286, 1286, 144, '2019-03-29', '2019-04-02');
INSERT INTO public.room_in_booking VALUES (1287, 1287, 74, '2019-05-28', '2019-06-05');
INSERT INTO public.room_in_booking VALUES (1288, 1288, 155, '2019-04-19', '2019-04-23');
INSERT INTO public.room_in_booking VALUES (1289, 1289, 81, '2019-04-18', '2019-04-22');
INSERT INTO public.room_in_booking VALUES (1290, 1290, 133, '2019-05-19', '2019-05-22');
INSERT INTO public.room_in_booking VALUES (1291, 1291, 15, '2019-03-24', '2019-04-03');
INSERT INTO public.room_in_booking VALUES (1292, 1292, 123, '2019-03-01', '2019-03-07');
INSERT INTO public.room_in_booking VALUES (1293, 1293, 153, '2019-04-27', '2019-05-06');
INSERT INTO public.room_in_booking VALUES (1294, 1294, 97, '2019-05-29', '2019-06-05');
INSERT INTO public.room_in_booking VALUES (1295, 1295, 181, '2019-04-30', '2019-05-01');
INSERT INTO public.room_in_booking VALUES (1296, 1296, 146, '2019-04-14', '2019-04-20');
INSERT INTO public.room_in_booking VALUES (1297, 1297, 42, '2019-05-07', '2019-05-14');
INSERT INTO public.room_in_booking VALUES (1298, 1298, 113, '2019-03-28', '2019-03-30');
INSERT INTO public.room_in_booking VALUES (1299, 1299, 69, '2019-05-18', '2019-05-26');
INSERT INTO public.room_in_booking VALUES (1300, 1300, 70, '2019-04-03', '2019-04-05');
INSERT INTO public.room_in_booking VALUES (1301, 1301, 4, '2019-05-23', '2019-05-27');
INSERT INTO public.room_in_booking VALUES (1302, 1302, 91, '2019-05-22', '2019-05-31');
INSERT INTO public.room_in_booking VALUES (1303, 1303, 55, '2019-03-24', '2019-03-25');
INSERT INTO public.room_in_booking VALUES (1304, 1304, 143, '2019-05-23', '2019-05-28');
INSERT INTO public.room_in_booking VALUES (1305, 1305, 82, '2019-03-14', '2019-03-19');
INSERT INTO public.room_in_booking VALUES (1306, 1306, 134, '2019-05-07', '2019-05-09');
INSERT INTO public.room_in_booking VALUES (1307, 1307, 144, '2019-05-30', '2019-06-06');
INSERT INTO public.room_in_booking VALUES (1308, 1308, 117, '2019-04-30', '2019-05-06');
INSERT INTO public.room_in_booking VALUES (1309, 1309, 18, '2019-03-12', '2019-03-20');
INSERT INTO public.room_in_booking VALUES (1310, 1310, 151, '2019-05-19', '2019-05-20');
INSERT INTO public.room_in_booking VALUES (1311, 1311, 43, '2019-04-01', '2019-04-06');
INSERT INTO public.room_in_booking VALUES (1312, 1312, 77, '2019-05-30', '2019-06-06');
INSERT INTO public.room_in_booking VALUES (1313, 1313, 168, '2019-04-17', '2019-04-27');
INSERT INTO public.room_in_booking VALUES (1314, 1314, 72, '2019-03-10', '2019-03-18');
INSERT INTO public.room_in_booking VALUES (1315, 1315, 35, '2019-04-03', '2019-04-05');
INSERT INTO public.room_in_booking VALUES (1316, 1316, 44, '2019-03-16', '2019-03-24');
INSERT INTO public.room_in_booking VALUES (1317, 1317, 20, '2019-03-23', '2019-04-02');
INSERT INTO public.room_in_booking VALUES (1318, 1318, 122, '2019-04-26', '2019-04-28');
INSERT INTO public.room_in_booking VALUES (1319, 1319, 154, '2019-03-29', '2019-03-31');
INSERT INTO public.room_in_booking VALUES (1320, 1320, 61, '2019-04-20', '2019-04-23');
INSERT INTO public.room_in_booking VALUES (1321, 1321, 6, '2019-03-26', '2019-04-04');
INSERT INTO public.room_in_booking VALUES (1322, 1322, 86, '2019-05-15', '2019-05-23');
INSERT INTO public.room_in_booking VALUES (1323, 1323, 113, '2019-05-04', '2019-05-09');
INSERT INTO public.room_in_booking VALUES (1324, 1324, 99, '2019-05-20', '2019-05-26');
INSERT INTO public.room_in_booking VALUES (1325, 1325, 119, '2019-03-29', '2019-03-30');
INSERT INTO public.room_in_booking VALUES (1326, 1326, 59, '2019-04-18', '2019-04-19');
INSERT INTO public.room_in_booking VALUES (1327, 1327, 19, '2019-04-09', '2019-04-10');
INSERT INTO public.room_in_booking VALUES (1328, 1328, 125, '2019-04-23', '2019-04-25');
INSERT INTO public.room_in_booking VALUES (1329, 1329, 138, '2019-05-04', '2019-05-11');
INSERT INTO public.room_in_booking VALUES (1330, 1330, 109, '2019-04-22', '2019-04-24');
INSERT INTO public.room_in_booking VALUES (1331, 1331, 29, '2019-03-03', '2019-03-11');
INSERT INTO public.room_in_booking VALUES (1332, 1332, 59, '2019-05-24', '2019-05-26');
INSERT INTO public.room_in_booking VALUES (1333, 1333, 123, '2019-04-29', '2019-05-09');
INSERT INTO public.room_in_booking VALUES (1334, 1334, 114, '2019-05-28', '2019-06-06');
INSERT INTO public.room_in_booking VALUES (1335, 1335, 54, '2019-04-11', '2019-04-20');
INSERT INTO public.room_in_booking VALUES (1336, 1336, 81, '2019-05-23', '2019-05-30');
INSERT INTO public.room_in_booking VALUES (1337, 1337, 129, '2019-04-16', '2019-04-20');
INSERT INTO public.room_in_booking VALUES (1338, 1338, 50, '2019-05-04', '2019-05-13');
INSERT INTO public.room_in_booking VALUES (1339, 1339, 99, '2019-05-22', '2019-05-28');
INSERT INTO public.room_in_booking VALUES (1340, 1340, 96, '2019-03-02', '2019-03-06');
INSERT INTO public.room_in_booking VALUES (1341, 1341, 169, '2019-05-28', '2019-05-30');
INSERT INTO public.room_in_booking VALUES (1342, 1342, 85, '2019-04-13', '2019-04-17');
INSERT INTO public.room_in_booking VALUES (1343, 1343, 20, '2019-04-01', '2019-04-09');
INSERT INTO public.room_in_booking VALUES (1344, 1344, 69, '2019-05-23', '2019-06-02');
INSERT INTO public.room_in_booking VALUES (1345, 1345, 40, '2019-03-04', '2019-03-12');
INSERT INTO public.room_in_booking VALUES (1346, 1346, 34, '2019-05-31', '2019-06-05');
INSERT INTO public.room_in_booking VALUES (1347, 1347, 115, '2019-04-05', '2019-04-10');
INSERT INTO public.room_in_booking VALUES (1348, 1348, 174, '2019-05-09', '2019-05-14');
INSERT INTO public.room_in_booking VALUES (1349, 1349, 51, '2019-05-07', '2019-05-15');
INSERT INTO public.room_in_booking VALUES (1350, 1350, 2, '2019-05-20', '2019-05-23');
INSERT INTO public.room_in_booking VALUES (1351, 1351, 26, '2019-04-25', '2019-04-30');
INSERT INTO public.room_in_booking VALUES (1352, 1352, 168, '2019-03-08', '2019-03-14');
INSERT INTO public.room_in_booking VALUES (1353, 1353, 28, '2019-03-18', '2019-03-23');
INSERT INTO public.room_in_booking VALUES (1354, 1354, 62, '2019-05-04', '2019-05-12');
INSERT INTO public.room_in_booking VALUES (1355, 1355, 173, '2019-05-18', '2019-05-26');
INSERT INTO public.room_in_booking VALUES (1356, 1356, 99, '2019-04-09', '2019-04-15');
INSERT INTO public.room_in_booking VALUES (1357, 1357, 142, '2019-04-29', '2019-05-04');
INSERT INTO public.room_in_booking VALUES (1358, 1358, 142, '2019-03-01', '2019-03-09');
INSERT INTO public.room_in_booking VALUES (1359, 1359, 39, '2019-05-11', '2019-05-17');
INSERT INTO public.room_in_booking VALUES (1360, 1360, 47, '2019-05-29', '2019-05-30');
INSERT INTO public.room_in_booking VALUES (1361, 1361, 158, '2019-03-28', '2019-04-01');
INSERT INTO public.room_in_booking VALUES (1362, 1362, 76, '2019-04-29', '2019-05-09');
INSERT INTO public.room_in_booking VALUES (1363, 1363, 125, '2019-04-10', '2019-04-12');
INSERT INTO public.room_in_booking VALUES (1364, 1364, 172, '2019-03-08', '2019-03-17');
INSERT INTO public.room_in_booking VALUES (1365, 1365, 10, '2019-05-03', '2019-05-06');
INSERT INTO public.room_in_booking VALUES (1366, 1366, 75, '2019-03-23', '2019-03-30');
INSERT INTO public.room_in_booking VALUES (1367, 1367, 17, '2019-03-03', '2019-03-05');
INSERT INTO public.room_in_booking VALUES (1368, 1368, 156, '2019-03-16', '2019-03-25');
INSERT INTO public.room_in_booking VALUES (1369, 1369, 97, '2019-05-24', '2019-05-29');
INSERT INTO public.room_in_booking VALUES (1370, 1370, 128, '2019-05-09', '2019-05-12');
INSERT INTO public.room_in_booking VALUES (1371, 1371, 42, '2019-04-22', '2019-04-27');
INSERT INTO public.room_in_booking VALUES (1372, 1372, 169, '2019-05-15', '2019-05-24');
INSERT INTO public.room_in_booking VALUES (1373, 1373, 172, '2019-04-26', '2019-05-05');
INSERT INTO public.room_in_booking VALUES (1374, 1374, 62, '2019-04-07', '2019-04-13');
INSERT INTO public.room_in_booking VALUES (1375, 1375, 24, '2019-03-25', '2019-04-04');
INSERT INTO public.room_in_booking VALUES (1376, 1376, 132, '2019-05-14', '2019-05-22');
INSERT INTO public.room_in_booking VALUES (1377, 1377, 58, '2019-03-15', '2019-03-23');
INSERT INTO public.room_in_booking VALUES (1378, 1378, 96, '2019-04-15', '2019-04-19');
INSERT INTO public.room_in_booking VALUES (1379, 1379, 104, '2019-05-01', '2019-05-09');
INSERT INTO public.room_in_booking VALUES (1380, 1380, 94, '2019-05-02', '2019-05-11');
INSERT INTO public.room_in_booking VALUES (1381, 1381, 127, '2019-05-12', '2019-05-16');
INSERT INTO public.room_in_booking VALUES (1382, 1382, 124, '2019-05-04', '2019-05-11');
INSERT INTO public.room_in_booking VALUES (1383, 1383, 42, '2019-03-04', '2019-03-06');
INSERT INTO public.room_in_booking VALUES (1384, 1384, 52, '2019-03-24', '2019-03-30');
INSERT INTO public.room_in_booking VALUES (1385, 1385, 117, '2019-03-28', '2019-04-01');
INSERT INTO public.room_in_booking VALUES (1386, 1386, 168, '2019-03-15', '2019-03-21');
INSERT INTO public.room_in_booking VALUES (1387, 1387, 135, '2019-03-19', '2019-03-29');
INSERT INTO public.room_in_booking VALUES (1388, 1388, 97, '2019-04-14', '2019-04-18');
INSERT INTO public.room_in_booking VALUES (1389, 1389, 171, '2019-03-26', '2019-04-02');
INSERT INTO public.room_in_booking VALUES (1390, 1390, 70, '2019-05-28', '2019-06-05');
INSERT INTO public.room_in_booking VALUES (1391, 1391, 90, '2019-04-01', '2019-04-02');
INSERT INTO public.room_in_booking VALUES (1392, 1392, 153, '2019-04-28', '2019-05-08');
INSERT INTO public.room_in_booking VALUES (1393, 1393, 144, '2019-03-16', '2019-03-24');
INSERT INTO public.room_in_booking VALUES (1394, 1394, 88, '2019-04-04', '2019-04-14');
INSERT INTO public.room_in_booking VALUES (1395, 1395, 85, '2019-03-08', '2019-03-15');
INSERT INTO public.room_in_booking VALUES (1396, 1396, 21, '2019-04-03', '2019-04-06');
INSERT INTO public.room_in_booking VALUES (1397, 1397, 44, '2019-04-26', '2019-04-30');
INSERT INTO public.room_in_booking VALUES (1398, 1398, 102, '2019-04-03', '2019-04-11');
INSERT INTO public.room_in_booking VALUES (1399, 1399, 138, '2019-04-11', '2019-04-16');
INSERT INTO public.room_in_booking VALUES (1400, 1400, 144, '2019-05-08', '2019-05-14');
INSERT INTO public.room_in_booking VALUES (1401, 1401, 54, '2019-03-15', '2019-03-18');
INSERT INTO public.room_in_booking VALUES (1402, 1402, 170, '2019-05-14', '2019-05-19');
INSERT INTO public.room_in_booking VALUES (1403, 1403, 73, '2019-03-13', '2019-03-17');
INSERT INTO public.room_in_booking VALUES (1404, 1404, 99, '2019-05-11', '2019-05-18');
INSERT INTO public.room_in_booking VALUES (1405, 1405, 57, '2019-05-25', '2019-06-02');
INSERT INTO public.room_in_booking VALUES (1406, 1406, 112, '2019-04-29', '2019-05-05');
INSERT INTO public.room_in_booking VALUES (1407, 1407, 5, '2019-05-11', '2019-05-15');
INSERT INTO public.room_in_booking VALUES (1408, 1408, 144, '2019-04-22', '2019-04-30');
INSERT INTO public.room_in_booking VALUES (1409, 1409, 156, '2019-03-11', '2019-03-20');
INSERT INTO public.room_in_booking VALUES (1410, 1410, 4, '2019-04-13', '2019-04-15');
INSERT INTO public.room_in_booking VALUES (1411, 1411, 56, '2019-05-22', '2019-05-26');
INSERT INTO public.room_in_booking VALUES (1412, 1412, 126, '2019-05-10', '2019-05-11');
INSERT INTO public.room_in_booking VALUES (1413, 1413, 19, '2019-04-30', '2019-05-05');
INSERT INTO public.room_in_booking VALUES (1414, 1414, 175, '2019-03-07', '2019-03-17');
INSERT INTO public.room_in_booking VALUES (1415, 1415, 173, '2019-04-01', '2019-04-06');
INSERT INTO public.room_in_booking VALUES (1416, 1416, 95, '2019-03-05', '2019-03-06');
INSERT INTO public.room_in_booking VALUES (1417, 1417, 60, '2019-03-12', '2019-03-21');
INSERT INTO public.room_in_booking VALUES (1418, 1418, 151, '2019-03-14', '2019-03-22');
INSERT INTO public.room_in_booking VALUES (1419, 1419, 136, '2019-03-28', '2019-04-06');
INSERT INTO public.room_in_booking VALUES (1420, 1420, 84, '2019-03-07', '2019-03-16');
INSERT INTO public.room_in_booking VALUES (1421, 1421, 104, '2019-05-19', '2019-05-21');
INSERT INTO public.room_in_booking VALUES (1422, 1422, 159, '2019-05-22', '2019-05-23');
INSERT INTO public.room_in_booking VALUES (1423, 1423, 52, '2019-05-06', '2019-05-14');
INSERT INTO public.room_in_booking VALUES (1424, 1424, 55, '2019-04-06', '2019-04-14');
INSERT INTO public.room_in_booking VALUES (1425, 1425, 61, '2019-03-25', '2019-03-28');
INSERT INTO public.room_in_booking VALUES (1426, 1426, 48, '2019-05-29', '2019-06-06');
INSERT INTO public.room_in_booking VALUES (1427, 1427, 61, '2019-05-31', '2019-06-02');
INSERT INTO public.room_in_booking VALUES (1428, 1428, 130, '2019-04-21', '2019-05-01');
INSERT INTO public.room_in_booking VALUES (1429, 1429, 141, '2019-05-19', '2019-05-21');
INSERT INTO public.room_in_booking VALUES (1430, 1430, 78, '2019-05-11', '2019-05-13');
INSERT INTO public.room_in_booking VALUES (1431, 1431, 1, '2019-05-27', '2019-05-30');
INSERT INTO public.room_in_booking VALUES (1432, 1432, 102, '2019-05-06', '2019-05-14');
INSERT INTO public.room_in_booking VALUES (1433, 1433, 175, '2019-05-05', '2019-05-15');
INSERT INTO public.room_in_booking VALUES (1434, 1434, 89, '2019-05-22', '2019-05-30');
INSERT INTO public.room_in_booking VALUES (1435, 1435, 65, '2019-03-04', '2019-03-12');
INSERT INTO public.room_in_booking VALUES (1436, 1436, 18, '2019-05-31', '2019-06-06');
INSERT INTO public.room_in_booking VALUES (1437, 1437, 175, '2019-05-12', '2019-05-17');
INSERT INTO public.room_in_booking VALUES (1438, 1438, 9, '2019-05-24', '2019-05-31');
INSERT INTO public.room_in_booking VALUES (1439, 1439, 3, '2019-04-29', '2019-04-30');
INSERT INTO public.room_in_booking VALUES (1440, 1440, 131, '2019-03-21', '2019-03-27');
INSERT INTO public.room_in_booking VALUES (1441, 1441, 96, '2019-04-03', '2019-04-12');
INSERT INTO public.room_in_booking VALUES (1442, 1442, 102, '2019-04-14', '2019-04-22');
INSERT INTO public.room_in_booking VALUES (1443, 1443, 116, '2019-03-14', '2019-03-15');
INSERT INTO public.room_in_booking VALUES (1444, 1444, 75, '2019-05-16', '2019-05-17');
INSERT INTO public.room_in_booking VALUES (1445, 1445, 1, '2019-03-31', '2019-04-04');
INSERT INTO public.room_in_booking VALUES (1446, 1446, 155, '2019-05-02', '2019-05-07');
INSERT INTO public.room_in_booking VALUES (1447, 1447, 142, '2019-03-17', '2019-03-20');
INSERT INTO public.room_in_booking VALUES (1448, 1448, 72, '2019-03-19', '2019-03-26');
INSERT INTO public.room_in_booking VALUES (1449, 1449, 160, '2019-04-09', '2019-04-10');
INSERT INTO public.room_in_booking VALUES (1450, 1450, 170, '2019-05-21', '2019-05-25');
INSERT INTO public.room_in_booking VALUES (1451, 1451, 17, '2019-04-17', '2019-04-22');
INSERT INTO public.room_in_booking VALUES (1452, 1452, 110, '2019-03-15', '2019-03-20');
INSERT INTO public.room_in_booking VALUES (1453, 1453, 131, '2019-03-15', '2019-03-23');
INSERT INTO public.room_in_booking VALUES (1454, 1454, 125, '2019-04-19', '2019-04-26');
INSERT INTO public.room_in_booking VALUES (1455, 1455, 166, '2019-05-20', '2019-05-23');
INSERT INTO public.room_in_booking VALUES (1456, 1456, 134, '2019-05-18', '2019-05-28');
INSERT INTO public.room_in_booking VALUES (1457, 1457, 99, '2019-04-30', '2019-05-04');
INSERT INTO public.room_in_booking VALUES (1458, 1458, 5, '2019-04-04', '2019-04-05');
INSERT INTO public.room_in_booking VALUES (1459, 1459, 29, '2019-05-17', '2019-05-25');
INSERT INTO public.room_in_booking VALUES (1460, 1460, 126, '2019-04-12', '2019-04-14');
INSERT INTO public.room_in_booking VALUES (1461, 1461, 165, '2019-04-24', '2019-04-29');
INSERT INTO public.room_in_booking VALUES (1462, 1462, 95, '2019-03-02', '2019-03-04');
INSERT INTO public.room_in_booking VALUES (1463, 1463, 117, '2019-05-18', '2019-05-21');
INSERT INTO public.room_in_booking VALUES (1464, 1464, 35, '2019-03-28', '2019-04-07');
INSERT INTO public.room_in_booking VALUES (1465, 1465, 166, '2019-05-17', '2019-05-21');
INSERT INTO public.room_in_booking VALUES (1466, 1466, 115, '2019-03-11', '2019-03-13');
INSERT INTO public.room_in_booking VALUES (1467, 1467, 104, '2019-03-09', '2019-03-12');
INSERT INTO public.room_in_booking VALUES (1468, 1468, 116, '2019-03-30', '2019-04-05');
INSERT INTO public.room_in_booking VALUES (1469, 1469, 22, '2019-05-26', '2019-06-03');
INSERT INTO public.room_in_booking VALUES (1470, 1470, 90, '2019-05-24', '2019-05-26');
INSERT INTO public.room_in_booking VALUES (1471, 1471, 95, '2019-04-25', '2019-05-02');
INSERT INTO public.room_in_booking VALUES (1472, 1472, 40, '2019-05-19', '2019-05-27');
INSERT INTO public.room_in_booking VALUES (1473, 1473, 166, '2019-04-05', '2019-04-07');
INSERT INTO public.room_in_booking VALUES (1474, 1474, 131, '2019-04-17', '2019-04-27');
INSERT INTO public.room_in_booking VALUES (1475, 1475, 110, '2019-05-26', '2019-06-02');
INSERT INTO public.room_in_booking VALUES (1476, 1476, 139, '2019-05-18', '2019-05-19');
INSERT INTO public.room_in_booking VALUES (1477, 1477, 81, '2019-03-13', '2019-03-16');
INSERT INTO public.room_in_booking VALUES (1478, 1478, 11, '2019-04-29', '2019-05-02');
INSERT INTO public.room_in_booking VALUES (1479, 1479, 68, '2019-05-02', '2019-05-11');
INSERT INTO public.room_in_booking VALUES (1480, 1480, 173, '2019-03-17', '2019-03-19');
INSERT INTO public.room_in_booking VALUES (1481, 1481, 117, '2019-03-08', '2019-03-15');
INSERT INTO public.room_in_booking VALUES (1482, 1482, 114, '2019-03-30', '2019-03-31');
INSERT INTO public.room_in_booking VALUES (1483, 1483, 15, '2019-03-30', '2019-04-08');
INSERT INTO public.room_in_booking VALUES (1484, 1484, 106, '2019-03-17', '2019-03-19');
INSERT INTO public.room_in_booking VALUES (1485, 1485, 99, '2019-03-25', '2019-03-31');
INSERT INTO public.room_in_booking VALUES (1486, 1486, 115, '2019-03-14', '2019-03-16');
INSERT INTO public.room_in_booking VALUES (1487, 1487, 122, '2019-05-20', '2019-05-23');
INSERT INTO public.room_in_booking VALUES (1488, 1488, 159, '2019-03-15', '2019-03-16');
INSERT INTO public.room_in_booking VALUES (1489, 1489, 53, '2019-03-14', '2019-03-19');
INSERT INTO public.room_in_booking VALUES (1490, 1490, 27, '2019-03-04', '2019-03-12');
INSERT INTO public.room_in_booking VALUES (1491, 1491, 21, '2019-03-07', '2019-03-14');
INSERT INTO public.room_in_booking VALUES (1492, 1492, 37, '2019-03-02', '2019-03-06');
INSERT INTO public.room_in_booking VALUES (1493, 1493, 70, '2019-03-10', '2019-03-16');
INSERT INTO public.room_in_booking VALUES (1494, 1494, 18, '2019-03-07', '2019-03-16');
INSERT INTO public.room_in_booking VALUES (1495, 1495, 20, '2019-05-10', '2019-05-19');
INSERT INTO public.room_in_booking VALUES (1496, 1496, 51, '2019-05-16', '2019-05-25');
INSERT INTO public.room_in_booking VALUES (1497, 1497, 89, '2019-03-12', '2019-03-14');
INSERT INTO public.room_in_booking VALUES (1498, 1498, 26, '2019-03-24', '2019-03-30');
INSERT INTO public.room_in_booking VALUES (1499, 1499, 8, '2019-03-09', '2019-03-12');
INSERT INTO public.room_in_booking VALUES (1500, 1500, 94, '2019-03-27', '2019-04-01');
INSERT INTO public.room_in_booking VALUES (1501, 1501, 147, '2019-04-15', '2019-04-17');
INSERT INTO public.room_in_booking VALUES (1502, 1502, 134, '2019-03-21', '2019-03-25');
INSERT INTO public.room_in_booking VALUES (1503, 1503, 96, '2019-04-28', '2019-05-03');
INSERT INTO public.room_in_booking VALUES (1504, 1504, 79, '2019-05-03', '2019-05-04');
INSERT INTO public.room_in_booking VALUES (1505, 1505, 155, '2019-04-21', '2019-04-27');
INSERT INTO public.room_in_booking VALUES (1506, 1506, 172, '2019-05-18', '2019-05-27');
INSERT INTO public.room_in_booking VALUES (1507, 1507, 70, '2019-03-17', '2019-03-21');
INSERT INTO public.room_in_booking VALUES (1508, 1508, 22, '2019-03-31', '2019-04-09');
INSERT INTO public.room_in_booking VALUES (1509, 1509, 97, '2019-05-21', '2019-05-28');
INSERT INTO public.room_in_booking VALUES (1510, 1510, 27, '2019-03-10', '2019-03-17');
INSERT INTO public.room_in_booking VALUES (1511, 1511, 25, '2019-04-26', '2019-05-05');
INSERT INTO public.room_in_booking VALUES (1512, 1512, 170, '2019-04-20', '2019-04-27');
INSERT INTO public.room_in_booking VALUES (1513, 1513, 52, '2019-04-03', '2019-04-06');
INSERT INTO public.room_in_booking VALUES (1514, 1514, 32, '2019-05-24', '2019-05-31');
INSERT INTO public.room_in_booking VALUES (1515, 1515, 41, '2019-03-30', '2019-04-05');
INSERT INTO public.room_in_booking VALUES (1516, 1516, 20, '2019-03-21', '2019-03-23');
INSERT INTO public.room_in_booking VALUES (1517, 1517, 151, '2019-03-30', '2019-04-02');
INSERT INTO public.room_in_booking VALUES (1518, 1518, 120, '2019-03-06', '2019-03-07');
INSERT INTO public.room_in_booking VALUES (1519, 1519, 125, '2019-05-11', '2019-05-13');
INSERT INTO public.room_in_booking VALUES (1520, 1520, 167, '2019-03-30', '2019-04-01');
INSERT INTO public.room_in_booking VALUES (1521, 1521, 18, '2019-04-02', '2019-04-05');
INSERT INTO public.room_in_booking VALUES (1522, 1522, 25, '2019-03-20', '2019-03-25');
INSERT INTO public.room_in_booking VALUES (1523, 1523, 79, '2019-03-24', '2019-04-02');
INSERT INTO public.room_in_booking VALUES (1524, 1524, 48, '2019-05-26', '2019-05-30');
INSERT INTO public.room_in_booking VALUES (1525, 1525, 118, '2019-05-04', '2019-05-11');
INSERT INTO public.room_in_booking VALUES (1526, 1526, 72, '2019-04-06', '2019-04-11');
INSERT INTO public.room_in_booking VALUES (1527, 1527, 162, '2019-04-09', '2019-04-13');
INSERT INTO public.room_in_booking VALUES (1528, 1528, 44, '2019-03-19', '2019-03-22');
INSERT INTO public.room_in_booking VALUES (1529, 1529, 156, '2019-03-25', '2019-04-03');
INSERT INTO public.room_in_booking VALUES (1530, 1530, 63, '2019-04-09', '2019-04-15');
INSERT INTO public.room_in_booking VALUES (1531, 1531, 62, '2019-05-27', '2019-05-28');
INSERT INTO public.room_in_booking VALUES (1532, 1532, 74, '2019-04-17', '2019-04-23');
INSERT INTO public.room_in_booking VALUES (1533, 1533, 134, '2019-04-15', '2019-04-23');
INSERT INTO public.room_in_booking VALUES (1534, 1534, 11, '2019-04-25', '2019-04-30');
INSERT INTO public.room_in_booking VALUES (1535, 1535, 108, '2019-03-12', '2019-03-18');
INSERT INTO public.room_in_booking VALUES (1536, 1536, 58, '2019-05-02', '2019-05-12');
INSERT INTO public.room_in_booking VALUES (1537, 1537, 30, '2019-03-08', '2019-03-17');
INSERT INTO public.room_in_booking VALUES (1538, 1538, 85, '2019-05-30', '2019-06-01');
INSERT INTO public.room_in_booking VALUES (1539, 1539, 77, '2019-04-30', '2019-05-07');
INSERT INTO public.room_in_booking VALUES (1540, 1540, 14, '2019-03-23', '2019-03-28');
INSERT INTO public.room_in_booking VALUES (1541, 1541, 14, '2019-05-15', '2019-05-18');
INSERT INTO public.room_in_booking VALUES (1542, 1542, 45, '2019-03-11', '2019-03-13');
INSERT INTO public.room_in_booking VALUES (1543, 1543, 140, '2019-03-06', '2019-03-11');
INSERT INTO public.room_in_booking VALUES (1544, 1544, 89, '2019-05-17', '2019-05-25');
INSERT INTO public.room_in_booking VALUES (1545, 1545, 5, '2019-05-26', '2019-06-03');
INSERT INTO public.room_in_booking VALUES (1546, 1546, 12, '2019-05-07', '2019-05-11');
INSERT INTO public.room_in_booking VALUES (1547, 1547, 159, '2019-05-30', '2019-06-06');
INSERT INTO public.room_in_booking VALUES (1548, 1548, 105, '2019-03-02', '2019-03-10');
INSERT INTO public.room_in_booking VALUES (1549, 1549, 181, '2019-04-27', '2019-05-05');
INSERT INTO public.room_in_booking VALUES (1550, 1550, 94, '2019-03-06', '2019-03-16');
INSERT INTO public.room_in_booking VALUES (1551, 1551, 108, '2019-03-29', '2019-04-05');
INSERT INTO public.room_in_booking VALUES (1552, 1552, 146, '2019-03-31', '2019-04-07');
INSERT INTO public.room_in_booking VALUES (1553, 1553, 79, '2019-03-08', '2019-03-17');
INSERT INTO public.room_in_booking VALUES (1554, 1554, 23, '2019-03-25', '2019-03-31');
INSERT INTO public.room_in_booking VALUES (1555, 1555, 94, '2019-03-23', '2019-03-28');
INSERT INTO public.room_in_booking VALUES (1556, 1556, 52, '2019-03-03', '2019-03-13');
INSERT INTO public.room_in_booking VALUES (1557, 1557, 47, '2019-03-25', '2019-03-28');
INSERT INTO public.room_in_booking VALUES (1558, 1558, 87, '2019-04-27', '2019-05-04');
INSERT INTO public.room_in_booking VALUES (1559, 1559, 13, '2019-04-17', '2019-04-19');
INSERT INTO public.room_in_booking VALUES (1560, 1560, 91, '2019-04-02', '2019-04-05');
INSERT INTO public.room_in_booking VALUES (1561, 1561, 57, '2019-03-16', '2019-03-21');
INSERT INTO public.room_in_booking VALUES (1562, 1562, 133, '2019-05-05', '2019-05-11');
INSERT INTO public.room_in_booking VALUES (1563, 1563, 177, '2019-03-26', '2019-04-02');
INSERT INTO public.room_in_booking VALUES (1564, 1564, 127, '2019-05-03', '2019-05-06');
INSERT INTO public.room_in_booking VALUES (1565, 1565, 47, '2019-05-18', '2019-05-20');
INSERT INTO public.room_in_booking VALUES (1566, 1566, 6, '2019-04-18', '2019-04-20');
INSERT INTO public.room_in_booking VALUES (1567, 1567, 59, '2019-05-10', '2019-05-13');
INSERT INTO public.room_in_booking VALUES (1568, 1568, 161, '2019-03-16', '2019-03-20');
INSERT INTO public.room_in_booking VALUES (1569, 1569, 158, '2019-04-19', '2019-04-27');
INSERT INTO public.room_in_booking VALUES (1570, 1570, 153, '2019-05-19', '2019-05-21');
INSERT INTO public.room_in_booking VALUES (1571, 1571, 93, '2019-03-05', '2019-03-11');
INSERT INTO public.room_in_booking VALUES (1572, 1572, 173, '2019-04-27', '2019-04-28');
INSERT INTO public.room_in_booking VALUES (1573, 1573, 110, '2019-04-17', '2019-04-22');
INSERT INTO public.room_in_booking VALUES (1574, 1574, 167, '2019-05-25', '2019-06-03');
INSERT INTO public.room_in_booking VALUES (1575, 1575, 27, '2019-04-07', '2019-04-10');
INSERT INTO public.room_in_booking VALUES (1576, 1576, 113, '2019-03-23', '2019-03-27');
INSERT INTO public.room_in_booking VALUES (1577, 1577, 123, '2019-05-02', '2019-05-04');
INSERT INTO public.room_in_booking VALUES (1578, 1578, 174, '2019-04-05', '2019-04-09');
INSERT INTO public.room_in_booking VALUES (1579, 1579, 153, '2019-05-05', '2019-05-15');
INSERT INTO public.room_in_booking VALUES (1580, 1580, 9, '2019-04-29', '2019-05-03');
INSERT INTO public.room_in_booking VALUES (1581, 1581, 47, '2019-04-17', '2019-04-19');
INSERT INTO public.room_in_booking VALUES (1582, 1582, 28, '2019-03-26', '2019-04-01');
INSERT INTO public.room_in_booking VALUES (1583, 1583, 165, '2019-03-20', '2019-03-28');
INSERT INTO public.room_in_booking VALUES (1584, 1584, 17, '2019-03-26', '2019-04-03');
INSERT INTO public.room_in_booking VALUES (1585, 1585, 87, '2019-05-07', '2019-05-13');
INSERT INTO public.room_in_booking VALUES (1586, 1586, 83, '2019-03-31', '2019-04-08');
INSERT INTO public.room_in_booking VALUES (1587, 1587, 148, '2019-04-07', '2019-04-15');
INSERT INTO public.room_in_booking VALUES (1588, 1588, 29, '2019-04-27', '2019-05-05');
INSERT INTO public.room_in_booking VALUES (1589, 1589, 127, '2019-03-25', '2019-04-04');
INSERT INTO public.room_in_booking VALUES (1590, 1590, 44, '2019-03-22', '2019-03-24');
INSERT INTO public.room_in_booking VALUES (1591, 1591, 175, '2019-05-06', '2019-05-11');
INSERT INTO public.room_in_booking VALUES (1592, 1592, 67, '2019-05-01', '2019-05-05');
INSERT INTO public.room_in_booking VALUES (1593, 1593, 43, '2019-03-27', '2019-03-29');
INSERT INTO public.room_in_booking VALUES (1594, 1594, 86, '2019-05-03', '2019-05-13');
INSERT INTO public.room_in_booking VALUES (1595, 1595, 58, '2019-04-02', '2019-04-08');
INSERT INTO public.room_in_booking VALUES (1596, 1596, 36, '2019-03-07', '2019-03-08');
INSERT INTO public.room_in_booking VALUES (1597, 1597, 31, '2019-05-01', '2019-05-09');
INSERT INTO public.room_in_booking VALUES (1598, 1598, 149, '2019-05-15', '2019-05-17');
INSERT INTO public.room_in_booking VALUES (1599, 1599, 121, '2019-03-19', '2019-03-22');
INSERT INTO public.room_in_booking VALUES (1600, 1600, 2, '2019-04-13', '2019-04-20');
INSERT INTO public.room_in_booking VALUES (1601, 1601, 67, '2019-03-29', '2019-04-04');
INSERT INTO public.room_in_booking VALUES (1602, 1602, 99, '2019-04-25', '2019-04-28');
INSERT INTO public.room_in_booking VALUES (1603, 1603, 174, '2019-04-25', '2019-05-05');
INSERT INTO public.room_in_booking VALUES (1604, 1604, 179, '2019-05-14', '2019-05-15');
INSERT INTO public.room_in_booking VALUES (1605, 1605, 117, '2019-04-24', '2019-05-03');
INSERT INTO public.room_in_booking VALUES (1606, 1606, 100, '2019-05-14', '2019-05-18');
INSERT INTO public.room_in_booking VALUES (1607, 1607, 19, '2019-05-31', '2019-06-07');
INSERT INTO public.room_in_booking VALUES (1608, 1608, 137, '2019-05-06', '2019-05-16');
INSERT INTO public.room_in_booking VALUES (1609, 1609, 137, '2019-05-28', '2019-05-30');
INSERT INTO public.room_in_booking VALUES (1610, 1610, 175, '2019-05-16', '2019-05-22');
INSERT INTO public.room_in_booking VALUES (1611, 1611, 82, '2019-03-09', '2019-03-15');
INSERT INTO public.room_in_booking VALUES (1612, 1612, 142, '2019-04-15', '2019-04-17');
INSERT INTO public.room_in_booking VALUES (1613, 1613, 40, '2019-03-13', '2019-03-20');
INSERT INTO public.room_in_booking VALUES (1614, 1614, 145, '2019-04-04', '2019-04-08');
INSERT INTO public.room_in_booking VALUES (1615, 1615, 31, '2019-03-16', '2019-03-22');
INSERT INTO public.room_in_booking VALUES (1616, 1616, 15, '2019-03-22', '2019-03-31');
INSERT INTO public.room_in_booking VALUES (1617, 1617, 147, '2019-04-30', '2019-05-07');
INSERT INTO public.room_in_booking VALUES (1618, 1618, 62, '2019-04-11', '2019-04-13');
INSERT INTO public.room_in_booking VALUES (1619, 1619, 85, '2019-04-24', '2019-05-02');
INSERT INTO public.room_in_booking VALUES (1620, 1620, 16, '2019-05-01', '2019-05-02');
INSERT INTO public.room_in_booking VALUES (1621, 1621, 22, '2019-05-09', '2019-05-19');
INSERT INTO public.room_in_booking VALUES (1622, 1622, 93, '2019-04-23', '2019-04-30');
INSERT INTO public.room_in_booking VALUES (1623, 1623, 56, '2019-04-20', '2019-04-29');
INSERT INTO public.room_in_booking VALUES (1624, 1624, 180, '2019-03-14', '2019-03-22');
INSERT INTO public.room_in_booking VALUES (1625, 1625, 181, '2019-04-04', '2019-04-10');
INSERT INTO public.room_in_booking VALUES (1626, 1626, 97, '2019-03-07', '2019-03-11');
INSERT INTO public.room_in_booking VALUES (1627, 1627, 99, '2019-04-17', '2019-04-18');
INSERT INTO public.room_in_booking VALUES (1628, 1628, 103, '2019-03-27', '2019-04-03');
INSERT INTO public.room_in_booking VALUES (1629, 1629, 47, '2019-05-26', '2019-05-31');
INSERT INTO public.room_in_booking VALUES (1630, 1630, 133, '2019-05-08', '2019-05-18');
INSERT INTO public.room_in_booking VALUES (1631, 1631, 119, '2019-04-22', '2019-04-24');
INSERT INTO public.room_in_booking VALUES (1632, 1632, 139, '2019-04-14', '2019-04-23');
INSERT INTO public.room_in_booking VALUES (1633, 1633, 146, '2019-04-20', '2019-04-29');
INSERT INTO public.room_in_booking VALUES (1634, 1634, 127, '2019-05-29', '2019-06-05');
INSERT INTO public.room_in_booking VALUES (1635, 1635, 58, '2019-04-25', '2019-04-26');
INSERT INTO public.room_in_booking VALUES (1636, 1636, 99, '2019-03-21', '2019-03-29');
INSERT INTO public.room_in_booking VALUES (1637, 1637, 25, '2019-03-10', '2019-03-14');
INSERT INTO public.room_in_booking VALUES (1638, 1638, 104, '2019-03-01', '2019-03-10');
INSERT INTO public.room_in_booking VALUES (1639, 1639, 49, '2019-04-01', '2019-04-10');
INSERT INTO public.room_in_booking VALUES (1640, 1640, 148, '2019-04-20', '2019-04-21');
INSERT INTO public.room_in_booking VALUES (1641, 1641, 121, '2019-04-30', '2019-05-07');
INSERT INTO public.room_in_booking VALUES (1642, 1642, 139, '2019-04-02', '2019-04-09');
INSERT INTO public.room_in_booking VALUES (1643, 1643, 47, '2019-05-23', '2019-05-31');
INSERT INTO public.room_in_booking VALUES (1644, 1644, 28, '2019-03-27', '2019-04-04');
INSERT INTO public.room_in_booking VALUES (1645, 1645, 146, '2019-04-17', '2019-04-26');
INSERT INTO public.room_in_booking VALUES (1646, 1646, 129, '2019-05-17', '2019-05-22');
INSERT INTO public.room_in_booking VALUES (1647, 1647, 126, '2019-04-13', '2019-04-16');
INSERT INTO public.room_in_booking VALUES (1648, 1648, 89, '2019-05-10', '2019-05-13');
INSERT INTO public.room_in_booking VALUES (1649, 1649, 157, '2019-05-30', '2019-06-04');
INSERT INTO public.room_in_booking VALUES (1650, 1650, 112, '2019-03-13', '2019-03-16');
INSERT INTO public.room_in_booking VALUES (1651, 1651, 137, '2019-05-21', '2019-05-30');
INSERT INTO public.room_in_booking VALUES (1652, 1652, 67, '2019-04-29', '2019-05-08');
INSERT INTO public.room_in_booking VALUES (1653, 1653, 106, '2019-04-07', '2019-04-12');
INSERT INTO public.room_in_booking VALUES (1654, 1654, 108, '2019-04-22', '2019-04-30');
INSERT INTO public.room_in_booking VALUES (1655, 1655, 166, '2019-03-07', '2019-03-08');
INSERT INTO public.room_in_booking VALUES (1656, 1656, 130, '2019-04-27', '2019-05-06');
INSERT INTO public.room_in_booking VALUES (1657, 1657, 55, '2019-05-20', '2019-05-27');
INSERT INTO public.room_in_booking VALUES (1658, 1658, 165, '2019-05-30', '2019-06-06');
INSERT INTO public.room_in_booking VALUES (1659, 1659, 65, '2019-03-16', '2019-03-19');
INSERT INTO public.room_in_booking VALUES (1660, 1660, 154, '2019-04-19', '2019-04-28');
INSERT INTO public.room_in_booking VALUES (1661, 1661, 151, '2019-03-13', '2019-03-15');
INSERT INTO public.room_in_booking VALUES (1662, 1662, 81, '2019-05-06', '2019-05-11');
INSERT INTO public.room_in_booking VALUES (1663, 1663, 161, '2019-05-26', '2019-05-27');
INSERT INTO public.room_in_booking VALUES (1664, 1664, 122, '2019-03-29', '2019-04-07');
INSERT INTO public.room_in_booking VALUES (1665, 1665, 149, '2019-03-27', '2019-04-05');
INSERT INTO public.room_in_booking VALUES (1666, 1666, 179, '2019-04-28', '2019-04-30');
INSERT INTO public.room_in_booking VALUES (1667, 1667, 65, '2019-03-25', '2019-04-04');
INSERT INTO public.room_in_booking VALUES (1668, 1668, 15, '2019-05-29', '2019-05-30');
INSERT INTO public.room_in_booking VALUES (1669, 1669, 129, '2019-03-12', '2019-03-16');
INSERT INTO public.room_in_booking VALUES (1670, 1670, 162, '2019-05-14', '2019-05-16');
INSERT INTO public.room_in_booking VALUES (1671, 1671, 86, '2019-03-21', '2019-03-30');
INSERT INTO public.room_in_booking VALUES (1672, 1672, 139, '2019-05-04', '2019-05-13');
INSERT INTO public.room_in_booking VALUES (1673, 1673, 83, '2019-03-23', '2019-03-30');
INSERT INTO public.room_in_booking VALUES (1674, 1674, 13, '2019-05-19', '2019-05-29');
INSERT INTO public.room_in_booking VALUES (1675, 1675, 92, '2019-03-11', '2019-03-15');
INSERT INTO public.room_in_booking VALUES (1676, 1676, 40, '2019-05-01', '2019-05-04');
INSERT INTO public.room_in_booking VALUES (1677, 1677, 8, '2019-03-30', '2019-04-02');
INSERT INTO public.room_in_booking VALUES (1678, 1678, 171, '2019-04-25', '2019-05-01');
INSERT INTO public.room_in_booking VALUES (1679, 1679, 20, '2019-03-13', '2019-03-15');
INSERT INTO public.room_in_booking VALUES (1680, 1680, 69, '2019-04-20', '2019-04-24');
INSERT INTO public.room_in_booking VALUES (1681, 1681, 75, '2019-03-30', '2019-04-07');
INSERT INTO public.room_in_booking VALUES (1682, 1682, 18, '2019-05-29', '2019-06-06');
INSERT INTO public.room_in_booking VALUES (1683, 1683, 58, '2019-03-03', '2019-03-04');
INSERT INTO public.room_in_booking VALUES (1684, 1684, 44, '2019-05-10', '2019-05-20');
INSERT INTO public.room_in_booking VALUES (1685, 1685, 138, '2019-05-27', '2019-06-05');
INSERT INTO public.room_in_booking VALUES (1686, 1686, 121, '2019-03-20', '2019-03-26');
INSERT INTO public.room_in_booking VALUES (1687, 1687, 66, '2019-05-16', '2019-05-25');
INSERT INTO public.room_in_booking VALUES (1688, 1688, 92, '2019-05-29', '2019-06-04');
INSERT INTO public.room_in_booking VALUES (1689, 1689, 17, '2019-05-08', '2019-05-18');
INSERT INTO public.room_in_booking VALUES (1690, 1690, 108, '2019-04-14', '2019-04-20');
INSERT INTO public.room_in_booking VALUES (1691, 1691, 15, '2019-03-13', '2019-03-18');
INSERT INTO public.room_in_booking VALUES (1692, 1692, 164, '2019-05-05', '2019-05-07');
INSERT INTO public.room_in_booking VALUES (1693, 1693, 19, '2019-05-24', '2019-06-01');
INSERT INTO public.room_in_booking VALUES (1694, 1694, 6, '2019-04-06', '2019-04-08');
INSERT INTO public.room_in_booking VALUES (1695, 1695, 135, '2019-04-11', '2019-04-16');
INSERT INTO public.room_in_booking VALUES (1696, 1696, 130, '2019-03-26', '2019-03-31');
INSERT INTO public.room_in_booking VALUES (1697, 1697, 88, '2019-04-03', '2019-04-10');
INSERT INTO public.room_in_booking VALUES (1698, 1698, 114, '2019-05-29', '2019-06-07');
INSERT INTO public.room_in_booking VALUES (1699, 1699, 31, '2019-03-29', '2019-04-05');
INSERT INTO public.room_in_booking VALUES (1700, 1700, 141, '2019-03-04', '2019-03-14');
INSERT INTO public.room_in_booking VALUES (1701, 1701, 63, '2019-05-29', '2019-06-07');
INSERT INTO public.room_in_booking VALUES (1702, 1702, 100, '2019-03-07', '2019-03-12');
INSERT INTO public.room_in_booking VALUES (1703, 1703, 52, '2019-05-14', '2019-05-23');
INSERT INTO public.room_in_booking VALUES (1704, 1704, 87, '2019-04-12', '2019-04-18');
INSERT INTO public.room_in_booking VALUES (1705, 1705, 16, '2019-04-20', '2019-04-27');
INSERT INTO public.room_in_booking VALUES (1706, 1706, 105, '2019-04-05', '2019-04-14');
INSERT INTO public.room_in_booking VALUES (1707, 1707, 112, '2019-03-07', '2019-03-11');
INSERT INTO public.room_in_booking VALUES (1708, 1708, 142, '2019-04-12', '2019-04-15');
INSERT INTO public.room_in_booking VALUES (1709, 1709, 2, '2019-04-20', '2019-04-30');
INSERT INTO public.room_in_booking VALUES (1710, 1710, 107, '2019-05-10', '2019-05-18');
INSERT INTO public.room_in_booking VALUES (1711, 1711, 53, '2019-04-08', '2019-04-13');
INSERT INTO public.room_in_booking VALUES (1712, 1712, 68, '2019-05-15', '2019-05-21');
INSERT INTO public.room_in_booking VALUES (1713, 1713, 156, '2019-03-12', '2019-03-17');
INSERT INTO public.room_in_booking VALUES (1714, 1714, 129, '2019-04-11', '2019-04-13');
INSERT INTO public.room_in_booking VALUES (1715, 1715, 153, '2019-03-19', '2019-03-21');
INSERT INTO public.room_in_booking VALUES (1716, 1716, 40, '2019-05-16', '2019-05-21');
INSERT INTO public.room_in_booking VALUES (1717, 1717, 140, '2019-03-17', '2019-03-25');
INSERT INTO public.room_in_booking VALUES (1718, 1718, 142, '2019-04-21', '2019-04-29');
INSERT INTO public.room_in_booking VALUES (1719, 1719, 82, '2019-05-22', '2019-05-29');
INSERT INTO public.room_in_booking VALUES (1720, 1720, 155, '2019-05-20', '2019-05-25');
INSERT INTO public.room_in_booking VALUES (1721, 1721, 19, '2019-05-27', '2019-06-03');
INSERT INTO public.room_in_booking VALUES (1722, 1722, 29, '2019-05-11', '2019-05-21');
INSERT INTO public.room_in_booking VALUES (1723, 1723, 40, '2019-04-19', '2019-04-24');
INSERT INTO public.room_in_booking VALUES (1724, 1724, 78, '2019-05-25', '2019-05-28');
INSERT INTO public.room_in_booking VALUES (1725, 1725, 123, '2019-03-07', '2019-03-11');
INSERT INTO public.room_in_booking VALUES (1726, 1726, 111, '2019-05-18', '2019-05-22');
INSERT INTO public.room_in_booking VALUES (1727, 1727, 4, '2019-05-01', '2019-05-10');
INSERT INTO public.room_in_booking VALUES (1728, 1728, 67, '2019-05-22', '2019-05-28');
INSERT INTO public.room_in_booking VALUES (1729, 1729, 117, '2019-05-10', '2019-05-20');
INSERT INTO public.room_in_booking VALUES (1730, 1730, 64, '2019-04-22', '2019-05-01');
INSERT INTO public.room_in_booking VALUES (1731, 1731, 136, '2019-04-08', '2019-04-15');
INSERT INTO public.room_in_booking VALUES (1732, 1732, 126, '2019-05-03', '2019-05-08');
INSERT INTO public.room_in_booking VALUES (1733, 1733, 62, '2019-04-22', '2019-04-26');
INSERT INTO public.room_in_booking VALUES (1734, 1734, 170, '2019-03-27', '2019-04-05');
INSERT INTO public.room_in_booking VALUES (1735, 1735, 144, '2019-03-17', '2019-03-20');
INSERT INTO public.room_in_booking VALUES (1736, 1736, 38, '2019-04-19', '2019-04-23');
INSERT INTO public.room_in_booking VALUES (1737, 1737, 2, '2019-05-22', '2019-05-25');
INSERT INTO public.room_in_booking VALUES (1738, 1738, 97, '2019-05-02', '2019-05-06');
INSERT INTO public.room_in_booking VALUES (1739, 1739, 170, '2019-04-19', '2019-04-23');
INSERT INTO public.room_in_booking VALUES (1740, 1740, 128, '2019-03-23', '2019-04-02');
INSERT INTO public.room_in_booking VALUES (1741, 1741, 116, '2019-03-25', '2019-03-31');
INSERT INTO public.room_in_booking VALUES (1742, 1742, 45, '2019-04-27', '2019-04-30');
INSERT INTO public.room_in_booking VALUES (1743, 1743, 66, '2019-03-12', '2019-03-14');
INSERT INTO public.room_in_booking VALUES (1744, 1744, 50, '2019-04-26', '2019-04-30');
INSERT INTO public.room_in_booking VALUES (1745, 1745, 52, '2019-05-03', '2019-05-04');
INSERT INTO public.room_in_booking VALUES (1746, 1746, 170, '2019-05-07', '2019-05-15');
INSERT INTO public.room_in_booking VALUES (1747, 1747, 115, '2019-05-07', '2019-05-09');
INSERT INTO public.room_in_booking VALUES (1748, 1748, 145, '2019-05-30', '2019-06-07');
INSERT INTO public.room_in_booking VALUES (1749, 1749, 161, '2019-05-04', '2019-05-12');
INSERT INTO public.room_in_booking VALUES (1750, 1750, 22, '2019-05-19', '2019-05-21');
INSERT INTO public.room_in_booking VALUES (1751, 1751, 133, '2019-03-01', '2019-03-10');
INSERT INTO public.room_in_booking VALUES (1752, 1752, 24, '2019-04-16', '2019-04-20');
INSERT INTO public.room_in_booking VALUES (1753, 1753, 174, '2019-05-30', '2019-06-01');
INSERT INTO public.room_in_booking VALUES (1754, 1754, 133, '2019-04-22', '2019-04-25');
INSERT INTO public.room_in_booking VALUES (1755, 1755, 18, '2019-04-12', '2019-04-20');
INSERT INTO public.room_in_booking VALUES (1756, 1756, 151, '2019-05-03', '2019-05-10');
INSERT INTO public.room_in_booking VALUES (1757, 1757, 169, '2019-03-16', '2019-03-19');
INSERT INTO public.room_in_booking VALUES (1758, 1758, 33, '2019-03-25', '2019-04-01');
INSERT INTO public.room_in_booking VALUES (1759, 1759, 152, '2019-05-11', '2019-05-16');
INSERT INTO public.room_in_booking VALUES (1760, 1760, 58, '2019-05-30', '2019-06-07');
INSERT INTO public.room_in_booking VALUES (1761, 1761, 63, '2019-03-05', '2019-03-12');
INSERT INTO public.room_in_booking VALUES (1762, 1762, 114, '2019-04-24', '2019-04-29');
INSERT INTO public.room_in_booking VALUES (1763, 1763, 91, '2019-04-29', '2019-05-03');
INSERT INTO public.room_in_booking VALUES (1764, 1764, 111, '2019-05-31', '2019-06-09');
INSERT INTO public.room_in_booking VALUES (1765, 1765, 54, '2019-04-21', '2019-04-25');
INSERT INTO public.room_in_booking VALUES (1766, 1766, 159, '2019-04-26', '2019-05-03');
INSERT INTO public.room_in_booking VALUES (1767, 1767, 158, '2019-04-07', '2019-04-14');
INSERT INTO public.room_in_booking VALUES (1768, 1768, 168, '2019-04-01', '2019-04-08');
INSERT INTO public.room_in_booking VALUES (1769, 1769, 93, '2019-03-03', '2019-03-06');
INSERT INTO public.room_in_booking VALUES (1770, 1770, 16, '2019-04-11', '2019-04-12');
INSERT INTO public.room_in_booking VALUES (1771, 1771, 180, '2019-05-03', '2019-05-13');
INSERT INTO public.room_in_booking VALUES (1772, 1772, 59, '2019-05-17', '2019-05-25');
INSERT INTO public.room_in_booking VALUES (1773, 1773, 32, '2019-04-09', '2019-04-11');
INSERT INTO public.room_in_booking VALUES (1774, 1774, 99, '2019-04-14', '2019-04-20');
INSERT INTO public.room_in_booking VALUES (1775, 1775, 149, '2019-04-07', '2019-04-09');
INSERT INTO public.room_in_booking VALUES (1776, 1776, 144, '2019-03-06', '2019-03-07');
INSERT INTO public.room_in_booking VALUES (1777, 1777, 68, '2019-04-09', '2019-04-12');
INSERT INTO public.room_in_booking VALUES (1778, 1778, 102, '2019-05-16', '2019-05-21');
INSERT INTO public.room_in_booking VALUES (1779, 1779, 87, '2019-05-13', '2019-05-17');
INSERT INTO public.room_in_booking VALUES (1780, 1780, 16, '2019-03-17', '2019-03-27');
INSERT INTO public.room_in_booking VALUES (1781, 1781, 121, '2019-05-02', '2019-05-04');
INSERT INTO public.room_in_booking VALUES (1782, 1782, 58, '2019-05-25', '2019-06-03');
INSERT INTO public.room_in_booking VALUES (1783, 1783, 76, '2019-03-15', '2019-03-22');
INSERT INTO public.room_in_booking VALUES (1784, 1784, 111, '2019-04-22', '2019-04-26');
INSERT INTO public.room_in_booking VALUES (1785, 1785, 16, '2019-03-22', '2019-03-28');
INSERT INTO public.room_in_booking VALUES (1786, 1786, 13, '2019-05-14', '2019-05-17');
INSERT INTO public.room_in_booking VALUES (1787, 1787, 27, '2019-04-19', '2019-04-27');
INSERT INTO public.room_in_booking VALUES (1788, 1788, 82, '2019-03-31', '2019-04-10');
INSERT INTO public.room_in_booking VALUES (1789, 1789, 126, '2019-05-12', '2019-05-22');
INSERT INTO public.room_in_booking VALUES (1790, 1790, 106, '2019-04-15', '2019-04-25');
INSERT INTO public.room_in_booking VALUES (1791, 1791, 170, '2019-05-24', '2019-05-29');
INSERT INTO public.room_in_booking VALUES (1792, 1792, 93, '2019-04-18', '2019-04-19');
INSERT INTO public.room_in_booking VALUES (1793, 1793, 12, '2019-03-19', '2019-03-28');
INSERT INTO public.room_in_booking VALUES (1794, 1794, 79, '2019-05-04', '2019-05-05');
INSERT INTO public.room_in_booking VALUES (1795, 1795, 144, '2019-03-21', '2019-03-29');
INSERT INTO public.room_in_booking VALUES (1796, 1796, 106, '2019-03-10', '2019-03-16');
INSERT INTO public.room_in_booking VALUES (1797, 1797, 170, '2019-03-30', '2019-04-08');
INSERT INTO public.room_in_booking VALUES (1798, 1798, 33, '2019-03-22', '2019-04-01');
INSERT INTO public.room_in_booking VALUES (1799, 1799, 108, '2019-05-17', '2019-05-24');
INSERT INTO public.room_in_booking VALUES (1800, 1800, 111, '2019-05-07', '2019-05-15');
INSERT INTO public.room_in_booking VALUES (1801, 1801, 135, '2019-05-31', '2019-06-06');
INSERT INTO public.room_in_booking VALUES (1802, 1802, 48, '2019-03-30', '2019-04-04');
INSERT INTO public.room_in_booking VALUES (1803, 1803, 111, '2019-05-30', '2019-06-01');
INSERT INTO public.room_in_booking VALUES (1804, 1804, 156, '2019-05-19', '2019-05-20');
INSERT INTO public.room_in_booking VALUES (1805, 1805, 169, '2019-03-22', '2019-03-29');
INSERT INTO public.room_in_booking VALUES (1806, 1806, 17, '2019-05-10', '2019-05-12');
INSERT INTO public.room_in_booking VALUES (1807, 1807, 143, '2019-05-14', '2019-05-21');
INSERT INTO public.room_in_booking VALUES (1808, 1808, 144, '2019-05-21', '2019-05-30');
INSERT INTO public.room_in_booking VALUES (1809, 1809, 173, '2019-05-01', '2019-05-04');
INSERT INTO public.room_in_booking VALUES (1810, 1810, 73, '2019-03-28', '2019-04-07');
INSERT INTO public.room_in_booking VALUES (1811, 1811, 113, '2019-03-29', '2019-04-07');
INSERT INTO public.room_in_booking VALUES (1812, 1812, 25, '2019-03-22', '2019-03-24');
INSERT INTO public.room_in_booking VALUES (1813, 1813, 33, '2019-03-14', '2019-03-24');
INSERT INTO public.room_in_booking VALUES (1814, 1814, 115, '2019-05-27', '2019-05-29');
INSERT INTO public.room_in_booking VALUES (1815, 1815, 36, '2019-03-27', '2019-04-02');
INSERT INTO public.room_in_booking VALUES (1816, 1816, 61, '2019-03-24', '2019-04-03');
INSERT INTO public.room_in_booking VALUES (1817, 1817, 110, '2019-04-14', '2019-04-17');
INSERT INTO public.room_in_booking VALUES (1818, 1818, 56, '2019-03-05', '2019-03-07');
INSERT INTO public.room_in_booking VALUES (1819, 1819, 132, '2019-04-05', '2019-04-09');
INSERT INTO public.room_in_booking VALUES (1820, 1820, 162, '2019-03-11', '2019-03-19');
INSERT INTO public.room_in_booking VALUES (1821, 1821, 162, '2019-04-01', '2019-04-03');
INSERT INTO public.room_in_booking VALUES (1822, 1822, 88, '2019-05-29', '2019-06-06');
INSERT INTO public.room_in_booking VALUES (1823, 1823, 27, '2019-05-03', '2019-05-04');
INSERT INTO public.room_in_booking VALUES (1824, 1824, 83, '2019-03-19', '2019-03-26');
INSERT INTO public.room_in_booking VALUES (1825, 1825, 54, '2019-05-17', '2019-05-26');
INSERT INTO public.room_in_booking VALUES (1826, 1826, 18, '2019-03-29', '2019-04-07');
INSERT INTO public.room_in_booking VALUES (1827, 1827, 50, '2019-05-19', '2019-05-21');
INSERT INTO public.room_in_booking VALUES (1828, 1828, 93, '2019-04-22', '2019-04-27');
INSERT INTO public.room_in_booking VALUES (1829, 1829, 170, '2019-03-22', '2019-03-31');
INSERT INTO public.room_in_booking VALUES (1830, 1830, 101, '2019-05-12', '2019-05-21');
INSERT INTO public.room_in_booking VALUES (1831, 1831, 114, '2019-04-26', '2019-04-28');
INSERT INTO public.room_in_booking VALUES (1832, 1832, 5, '2019-05-29', '2019-06-08');
INSERT INTO public.room_in_booking VALUES (1833, 1833, 39, '2019-04-02', '2019-04-07');
INSERT INTO public.room_in_booking VALUES (1834, 1834, 91, '2019-05-09', '2019-05-17');
INSERT INTO public.room_in_booking VALUES (1835, 1835, 82, '2019-04-22', '2019-04-25');
INSERT INTO public.room_in_booking VALUES (1836, 1836, 111, '2019-03-08', '2019-03-13');
INSERT INTO public.room_in_booking VALUES (1837, 1837, 23, '2019-05-17', '2019-05-18');
INSERT INTO public.room_in_booking VALUES (1838, 1838, 41, '2019-04-19', '2019-04-21');
INSERT INTO public.room_in_booking VALUES (1839, 1839, 68, '2019-03-08', '2019-03-10');
INSERT INTO public.room_in_booking VALUES (1840, 1840, 56, '2019-04-10', '2019-04-14');
INSERT INTO public.room_in_booking VALUES (1841, 1841, 89, '2019-04-14', '2019-04-18');
INSERT INTO public.room_in_booking VALUES (1842, 1842, 129, '2019-04-27', '2019-05-01');
INSERT INTO public.room_in_booking VALUES (1843, 1843, 154, '2019-03-12', '2019-03-18');
INSERT INTO public.room_in_booking VALUES (1844, 1844, 46, '2019-04-03', '2019-04-04');
INSERT INTO public.room_in_booking VALUES (1845, 1845, 147, '2019-04-05', '2019-04-07');
INSERT INTO public.room_in_booking VALUES (1846, 1846, 80, '2019-04-05', '2019-04-13');
INSERT INTO public.room_in_booking VALUES (1847, 1847, 18, '2019-04-17', '2019-04-27');
INSERT INTO public.room_in_booking VALUES (1848, 1848, 61, '2019-03-31', '2019-04-10');
INSERT INTO public.room_in_booking VALUES (1849, 1849, 161, '2019-03-11', '2019-03-12');
INSERT INTO public.room_in_booking VALUES (1850, 1850, 108, '2019-04-24', '2019-04-26');
INSERT INTO public.room_in_booking VALUES (1851, 1851, 136, '2019-03-08', '2019-03-10');
INSERT INTO public.room_in_booking VALUES (1852, 1852, 26, '2019-03-11', '2019-03-21');
INSERT INTO public.room_in_booking VALUES (1853, 1853, 69, '2019-03-22', '2019-03-24');
INSERT INTO public.room_in_booking VALUES (1854, 1854, 45, '2019-04-18', '2019-04-21');
INSERT INTO public.room_in_booking VALUES (1855, 1855, 43, '2019-03-12', '2019-03-17');
INSERT INTO public.room_in_booking VALUES (1856, 1856, 61, '2019-03-12', '2019-03-16');
INSERT INTO public.room_in_booking VALUES (1857, 1857, 162, '2019-05-27', '2019-05-31');
INSERT INTO public.room_in_booking VALUES (1858, 1858, 64, '2019-05-10', '2019-05-16');
INSERT INTO public.room_in_booking VALUES (1859, 1859, 46, '2019-03-08', '2019-03-18');
INSERT INTO public.room_in_booking VALUES (1860, 1860, 144, '2019-04-24', '2019-05-03');
INSERT INTO public.room_in_booking VALUES (1861, 1861, 167, '2019-03-01', '2019-03-10');
INSERT INTO public.room_in_booking VALUES (1862, 1862, 156, '2019-05-01', '2019-05-02');
INSERT INTO public.room_in_booking VALUES (1863, 1863, 133, '2019-04-30', '2019-05-09');
INSERT INTO public.room_in_booking VALUES (1864, 1864, 167, '2019-05-06', '2019-05-09');
INSERT INTO public.room_in_booking VALUES (1865, 1865, 104, '2019-04-26', '2019-04-29');
INSERT INTO public.room_in_booking VALUES (1866, 1866, 45, '2019-05-31', '2019-06-03');
INSERT INTO public.room_in_booking VALUES (1867, 1867, 58, '2019-04-07', '2019-04-13');
INSERT INTO public.room_in_booking VALUES (1868, 1868, 151, '2019-04-29', '2019-05-05');
INSERT INTO public.room_in_booking VALUES (1869, 1869, 6, '2019-05-23', '2019-05-24');
INSERT INTO public.room_in_booking VALUES (1870, 1870, 174, '2019-04-18', '2019-04-19');
INSERT INTO public.room_in_booking VALUES (1871, 1871, 146, '2019-03-28', '2019-04-06');
INSERT INTO public.room_in_booking VALUES (1872, 1872, 161, '2019-05-02', '2019-05-05');
INSERT INTO public.room_in_booking VALUES (1873, 1873, 134, '2019-03-08', '2019-03-18');
INSERT INTO public.room_in_booking VALUES (1874, 1874, 140, '2019-05-21', '2019-05-29');
INSERT INTO public.room_in_booking VALUES (1875, 1875, 4, '2019-05-24', '2019-06-03');
INSERT INTO public.room_in_booking VALUES (1876, 1876, 13, '2019-03-30', '2019-04-06');
INSERT INTO public.room_in_booking VALUES (1877, 1877, 48, '2019-04-26', '2019-04-27');
INSERT INTO public.room_in_booking VALUES (1878, 1878, 8, '2019-03-17', '2019-03-20');
INSERT INTO public.room_in_booking VALUES (1879, 1879, 101, '2019-04-09', '2019-04-14');
INSERT INTO public.room_in_booking VALUES (1880, 1880, 129, '2019-05-19', '2019-05-28');
INSERT INTO public.room_in_booking VALUES (1881, 1881, 8, '2019-03-28', '2019-04-01');
INSERT INTO public.room_in_booking VALUES (1882, 1882, 139, '2019-04-28', '2019-05-06');
INSERT INTO public.room_in_booking VALUES (1883, 1883, 18, '2019-05-12', '2019-05-22');
INSERT INTO public.room_in_booking VALUES (1884, 1884, 89, '2019-04-03', '2019-04-10');
INSERT INTO public.room_in_booking VALUES (1885, 1885, 113, '2019-05-07', '2019-05-09');
INSERT INTO public.room_in_booking VALUES (1886, 1886, 125, '2019-05-22', '2019-05-25');
INSERT INTO public.room_in_booking VALUES (1887, 1887, 155, '2019-04-09', '2019-04-17');
INSERT INTO public.room_in_booking VALUES (1888, 1888, 156, '2019-05-06', '2019-05-16');
INSERT INTO public.room_in_booking VALUES (1889, 1889, 51, '2019-03-13', '2019-03-22');
INSERT INTO public.room_in_booking VALUES (1890, 1890, 5, '2019-04-23', '2019-04-28');
INSERT INTO public.room_in_booking VALUES (1891, 1891, 135, '2019-03-30', '2019-04-08');
INSERT INTO public.room_in_booking VALUES (1892, 1892, 111, '2019-03-20', '2019-03-24');
INSERT INTO public.room_in_booking VALUES (1893, 1893, 34, '2019-05-15', '2019-05-25');
INSERT INTO public.room_in_booking VALUES (1894, 1894, 5, '2019-03-17', '2019-03-19');
INSERT INTO public.room_in_booking VALUES (1895, 1895, 169, '2019-03-04', '2019-03-12');
INSERT INTO public.room_in_booking VALUES (1896, 1896, 101, '2019-04-30', '2019-05-10');
INSERT INTO public.room_in_booking VALUES (1897, 1897, 118, '2019-03-01', '2019-03-04');
INSERT INTO public.room_in_booking VALUES (1898, 1898, 9, '2019-04-20', '2019-04-25');
INSERT INTO public.room_in_booking VALUES (1899, 1899, 57, '2019-04-11', '2019-04-20');
INSERT INTO public.room_in_booking VALUES (1900, 1900, 45, '2019-03-24', '2019-03-29');
INSERT INTO public.room_in_booking VALUES (1901, 1901, 135, '2019-03-09', '2019-03-17');
INSERT INTO public.room_in_booking VALUES (1902, 1902, 71, '2019-03-06', '2019-03-15');
INSERT INTO public.room_in_booking VALUES (1903, 1903, 134, '2019-05-09', '2019-05-10');
INSERT INTO public.room_in_booking VALUES (1904, 1904, 102, '2019-05-02', '2019-05-05');
INSERT INTO public.room_in_booking VALUES (1905, 1905, 28, '2019-05-01', '2019-05-11');
INSERT INTO public.room_in_booking VALUES (1906, 1906, 70, '2019-03-14', '2019-03-22');
INSERT INTO public.room_in_booking VALUES (1907, 1907, 120, '2019-05-04', '2019-05-11');
INSERT INTO public.room_in_booking VALUES (1908, 1908, 119, '2019-05-17', '2019-05-26');
INSERT INTO public.room_in_booking VALUES (1909, 1909, 166, '2019-03-22', '2019-03-29');
INSERT INTO public.room_in_booking VALUES (1910, 1910, 77, '2019-04-08', '2019-04-10');
INSERT INTO public.room_in_booking VALUES (1911, 1911, 136, '2019-04-16', '2019-04-26');
INSERT INTO public.room_in_booking VALUES (1912, 1912, 114, '2019-03-09', '2019-03-13');
INSERT INTO public.room_in_booking VALUES (1913, 1913, 172, '2019-03-11', '2019-03-19');
INSERT INTO public.room_in_booking VALUES (1914, 1914, 173, '2019-05-28', '2019-06-03');
INSERT INTO public.room_in_booking VALUES (1915, 1915, 106, '2019-04-12', '2019-04-22');
INSERT INTO public.room_in_booking VALUES (1916, 1916, 177, '2019-05-15', '2019-05-22');
INSERT INTO public.room_in_booking VALUES (1917, 1917, 86, '2019-03-02', '2019-03-05');
INSERT INTO public.room_in_booking VALUES (1918, 1918, 9, '2019-03-07', '2019-03-10');
INSERT INTO public.room_in_booking VALUES (1919, 1919, 103, '2019-05-22', '2019-05-27');
INSERT INTO public.room_in_booking VALUES (1920, 1920, 129, '2019-04-23', '2019-04-28');
INSERT INTO public.room_in_booking VALUES (1921, 1921, 171, '2019-04-23', '2019-04-27');
INSERT INTO public.room_in_booking VALUES (1922, 1922, 106, '2019-03-27', '2019-04-06');
INSERT INTO public.room_in_booking VALUES (1923, 1923, 100, '2019-04-06', '2019-04-14');
INSERT INTO public.room_in_booking VALUES (1924, 1924, 123, '2019-05-15', '2019-05-16');
INSERT INTO public.room_in_booking VALUES (1925, 1925, 121, '2019-05-12', '2019-05-15');
INSERT INTO public.room_in_booking VALUES (1926, 1926, 39, '2019-03-21', '2019-03-28');
INSERT INTO public.room_in_booking VALUES (1927, 1927, 104, '2019-04-25', '2019-05-03');
INSERT INTO public.room_in_booking VALUES (1928, 1928, 27, '2019-04-03', '2019-04-04');
INSERT INTO public.room_in_booking VALUES (1929, 1929, 26, '2019-04-03', '2019-04-11');
INSERT INTO public.room_in_booking VALUES (1930, 1930, 69, '2019-03-18', '2019-03-20');
INSERT INTO public.room_in_booking VALUES (1931, 1931, 64, '2019-04-19', '2019-04-28');
INSERT INTO public.room_in_booking VALUES (1932, 1932, 57, '2019-05-30', '2019-05-31');
INSERT INTO public.room_in_booking VALUES (1933, 1933, 104, '2019-03-12', '2019-03-16');
INSERT INTO public.room_in_booking VALUES (1934, 1934, 84, '2019-04-29', '2019-04-30');
INSERT INTO public.room_in_booking VALUES (1935, 1935, 109, '2019-05-18', '2019-05-24');
INSERT INTO public.room_in_booking VALUES (1936, 1936, 91, '2019-03-26', '2019-03-29');
INSERT INTO public.room_in_booking VALUES (1937, 1937, 37, '2019-04-27', '2019-05-07');
INSERT INTO public.room_in_booking VALUES (1938, 1938, 146, '2019-04-25', '2019-05-02');
INSERT INTO public.room_in_booking VALUES (1939, 1939, 86, '2019-03-12', '2019-03-18');
INSERT INTO public.room_in_booking VALUES (1940, 1940, 93, '2019-03-24', '2019-03-26');
INSERT INTO public.room_in_booking VALUES (1941, 1941, 33, '2019-05-04', '2019-05-13');
INSERT INTO public.room_in_booking VALUES (1942, 1942, 163, '2019-03-17', '2019-03-23');
INSERT INTO public.room_in_booking VALUES (1943, 1943, 122, '2019-03-15', '2019-03-16');
INSERT INTO public.room_in_booking VALUES (1944, 1944, 63, '2019-03-14', '2019-03-15');
INSERT INTO public.room_in_booking VALUES (1945, 1945, 132, '2019-04-07', '2019-04-12');
INSERT INTO public.room_in_booking VALUES (1946, 1946, 57, '2019-05-19', '2019-05-23');
INSERT INTO public.room_in_booking VALUES (1947, 1947, 140, '2019-03-23', '2019-03-24');
INSERT INTO public.room_in_booking VALUES (1948, 1948, 40, '2019-05-10', '2019-05-12');
INSERT INTO public.room_in_booking VALUES (1949, 1949, 100, '2019-04-22', '2019-04-26');
INSERT INTO public.room_in_booking VALUES (1950, 1950, 44, '2019-05-01', '2019-05-05');
INSERT INTO public.room_in_booking VALUES (1951, 1951, 141, '2019-05-25', '2019-06-04');
INSERT INTO public.room_in_booking VALUES (1952, 1952, 175, '2019-04-23', '2019-04-30');
INSERT INTO public.room_in_booking VALUES (1953, 1953, 122, '2019-04-11', '2019-04-12');
INSERT INTO public.room_in_booking VALUES (1954, 1954, 88, '2019-04-30', '2019-05-10');
INSERT INTO public.room_in_booking VALUES (1955, 1955, 30, '2019-05-04', '2019-05-11');
INSERT INTO public.room_in_booking VALUES (1956, 1956, 151, '2019-05-25', '2019-06-02');
INSERT INTO public.room_in_booking VALUES (1957, 1957, 167, '2019-04-30', '2019-05-04');
INSERT INTO public.room_in_booking VALUES (1958, 1958, 51, '2019-04-15', '2019-04-16');
INSERT INTO public.room_in_booking VALUES (1959, 1959, 81, '2019-04-21', '2019-04-30');
INSERT INTO public.room_in_booking VALUES (1960, 1960, 34, '2019-04-12', '2019-04-17');
INSERT INTO public.room_in_booking VALUES (1961, 1961, 105, '2019-05-14', '2019-05-19');
INSERT INTO public.room_in_booking VALUES (1962, 1962, 84, '2019-05-15', '2019-05-25');
INSERT INTO public.room_in_booking VALUES (1963, 1963, 45, '2019-03-23', '2019-03-28');
INSERT INTO public.room_in_booking VALUES (1964, 1964, 48, '2019-04-30', '2019-05-10');
INSERT INTO public.room_in_booking VALUES (1965, 1965, 122, '2019-04-07', '2019-04-13');
INSERT INTO public.room_in_booking VALUES (1966, 1966, 88, '2019-04-14', '2019-04-20');
INSERT INTO public.room_in_booking VALUES (1967, 1967, 153, '2019-05-02', '2019-05-10');
INSERT INTO public.room_in_booking VALUES (1968, 1968, 70, '2019-05-06', '2019-05-12');
INSERT INTO public.room_in_booking VALUES (1969, 1969, 55, '2019-03-13', '2019-03-21');
INSERT INTO public.room_in_booking VALUES (1970, 1970, 31, '2019-05-24', '2019-05-31');
INSERT INTO public.room_in_booking VALUES (1971, 1971, 94, '2019-03-26', '2019-04-03');
INSERT INTO public.room_in_booking VALUES (1972, 1972, 63, '2019-03-18', '2019-03-26');
INSERT INTO public.room_in_booking VALUES (1973, 1973, 40, '2019-05-29', '2019-06-01');
INSERT INTO public.room_in_booking VALUES (1974, 1974, 99, '2019-03-30', '2019-04-06');
INSERT INTO public.room_in_booking VALUES (1975, 1975, 15, '2019-03-19', '2019-03-28');
INSERT INTO public.room_in_booking VALUES (1976, 1976, 98, '2019-04-04', '2019-04-08');
INSERT INTO public.room_in_booking VALUES (1977, 1977, 162, '2019-03-18', '2019-03-22');
INSERT INTO public.room_in_booking VALUES (1978, 1978, 20, '2019-04-19', '2019-04-27');
INSERT INTO public.room_in_booking VALUES (1979, 1979, 88, '2019-03-31', '2019-04-08');
INSERT INTO public.room_in_booking VALUES (1980, 1980, 61, '2019-03-09', '2019-03-14');
INSERT INTO public.room_in_booking VALUES (1981, 1981, 19, '2019-04-21', '2019-04-26');
INSERT INTO public.room_in_booking VALUES (1982, 1982, 133, '2019-05-21', '2019-05-23');
INSERT INTO public.room_in_booking VALUES (1983, 1983, 151, '2019-04-30', '2019-05-07');
INSERT INTO public.room_in_booking VALUES (1984, 1984, 49, '2019-05-11', '2019-05-13');
INSERT INTO public.room_in_booking VALUES (1985, 1985, 61, '2019-03-17', '2019-03-21');
INSERT INTO public.room_in_booking VALUES (1986, 1986, 1, '2019-03-14', '2019-03-23');
INSERT INTO public.room_in_booking VALUES (1987, 1987, 105, '2019-03-13', '2019-03-21');
INSERT INTO public.room_in_booking VALUES (1988, 1988, 176, '2019-05-14', '2019-05-24');
INSERT INTO public.room_in_booking VALUES (1989, 1989, 88, '2019-03-19', '2019-03-28');
INSERT INTO public.room_in_booking VALUES (1990, 1990, 7, '2019-03-04', '2019-03-13');
INSERT INTO public.room_in_booking VALUES (1991, 1991, 68, '2019-04-03', '2019-04-06');
INSERT INTO public.room_in_booking VALUES (1992, 1992, 46, '2019-05-25', '2019-05-26');
INSERT INTO public.room_in_booking VALUES (1993, 1993, 25, '2019-05-08', '2019-05-16');
INSERT INTO public.room_in_booking VALUES (1994, 1994, 142, '2019-03-23', '2019-03-28');
INSERT INTO public.room_in_booking VALUES (1995, 1995, 2, '2019-03-25', '2019-03-26');
INSERT INTO public.room_in_booking VALUES (1996, 1996, 89, '2019-03-29', '2019-04-06');
INSERT INTO public.room_in_booking VALUES (1997, 1997, 95, '2019-05-11', '2019-05-12');
INSERT INTO public.room_in_booking VALUES (1998, 1998, 134, '2019-05-10', '2019-05-12');
INSERT INTO public.room_in_booking VALUES (1999, 1999, 164, '2019-03-08', '2019-03-10');
INSERT INTO public.room_in_booking VALUES (2000, 2000, 95, '2019-03-19', '2019-03-29');
INSERT INTO public.room_in_booking VALUES (2001, 1803, 24, '2019-03-09', '2019-03-15');
INSERT INTO public.room_in_booking VALUES (2002, 612, 145, '2019-05-04', '2019-05-11');
INSERT INTO public.room_in_booking VALUES (2003, 1213, 138, '2019-03-15', '2019-03-18');
INSERT INTO public.room_in_booking VALUES (2004, 1914, 94, '2019-03-12', '2019-03-17');
INSERT INTO public.room_in_booking VALUES (2005, 641, 114, '2019-04-18', '2019-04-26');
INSERT INTO public.room_in_booking VALUES (2006, 1168, 83, '2019-04-02', '2019-04-06');
INSERT INTO public.room_in_booking VALUES (2007, 1264, 84, '2019-03-23', '2019-03-29');
INSERT INTO public.room_in_booking VALUES (2008, 482, 144, '2019-04-06', '2019-04-11');
INSERT INTO public.room_in_booking VALUES (2009, 335, 26, '2019-05-26', '2019-06-04');
INSERT INTO public.room_in_booking VALUES (2010, 820, 133, '2019-04-08', '2019-04-13');
INSERT INTO public.room_in_booking VALUES (2011, 647, 61, '2019-05-04', '2019-05-11');
INSERT INTO public.room_in_booking VALUES (2012, 353, 85, '2019-04-09', '2019-04-10');
INSERT INTO public.room_in_booking VALUES (2013, 84, 6, '2019-05-17', '2019-05-23');
INSERT INTO public.room_in_booking VALUES (2014, 183, 143, '2019-05-19', '2019-05-24');
INSERT INTO public.room_in_booking VALUES (2015, 201, 134, '2019-05-23', '2019-05-27');
INSERT INTO public.room_in_booking VALUES (2016, 884, 180, '2019-04-10', '2019-04-20');
INSERT INTO public.room_in_booking VALUES (2017, 335, 122, '2019-03-20', '2019-03-28');
INSERT INTO public.room_in_booking VALUES (2018, 350, 108, '2019-03-01', '2019-03-06');
INSERT INTO public.room_in_booking VALUES (2019, 1192, 110, '2019-04-26', '2019-04-27');
INSERT INTO public.room_in_booking VALUES (2020, 1553, 53, '2019-04-01', '2019-04-09');
INSERT INTO public.room_in_booking VALUES (2021, 154, 73, '2019-05-14', '2019-05-16');
INSERT INTO public.room_in_booking VALUES (2022, 270, 79, '2019-05-17', '2019-05-25');
INSERT INTO public.room_in_booking VALUES (2023, 1353, 36, '2019-05-17', '2019-05-27');
INSERT INTO public.room_in_booking VALUES (2024, 1904, 89, '2019-03-27', '2019-04-06');
INSERT INTO public.room_in_booking VALUES (2025, 1797, 179, '2019-03-11', '2019-03-15');
INSERT INTO public.room_in_booking VALUES (2026, 1760, 120, '2019-03-22', '2019-04-01');
INSERT INTO public.room_in_booking VALUES (2027, 772, 160, '2019-03-21', '2019-03-26');
INSERT INTO public.room_in_booking VALUES (2028, 575, 112, '2019-05-24', '2019-05-30');
INSERT INTO public.room_in_booking VALUES (2029, 460, 152, '2019-03-04', '2019-03-06');
INSERT INTO public.room_in_booking VALUES (2030, 1992, 6, '2019-03-21', '2019-03-26');
INSERT INTO public.room_in_booking VALUES (2031, 1393, 121, '2019-05-01', '2019-05-10');
INSERT INTO public.room_in_booking VALUES (2032, 425, 155, '2019-03-18', '2019-03-28');
INSERT INTO public.room_in_booking VALUES (2033, 746, 108, '2019-05-09', '2019-05-19');
INSERT INTO public.room_in_booking VALUES (2034, 271, 134, '2019-04-17', '2019-04-26');
INSERT INTO public.room_in_booking VALUES (2035, 629, 9, '2019-05-22', '2019-06-01');
INSERT INTO public.room_in_booking VALUES (2036, 1985, 53, '2019-04-06', '2019-04-11');
INSERT INTO public.room_in_booking VALUES (2037, 151, 17, '2019-05-15', '2019-05-20');
INSERT INTO public.room_in_booking VALUES (2038, 1667, 137, '2019-04-13', '2019-04-23');
INSERT INTO public.room_in_booking VALUES (2039, 273, 94, '2019-05-27', '2019-06-06');
INSERT INTO public.room_in_booking VALUES (2040, 1473, 120, '2019-03-11', '2019-03-21');
INSERT INTO public.room_in_booking VALUES (2041, 1663, 122, '2019-03-28', '2019-04-06');
INSERT INTO public.room_in_booking VALUES (2042, 177, 127, '2019-03-01', '2019-03-05');
INSERT INTO public.room_in_booking VALUES (2043, 1229, 134, '2019-05-03', '2019-05-13');
INSERT INTO public.room_in_booking VALUES (2044, 1539, 144, '2019-05-11', '2019-05-13');
INSERT INTO public.room_in_booking VALUES (2045, 1607, 43, '2019-05-06', '2019-05-10');
INSERT INTO public.room_in_booking VALUES (2046, 300, 75, '2019-05-11', '2019-05-19');
INSERT INTO public.room_in_booking VALUES (2047, 1782, 9, '2019-05-25', '2019-05-29');
INSERT INTO public.room_in_booking VALUES (2048, 1927, 82, '2019-03-15', '2019-03-23');
INSERT INTO public.room_in_booking VALUES (2049, 504, 52, '2019-03-21', '2019-03-26');
INSERT INTO public.room_in_booking VALUES (2050, 1284, 25, '2019-04-03', '2019-04-05');
INSERT INTO public.room_in_booking VALUES (2051, 510, 116, '2019-03-02', '2019-03-08');
INSERT INTO public.room_in_booking VALUES (2052, 1989, 56, '2019-04-05', '2019-04-11');
INSERT INTO public.room_in_booking VALUES (2053, 651, 42, '2019-03-11', '2019-03-12');
INSERT INTO public.room_in_booking VALUES (2054, 1130, 39, '2019-05-25', '2019-05-28');
INSERT INTO public.room_in_booking VALUES (2055, 507, 47, '2019-03-17', '2019-03-27');
INSERT INTO public.room_in_booking VALUES (2056, 1274, 127, '2019-05-04', '2019-05-12');
INSERT INTO public.room_in_booking VALUES (2057, 1143, 71, '2019-05-22', '2019-05-23');
INSERT INTO public.room_in_booking VALUES (2058, 979, 140, '2019-03-25', '2019-03-27');
INSERT INTO public.room_in_booking VALUES (2059, 312, 13, '2019-05-15', '2019-05-19');
INSERT INTO public.room_in_booking VALUES (2060, 422, 73, '2019-03-20', '2019-03-29');
INSERT INTO public.room_in_booking VALUES (2061, 45, 134, '2019-03-27', '2019-04-04');
INSERT INTO public.room_in_booking VALUES (2062, 1232, 42, '2019-03-15', '2019-03-16');
INSERT INTO public.room_in_booking VALUES (2063, 1165, 102, '2019-05-10', '2019-05-12');
INSERT INTO public.room_in_booking VALUES (2064, 829, 129, '2019-03-25', '2019-03-27');
INSERT INTO public.room_in_booking VALUES (2065, 271, 58, '2019-03-29', '2019-04-05');
INSERT INTO public.room_in_booking VALUES (2066, 1170, 94, '2019-05-11', '2019-05-12');
INSERT INTO public.room_in_booking VALUES (2067, 1931, 99, '2019-04-02', '2019-04-05');
INSERT INTO public.room_in_booking VALUES (2068, 43, 162, '2019-04-27', '2019-05-02');
INSERT INTO public.room_in_booking VALUES (2069, 1385, 177, '2019-05-21', '2019-05-27');
INSERT INTO public.room_in_booking VALUES (2070, 1146, 51, '2019-03-09', '2019-03-10');
INSERT INTO public.room_in_booking VALUES (2071, 1851, 17, '2019-03-16', '2019-03-20');
INSERT INTO public.room_in_booking VALUES (2072, 1329, 53, '2019-04-28', '2019-05-04');
INSERT INTO public.room_in_booking VALUES (2073, 973, 178, '2019-03-01', '2019-03-09');
INSERT INTO public.room_in_booking VALUES (2074, 428, 36, '2019-05-03', '2019-05-13');
INSERT INTO public.room_in_booking VALUES (2075, 523, 173, '2019-04-16', '2019-04-24');
INSERT INTO public.room_in_booking VALUES (2076, 1412, 138, '2019-05-11', '2019-05-21');
INSERT INTO public.room_in_booking VALUES (2077, 566, 2, '2019-05-02', '2019-05-07');
INSERT INTO public.room_in_booking VALUES (2078, 1566, 139, '2019-05-14', '2019-05-19');
INSERT INTO public.room_in_booking VALUES (2079, 1754, 73, '2019-05-08', '2019-05-17');
INSERT INTO public.room_in_booking VALUES (2080, 1535, 131, '2019-04-04', '2019-04-10');
INSERT INTO public.room_in_booking VALUES (2081, 1205, 5, '2019-05-27', '2019-05-28');
INSERT INTO public.room_in_booking VALUES (2082, 1695, 21, '2019-05-10', '2019-05-20');
INSERT INTO public.room_in_booking VALUES (2083, 789, 150, '2019-05-12', '2019-05-15');
INSERT INTO public.room_in_booking VALUES (2084, 1775, 24, '2019-05-13', '2019-05-17');
INSERT INTO public.room_in_booking VALUES (2085, 928, 153, '2019-03-16', '2019-03-26');
INSERT INTO public.room_in_booking VALUES (2086, 135, 44, '2019-05-26', '2019-05-27');
INSERT INTO public.room_in_booking VALUES (2087, 28, 141, '2019-05-16', '2019-05-21');
INSERT INTO public.room_in_booking VALUES (2088, 756, 149, '2019-05-11', '2019-05-21');
INSERT INTO public.room_in_booking VALUES (2089, 1071, 112, '2019-05-19', '2019-05-21');
INSERT INTO public.room_in_booking VALUES (2090, 1742, 72, '2019-05-13', '2019-05-16');
INSERT INTO public.room_in_booking VALUES (2091, 1309, 114, '2019-04-11', '2019-04-18');
INSERT INTO public.room_in_booking VALUES (2092, 1965, 174, '2019-04-17', '2019-04-21');
INSERT INTO public.room_in_booking VALUES (2093, 1532, 146, '2019-05-02', '2019-05-09');
INSERT INTO public.room_in_booking VALUES (2094, 1596, 7, '2019-03-16', '2019-03-26');
INSERT INTO public.room_in_booking VALUES (2095, 256, 62, '2019-05-29', '2019-06-06');
INSERT INTO public.room_in_booking VALUES (2096, 517, 32, '2019-05-06', '2019-05-11');
INSERT INTO public.room_in_booking VALUES (2097, 1855, 5, '2019-05-07', '2019-05-11');
INSERT INTO public.room_in_booking VALUES (2098, 1737, 73, '2019-03-08', '2019-03-12');
INSERT INTO public.room_in_booking VALUES (2099, 1194, 46, '2019-04-18', '2019-04-22');
INSERT INTO public.room_in_booking VALUES (2100, 1098, 40, '2019-03-10', '2019-03-15');
INSERT INTO public.room_in_booking VALUES (2101, 785, 86, '2019-04-25', '2019-04-29');
INSERT INTO public.room_in_booking VALUES (2102, 879, 139, '2019-04-11', '2019-04-15');
INSERT INTO public.room_in_booking VALUES (2103, 1704, 47, '2019-05-05', '2019-05-06');
INSERT INTO public.room_in_booking VALUES (2104, 1934, 48, '2019-04-27', '2019-05-06');
INSERT INTO public.room_in_booking VALUES (2105, 213, 102, '2019-03-11', '2019-03-18');
INSERT INTO public.room_in_booking VALUES (2106, 831, 131, '2019-05-25', '2019-05-26');
INSERT INTO public.room_in_booking VALUES (2107, 851, 137, '2019-04-17', '2019-04-24');
INSERT INTO public.room_in_booking VALUES (2108, 1682, 103, '2019-05-05', '2019-05-09');
INSERT INTO public.room_in_booking VALUES (2109, 297, 15, '2019-04-05', '2019-04-06');
INSERT INTO public.room_in_booking VALUES (2110, 247, 12, '2019-04-30', '2019-05-06');
INSERT INTO public.room_in_booking VALUES (2111, 142, 105, '2019-04-04', '2019-04-08');
INSERT INTO public.room_in_booking VALUES (2112, 1034, 47, '2019-03-07', '2019-03-14');
INSERT INTO public.room_in_booking VALUES (2113, 1172, 167, '2019-05-22', '2019-05-27');
INSERT INTO public.room_in_booking VALUES (2114, 313, 93, '2019-03-17', '2019-03-22');
INSERT INTO public.room_in_booking VALUES (2115, 566, 137, '2019-04-15', '2019-04-24');
INSERT INTO public.room_in_booking VALUES (2116, 914, 175, '2019-04-21', '2019-04-23');
INSERT INTO public.room_in_booking VALUES (2117, 509, 116, '2019-04-27', '2019-04-28');
INSERT INTO public.room_in_booking VALUES (2118, 1233, 122, '2019-03-14', '2019-03-17');
INSERT INTO public.room_in_booking VALUES (2119, 1518, 1, '2019-03-20', '2019-03-21');
INSERT INTO public.room_in_booking VALUES (2120, 1107, 96, '2019-03-05', '2019-03-12');
INSERT INTO public.room_in_booking VALUES (2121, 1486, 58, '2019-05-10', '2019-05-19');
INSERT INTO public.room_in_booking VALUES (2122, 1648, 94, '2019-03-09', '2019-03-17');
INSERT INTO public.room_in_booking VALUES (2123, 1264, 151, '2019-04-04', '2019-04-07');
INSERT INTO public.room_in_booking VALUES (2124, 1409, 167, '2019-05-31', '2019-06-03');
INSERT INTO public.room_in_booking VALUES (2125, 953, 33, '2019-04-16', '2019-04-21');
INSERT INTO public.room_in_booking VALUES (2126, 1983, 59, '2019-04-09', '2019-04-19');
INSERT INTO public.room_in_booking VALUES (2127, 1603, 98, '2019-05-21', '2019-05-22');
INSERT INTO public.room_in_booking VALUES (2128, 331, 56, '2019-05-19', '2019-05-23');
INSERT INTO public.room_in_booking VALUES (2129, 1931, 69, '2019-03-24', '2019-03-27');
INSERT INTO public.room_in_booking VALUES (2130, 715, 89, '2019-03-02', '2019-03-05');
INSERT INTO public.room_in_booking VALUES (2131, 150, 181, '2019-03-20', '2019-03-29');
INSERT INTO public.room_in_booking VALUES (2132, 1727, 144, '2019-04-27', '2019-05-04');
INSERT INTO public.room_in_booking VALUES (2133, 870, 106, '2019-03-04', '2019-03-11');
INSERT INTO public.room_in_booking VALUES (2134, 1818, 116, '2019-03-28', '2019-04-03');
INSERT INTO public.room_in_booking VALUES (2135, 1302, 13, '2019-04-16', '2019-04-22');
INSERT INTO public.room_in_booking VALUES (2136, 100, 3, '2019-05-18', '2019-05-20');
INSERT INTO public.room_in_booking VALUES (2137, 1188, 83, '2019-05-13', '2019-05-19');
INSERT INTO public.room_in_booking VALUES (2138, 1268, 167, '2019-03-18', '2019-03-21');
INSERT INTO public.room_in_booking VALUES (2139, 1382, 158, '2019-04-28', '2019-05-04');
INSERT INTO public.room_in_booking VALUES (2140, 287, 152, '2019-05-08', '2019-05-14');
INSERT INTO public.room_in_booking VALUES (2141, 272, 23, '2019-03-03', '2019-03-06');
INSERT INTO public.room_in_booking VALUES (2142, 597, 62, '2019-04-13', '2019-04-22');
INSERT INTO public.room_in_booking VALUES (2143, 1791, 114, '2019-04-27', '2019-04-30');
INSERT INTO public.room_in_booking VALUES (2144, 1723, 99, '2019-04-07', '2019-04-13');
INSERT INTO public.room_in_booking VALUES (2145, 759, 91, '2019-05-21', '2019-05-25');
INSERT INTO public.room_in_booking VALUES (2146, 79, 113, '2019-04-28', '2019-05-08');
INSERT INTO public.room_in_booking VALUES (2147, 1429, 87, '2019-03-11', '2019-03-14');
INSERT INTO public.room_in_booking VALUES (2148, 348, 53, '2019-05-21', '2019-05-26');
INSERT INTO public.room_in_booking VALUES (2149, 1943, 85, '2019-05-31', '2019-06-05');
INSERT INTO public.room_in_booking VALUES (2150, 596, 62, '2019-03-16', '2019-03-25');
INSERT INTO public.room_in_booking VALUES (2151, 419, 170, '2019-03-25', '2019-03-26');
INSERT INTO public.room_in_booking VALUES (2152, 1809, 167, '2019-03-03', '2019-03-09');
INSERT INTO public.room_in_booking VALUES (2153, 1805, 149, '2019-05-27', '2019-06-06');
INSERT INTO public.room_in_booking VALUES (2154, 1286, 42, '2019-03-17', '2019-03-21');
INSERT INTO public.room_in_booking VALUES (2155, 416, 61, '2019-05-08', '2019-05-11');
INSERT INTO public.room_in_booking VALUES (2156, 1467, 69, '2019-05-27', '2019-06-03');
INSERT INTO public.room_in_booking VALUES (2157, 436, 173, '2019-03-07', '2019-03-09');
INSERT INTO public.room_in_booking VALUES (2158, 871, 128, '2019-05-11', '2019-05-15');
INSERT INTO public.room_in_booking VALUES (2159, 1712, 146, '2019-03-24', '2019-03-28');
INSERT INTO public.room_in_booking VALUES (2160, 91, 28, '2019-03-17', '2019-03-20');
INSERT INTO public.room_in_booking VALUES (2161, 827, 156, '2019-05-24', '2019-05-26');
INSERT INTO public.room_in_booking VALUES (2162, 1232, 72, '2019-03-04', '2019-03-13');
INSERT INTO public.room_in_booking VALUES (2163, 84, 7, '2019-05-01', '2019-05-08');
INSERT INTO public.room_in_booking VALUES (2164, 1984, 157, '2019-04-23', '2019-04-25');
INSERT INTO public.room_in_booking VALUES (2165, 193, 21, '2019-03-10', '2019-03-13');
INSERT INTO public.room_in_booking VALUES (2166, 1068, 44, '2019-03-29', '2019-04-04');
INSERT INTO public.room_in_booking VALUES (2167, 133, 123, '2019-03-13', '2019-03-23');
INSERT INTO public.room_in_booking VALUES (2168, 432, 104, '2019-04-06', '2019-04-11');
INSERT INTO public.room_in_booking VALUES (2169, 1808, 105, '2019-04-27', '2019-05-07');
INSERT INTO public.room_in_booking VALUES (2170, 1947, 102, '2019-04-04', '2019-04-06');
INSERT INTO public.room_in_booking VALUES (2171, 91, 73, '2019-03-19', '2019-03-25');
INSERT INTO public.room_in_booking VALUES (2172, 1890, 134, '2019-05-15', '2019-05-20');
INSERT INTO public.room_in_booking VALUES (2173, 857, 157, '2019-04-17', '2019-04-20');
INSERT INTO public.room_in_booking VALUES (2174, 1028, 97, '2019-03-27', '2019-04-05');
INSERT INTO public.room_in_booking VALUES (2175, 352, 177, '2019-04-08', '2019-04-16');
INSERT INTO public.room_in_booking VALUES (2176, 1928, 83, '2019-03-12', '2019-03-22');
INSERT INTO public.room_in_booking VALUES (2177, 1090, 108, '2019-03-15', '2019-03-19');
INSERT INTO public.room_in_booking VALUES (2178, 1458, 34, '2019-04-28', '2019-05-03');
INSERT INTO public.room_in_booking VALUES (2179, 579, 118, '2019-05-18', '2019-05-20');
INSERT INTO public.room_in_booking VALUES (2180, 1632, 96, '2019-05-08', '2019-05-18');
INSERT INTO public.room_in_booking VALUES (2181, 621, 27, '2019-05-31', '2019-06-03');
INSERT INTO public.room_in_booking VALUES (2182, 791, 108, '2019-05-08', '2019-05-18');
INSERT INTO public.room_in_booking VALUES (2183, 1914, 16, '2019-04-22', '2019-05-02');
INSERT INTO public.room_in_booking VALUES (2184, 1048, 25, '2019-05-13', '2019-05-21');
INSERT INTO public.room_in_booking VALUES (2185, 976, 7, '2019-04-18', '2019-04-20');
INSERT INTO public.room_in_booking VALUES (2186, 1059, 122, '2019-03-08', '2019-03-16');
INSERT INTO public.room_in_booking VALUES (2187, 751, 148, '2019-04-23', '2019-04-25');
INSERT INTO public.room_in_booking VALUES (2188, 1848, 9, '2019-05-19', '2019-05-26');
INSERT INTO public.room_in_booking VALUES (2189, 257, 13, '2019-04-12', '2019-04-15');
INSERT INTO public.room_in_booking VALUES (2190, 756, 71, '2019-04-01', '2019-04-09');
INSERT INTO public.room_in_booking VALUES (2191, 451, 147, '2019-05-31', '2019-06-08');
INSERT INTO public.room_in_booking VALUES (2192, 1984, 59, '2019-03-08', '2019-03-16');
INSERT INTO public.room_in_booking VALUES (2193, 353, 66, '2019-05-04', '2019-05-06');
INSERT INTO public.room_in_booking VALUES (2194, 1826, 149, '2019-05-30', '2019-06-07');
INSERT INTO public.room_in_booking VALUES (2195, 1421, 120, '2019-05-19', '2019-05-27');
INSERT INTO public.room_in_booking VALUES (2196, 176, 72, '2019-05-17', '2019-05-26');
INSERT INTO public.room_in_booking VALUES (2197, 1775, 156, '2019-03-05', '2019-03-08');
INSERT INTO public.room_in_booking VALUES (2198, 572, 93, '2019-05-14', '2019-05-24');
INSERT INTO public.room_in_booking VALUES (2199, 1707, 100, '2019-03-24', '2019-03-25');
INSERT INTO public.room_in_booking VALUES (2200, 1168, 179, '2019-03-15', '2019-03-21');
INSERT INTO public.room_in_booking VALUES (2201, 800, 176, '2019-05-05', '2019-05-13');
INSERT INTO public.room_in_booking VALUES (2202, 412, 98, '2019-03-16', '2019-03-19');
INSERT INTO public.room_in_booking VALUES (2203, 842, 77, '2019-03-22', '2019-03-27');
INSERT INTO public.room_in_booking VALUES (2204, 660, 117, '2019-05-30', '2019-06-07');
INSERT INTO public.room_in_booking VALUES (2205, 1704, 100, '2019-03-06', '2019-03-14');
INSERT INTO public.room_in_booking VALUES (2206, 1019, 67, '2019-05-13', '2019-05-17');
INSERT INTO public.room_in_booking VALUES (2207, 1426, 165, '2019-04-29', '2019-05-02');
INSERT INTO public.room_in_booking VALUES (2208, 1081, 52, '2019-04-28', '2019-04-30');
INSERT INTO public.room_in_booking VALUES (2209, 26, 147, '2019-05-04', '2019-05-07');
INSERT INTO public.room_in_booking VALUES (2210, 1748, 136, '2019-05-24', '2019-05-25');
INSERT INTO public.room_in_booking VALUES (2211, 1449, 140, '2019-03-02', '2019-03-06');
INSERT INTO public.room_in_booking VALUES (2212, 732, 107, '2019-04-03', '2019-04-13');
INSERT INTO public.room_in_booking VALUES (2213, 1495, 120, '2019-05-12', '2019-05-13');
INSERT INTO public.room_in_booking VALUES (2214, 833, 145, '2019-05-13', '2019-05-17');
INSERT INTO public.room_in_booking VALUES (2215, 1151, 72, '2019-04-15', '2019-04-19');
INSERT INTO public.room_in_booking VALUES (2216, 607, 75, '2019-03-11', '2019-03-21');
INSERT INTO public.room_in_booking VALUES (2217, 342, 138, '2019-05-26', '2019-06-03');
INSERT INTO public.room_in_booking VALUES (2218, 744, 23, '2019-05-02', '2019-05-05');
INSERT INTO public.room_in_booking VALUES (2219, 1097, 149, '2019-04-03', '2019-04-05');
INSERT INTO public.room_in_booking VALUES (2220, 1610, 171, '2019-03-28', '2019-04-03');
INSERT INTO public.room_in_booking VALUES (2221, 384, 136, '2019-05-30', '2019-06-08');
INSERT INTO public.room_in_booking VALUES (2222, 409, 110, '2019-03-10', '2019-03-17');
INSERT INTO public.room_in_booking VALUES (2223, 763, 112, '2019-03-06', '2019-03-09');
INSERT INTO public.room_in_booking VALUES (2224, 763, 44, '2019-05-28', '2019-05-31');
INSERT INTO public.room_in_booking VALUES (2225, 518, 37, '2019-03-07', '2019-03-11');
INSERT INTO public.room_in_booking VALUES (2226, 379, 122, '2019-03-05', '2019-03-11');
INSERT INTO public.room_in_booking VALUES (2227, 602, 122, '2019-05-03', '2019-05-04');
INSERT INTO public.room_in_booking VALUES (2228, 304, 127, '2019-04-17', '2019-04-19');
INSERT INTO public.room_in_booking VALUES (2229, 806, 63, '2019-04-08', '2019-04-17');
INSERT INTO public.room_in_booking VALUES (2230, 413, 139, '2019-03-17', '2019-03-18');
INSERT INTO public.room_in_booking VALUES (2231, 1553, 14, '2019-03-15', '2019-03-21');
INSERT INTO public.room_in_booking VALUES (2232, 167, 168, '2019-05-08', '2019-05-11');
INSERT INTO public.room_in_booking VALUES (2233, 1973, 86, '2019-04-30', '2019-05-04');
INSERT INTO public.room_in_booking VALUES (2234, 1908, 172, '2019-05-14', '2019-05-16');
INSERT INTO public.room_in_booking VALUES (2235, 1396, 101, '2019-05-28', '2019-05-29');
INSERT INTO public.room_in_booking VALUES (2236, 935, 134, '2019-03-29', '2019-04-07');
INSERT INTO public.room_in_booking VALUES (2237, 1049, 67, '2019-03-03', '2019-03-09');
INSERT INTO public.room_in_booking VALUES (2238, 536, 83, '2019-05-28', '2019-06-06');
INSERT INTO public.room_in_booking VALUES (2239, 1617, 109, '2019-04-21', '2019-05-01');
INSERT INTO public.room_in_booking VALUES (2240, 820, 98, '2019-05-28', '2019-06-05');
INSERT INTO public.room_in_booking VALUES (2241, 1245, 172, '2019-03-06', '2019-03-10');
INSERT INTO public.room_in_booking VALUES (2242, 637, 8, '2019-05-13', '2019-05-23');
INSERT INTO public.room_in_booking VALUES (2243, 1014, 36, '2019-05-01', '2019-05-02');
INSERT INTO public.room_in_booking VALUES (2244, 970, 93, '2019-05-25', '2019-05-31');
INSERT INTO public.room_in_booking VALUES (2245, 1402, 173, '2019-03-20', '2019-03-23');
INSERT INTO public.room_in_booking VALUES (2246, 500, 134, '2019-03-16', '2019-03-19');
INSERT INTO public.room_in_booking VALUES (2247, 1105, 80, '2019-03-11', '2019-03-17');
INSERT INTO public.room_in_booking VALUES (2248, 520, 13, '2019-04-27', '2019-04-30');
INSERT INTO public.room_in_booking VALUES (2249, 964, 83, '2019-03-03', '2019-03-09');
INSERT INTO public.room_in_booking VALUES (2250, 1712, 42, '2019-05-23', '2019-05-29');


--
-- Name: booking_id_booking_seq; Type: SEQUENCE SET; Schema: public; Owner: postgres
--

SELECT pg_catalog.setval('public.booking_id_booking_seq', 2001, false);


--
-- Name: client_id_client_seq; Type: SEQUENCE SET; Schema: public; Owner: postgres
--

SELECT pg_catalog.setval('public.client_id_client_seq', 86, false);


--
-- Name: hotel_id_hotel_seq; Type: SEQUENCE SET; Schema: public; Owner: postgres
--

SELECT pg_catalog.setval('public.hotel_id_hotel_seq', 10, false);


--
-- Name: room_category_id_room_category_seq; Type: SEQUENCE SET; Schema: public; Owner: postgres
--

SELECT pg_catalog.setval('public.room_category_id_room_category_seq', 7, false);


--
-- Name: room_id_room_seq; Type: SEQUENCE SET; Schema: public; Owner: postgres
--

SELECT pg_catalog.setval('public.room_id_room_seq', 209, false);


--
-- Name: room_in_booking_id_room_in_booking_seq; Type: SEQUENCE SET; Schema: public; Owner: postgres
--

SELECT pg_catalog.setval('public.room_in_booking_id_room_in_booking_seq', 2251, false);


--
-- Name: booking booking_pkey; Type: CONSTRAINT; Schema: public; Owner: postgres
--

ALTER TABLE ONLY public.booking
    ADD CONSTRAINT booking_pkey PRIMARY KEY (id_booking);


--
-- Name: client client_pkey; Type: CONSTRAINT; Schema: public; Owner: postgres
--

ALTER TABLE ONLY public.client
    ADD CONSTRAINT client_pkey PRIMARY KEY (id_client);


--
-- Name: hotel hotel_pkey; Type: CONSTRAINT; Schema: public; Owner: postgres
--

ALTER TABLE ONLY public.hotel
    ADD CONSTRAINT hotel_pkey PRIMARY KEY (id_hotel);


--
-- Name: room_category room_category_pkey; Type: CONSTRAINT; Schema: public; Owner: postgres
--

ALTER TABLE ONLY public.room_category
    ADD CONSTRAINT room_category_pkey PRIMARY KEY (id_room_category);


--
-- Name: room_in_booking room_in_booking_pkey; Type: CONSTRAINT; Schema: public; Owner: postgres
--

ALTER TABLE ONLY public.room_in_booking
    ADD CONSTRAINT room_in_booking_pkey PRIMARY KEY (id_room_in_booking);


--
-- Name: room room_pkey; Type: CONSTRAINT; Schema: public; Owner: postgres
--

ALTER TABLE ONLY public.room
    ADD CONSTRAINT room_pkey PRIMARY KEY (id_room);


--
-- PostgreSQL database dump complete
--

